metric_id,point,ci_lower,ci_upper,point_effective_n,finite_resamples,undefined_resamples,resample_effective_n_all_min,resample_effective_n_all_max,resample_effective_n_finite_min,resample_effective_n_finite_max
convergence|llama|blackbox_actual_ratio|L1|alpha_z,0.9164692927271803,0.9100289104431629,0.921328339966744,11222,2000,0,11041,11394,11041,11394
convergence|llama|blackbox_actual_ratio|L1|rho,0.8770583049624081,0.8704897545373836,0.8836347395603161,11222,2000,0,11041,11394,11041,11394
convergence|llama|blackbox_actual_ratio|L2|alpha_z,0.6177729721828205,0.6010024580012358,0.6347338197008529,11222,2000,0,11041,11394,11041,11394
convergence|llama|blackbox_actual_ratio|L2|rho,0.6201442365390545,0.6021650358221559,0.6377698671603905,11222,2000,0,11041,11394,11041,11394
convergence|llama|blackbox_actual_ratio|L3|alpha_z,0.887771386394825,0.882960034730881,0.8920886089388542,11222,2000,0,11041,11394,11041,11394
convergence|llama|blackbox_actual_ratio|L3|rho,0.8503525063827513,0.8445013587432372,0.8555420565990766,11222,2000,0,11041,11394,11041,11394
convergence|llama|blackbox_actual_ratio|L4|alpha_z,0.8351790044746559,0.8284103245224932,0.8422076243473446,11222,2000,0,11041,11394,11041,11394
convergence|llama|blackbox_actual_ratio|L4|rho,0.8436697689324697,0.8371446914326148,0.8502515606493846,11222,2000,0,11041,11394,11041,11394
convergence|llama|blackbox_actual_ratio|L5|alpha_z,0.7020778241988311,0.6862295684402789,0.7176139732321993,11222,2000,0,11041,11394,11041,11394
convergence|llama|blackbox_actual_ratio|L5|rho,0.6597910498699915,0.6483583088324238,0.6710147763832859,11222,2000,0,11041,11394,11041,11394
convergence|llama|blackbox_actual_ratio|item_centered|alpha_z,0.9599336366841259,0.9585432730103026,0.9612102983581632,56110,2000,0,55205,56970,55205,56970
convergence|llama|blackbox_actual_ratio|item_centered|rho,0.9653669807336983,0.9641250356070358,0.9665287468918677,56110,2000,0,55205,56970,55205,56970
convergence|llama|blackbox_actual_ratio|macro_within_level|alpha_z,0.7918540959956626,0.786255244968892,0.7973356477418727,11222,2000,0,11041,11394,11041,11394
convergence|llama|blackbox_actual_ratio|macro_within_level|rho,0.770203173337335,0.7652727619995798,0.7749244301186954,11222,2000,0,11041,11394,11041,11394
convergence|llama|blackbox_actual_ratio|pooled|alpha_z,0.9482499165604561,0.9464356151748958,0.9499162272028036,56110,2000,0,55205,56970,55205,56970
convergence|llama|blackbox_actual_ratio|pooled|rho,0.9569662446504178,0.9554122507950725,0.9583285716250614,56110,2000,0,55205,56970,55205,56970
convergence|llama|char3_coverage|L1|alpha_z,0.924059037376084,0.9205039624374339,0.9273129905733597,11222,2000,0,11041,11394,11041,11394
convergence|llama|char3_coverage|L1|rho,0.8839682442608982,0.8782086729250108,0.8896700130431162,11222,2000,0,11041,11394,11041,11394
convergence|llama|char3_coverage|L2|alpha_z,0.49524911841612695,0.4764749711305109,0.5131530176875583,11222,2000,0,11041,11394,11041,11394
convergence|llama|char3_coverage|L2|rho,0.44948300130450836,0.4301349120231817,0.46826616031281554,11222,2000,0,11041,11394,11041,11394
convergence|llama|char3_coverage|L3|alpha_z,0.8811196921540735,0.8759941421749519,0.8857180694288103,11222,2000,0,11041,11394,11041,11394
convergence|llama|char3_coverage|L3|rho,0.8418143080465532,0.8358425177110399,0.8473709357950117,11222,2000,0,11041,11394,11041,11394
convergence|llama|char3_coverage|L4|alpha_z,0.771997151488937,0.762007252883869,0.7814689733304649,11222,2000,0,11041,11394,11041,11394
convergence|llama|char3_coverage|L4|rho,0.7585842007843968,0.74928287649292,0.7676799648280135,11222,2000,0,11041,11394,11041,11394
convergence|llama|char3_coverage|L5|alpha_z,0.6546609798508816,0.6363266855089978,0.6735280580721363,11222,2000,0,11041,11394,11041,11394
convergence|llama|char3_coverage|L5|rho,0.656679037685227,0.6449833000378554,0.6684077762146716,11222,2000,0,11041,11394,11041,11394
convergence|llama|char3_coverage|item_centered|alpha_z,0.9732517814906766,0.9726569699433439,0.9738202665790264,56110,2000,0,55205,56970,55205,56970
convergence|llama|char3_coverage|item_centered|rho,0.9698165361544867,0.9690966288591375,0.9705013828082405,56110,2000,0,55205,56970,55205,56970
convergence|llama|char3_coverage|macro_within_level|alpha_z,0.7454171958572207,0.7394108786060174,0.751223374974239,11222,2000,0,11041,11394,11041,11394
convergence|llama|char3_coverage|macro_within_level|rho,0.7181057584163166,0.7128887088419278,0.7234337232629311,11222,2000,0,11041,11394,11041,11394
convergence|llama|char3_coverage|pooled|alpha_z,0.9641544465811324,0.9633611615304265,0.964905518304395,56110,2000,0,55205,56970,55205,56970
convergence|llama|char3_coverage|pooled|rho,0.961303145191239,0.9604750316834281,0.9620549961952717,56110,2000,0,55205,56970,55205,56970
convergence|llama|char5_coverage|L1|alpha_z,0.9267648631467977,0.9231311636184879,0.930194322858316,11222,2000,0,11041,11394,11041,11394
convergence|llama|char5_coverage|L1|rho,0.8907443412519348,0.8849197831520663,0.896303232935826,11222,2000,0,11041,11394,11041,11394
convergence|llama|char5_coverage|L2|alpha_z,0.5433607017133448,0.5265404796779988,0.5597251270441771,11222,2000,0,11041,11394,11041,11394
convergence|llama|char5_coverage|L2|rho,0.5312713336057922,0.5131659313778315,0.549600178159144,11222,2000,0,11041,11394,11041,11394
convergence|llama|char5_coverage|L3|alpha_z,0.8945190538117587,0.8901263848635881,0.8984741854664355,11222,2000,0,11041,11394,11041,11394
convergence|llama|char5_coverage|L3|rho,0.8628476195300812,0.857273671645504,0.8677868976559079,11222,2000,0,11041,11394,11041,11394
convergence|llama|char5_coverage|L4|alpha_z,0.8421780544013966,0.8351988765540824,0.8491033232633844,11222,2000,0,11041,11394,11041,11394
convergence|llama|char5_coverage|L4|rho,0.8462008717016625,0.8397150511103433,0.8526877432673868,11222,2000,0,11041,11394,11041,11394
convergence|llama|char5_coverage|L5|alpha_z,0.5523672758465431,0.5305363354694732,0.5743812914789856,11222,2000,0,11041,11394,11041,11394
convergence|llama|char5_coverage|L5|rho,0.5768833267356681,0.5615834232768007,0.5919472357039848,11222,2000,0,11041,11394,11041,11394
convergence|llama|char5_coverage|item_centered|alpha_z,0.9604044931337491,0.9590529401330312,0.9617485406136012,56110,2000,0,55205,56970,55205,56970
convergence|llama|char5_coverage|item_centered|rho,0.9629438196160588,0.9618285343954778,0.964000614669991,56110,2000,0,55205,56970,55205,56970
convergence|llama|char5_coverage|macro_within_level|alpha_z,0.7518379897839682,0.7462742971291326,0.7581397493302102,11222,2000,0,11041,11394,11041,11394
convergence|llama|char5_coverage|macro_within_level|rho,0.7415894985650278,0.7360709475009972,0.7470736683364254,11222,2000,0,11041,11394,11041,11394
convergence|llama|char5_coverage|pooled|alpha_z,0.9506189328082109,0.949082782522324,0.9521072569064805,56110,2000,0,55205,56970,55205,56970
convergence|llama|char5_coverage|pooled|rho,0.9565399649098099,0.9555087347305201,0.957613248648536,56110,2000,0,55205,56970,55205,56970
convergence|llama|char8_coverage|L1|alpha_z,0.9006567154449878,0.8960035373917911,0.9051314736480095,11222,2000,0,11041,11394,11041,11394
convergence|llama|char8_coverage|L1|rho,0.882379477826453,0.8762211553236153,0.8882707851585395,11222,2000,0,11041,11394,11041,11394
convergence|llama|char8_coverage|L2|alpha_z,0.5660818585162866,0.5491881509610628,0.5821293143042185,11222,2000,0,11041,11394,11041,11394
convergence|llama|char8_coverage|L2|rho,0.5620332957463835,0.5439457302341449,0.5801981765709253,11222,2000,0,11041,11394,11041,11394
convergence|llama|char8_coverage|L3|alpha_z,0.8831892337115664,0.8782428556798916,0.8876732566592485,11222,2000,0,11041,11394,11041,11394
convergence|llama|char8_coverage|L3|rho,0.8447873136745617,0.8385571369225157,0.8508777135133762,11222,2000,0,11041,11394,11041,11394
convergence|llama|char8_coverage|L4|alpha_z,0.8329436132442232,0.8264951166669993,0.8396580002970043,11222,2000,0,11041,11394,11041,11394
convergence|llama|char8_coverage|L4|rho,0.8385356256571631,0.8320514997645887,0.8447986832552501,11222,2000,0,11041,11394,11041,11394
convergence|llama|char8_coverage|L5|alpha_z,0.41789464412408905,0.3916030948775851,0.4428437276691228,11222,2000,0,11041,11394,11041,11394
convergence|llama|char8_coverage|L5|rho,0.34256089879031376,0.3177637270916658,0.3658866888354724,11222,2000,0,11041,11394,11041,11394
convergence|llama|char8_coverage|item_centered|alpha_z,0.916713239045609,0.9142017331416322,0.9190560054691302,56110,2000,0,55205,56970,55205,56970
convergence|llama|char8_coverage|item_centered|rho,0.9328649807280311,0.9304750010303287,0.9352169031735003,56110,2000,0,55205,56970,55205,56970
convergence|llama|char8_coverage|macro_within_level|alpha_z,0.7201532130082307,0.7135745730086981,0.726544381886829,11222,2000,0,11041,11394,11041,11394
convergence|llama|char8_coverage|macro_within_level|rho,0.694059322338975,0.6873594667399632,0.7009187127351789,11222,2000,0,11041,11394,11041,11394
convergence|llama|char8_coverage|pooled|alpha_z,0.9077788464825828,0.9052470250829057,0.9102996079158759,56110,2000,0,55205,56970,55205,56970
convergence|llama|char8_coverage|pooled|rho,0.9257886301107573,0.9234161823531197,0.9281761765821172,56110,2000,0,55205,56970,55205,56970
convergence|llama|output_bigram_repeat_fraction|L1|alpha_z,-0.34492973883898914,-0.3638857145702246,-0.32662594255862454,11222,2000,0,11041,11394,11041,11394
convergence|llama|output_bigram_repeat_fraction|L1|rho,-0.26054677321338987,-0.2788720425192035,-0.24175352365078717,11222,2000,0,11041,11394,11041,11394
convergence|llama|output_bigram_repeat_fraction|L2|alpha_z,0.15668126991758635,0.1359486491213614,0.17796185877579937,11222,2000,0,11041,11394,11041,11394
convergence|llama|output_bigram_repeat_fraction|L2|rho,0.15204781289327265,0.12716652159199773,0.1768980733365637,11222,2000,0,11041,11394,11041,11394
convergence|llama|output_bigram_repeat_fraction|L3|alpha_z,-0.09089461085156292,-0.11470013125627376,-0.06766409497722665,11222,2000,0,11041,11394,11041,11394
convergence|llama|output_bigram_repeat_fraction|L3|rho,-0.15969058015326695,-0.1827802591489872,-0.13755961253107926,11222,2000,0,11041,11394,11041,11394
convergence|llama|output_bigram_repeat_fraction|L4|alpha_z,-0.14596852395881532,-0.1673107126333449,-0.1242400382037125,11222,2000,0,11041,11394,11041,11394
convergence|llama|output_bigram_repeat_fraction|L4|rho,-0.14361631738243505,-0.16629665081451772,-0.12260503409305482,11222,2000,0,11041,11394,11041,11394
convergence|llama|output_bigram_repeat_fraction|L5|alpha_z,-0.4312267317531695,-0.44689602436437453,-0.41597353917970326,11222,2000,0,11041,11394,11041,11394
convergence|llama|output_bigram_repeat_fraction|L5|rho,-0.4486290065513594,-0.4661203086892452,-0.42995208098907667,11222,2000,0,11041,11394,11041,11394
convergence|llama|output_bigram_repeat_fraction|item_centered|alpha_z,0.1784477670794632,0.15898305094734994,0.1971852803990348,56110,2000,0,55205,56970,55205,56970
convergence|llama|output_bigram_repeat_fraction|item_centered|rho,0.11696119983097122,0.09725417921650903,0.13554922875653302,56110,2000,0,55205,56970,55205,56970
convergence|llama|output_bigram_repeat_fraction|macro_within_level|alpha_z,-0.1712676670969901,-0.18450111618839915,-0.15909787012202617,11222,2000,0,11041,11394,11041,11394
convergence|llama|output_bigram_repeat_fraction|macro_within_level|rho,-0.17208697288143573,-0.18518373255010365,-0.15980764529904962,11222,2000,0,11041,11394,11041,11394
convergence|llama|output_bigram_repeat_fraction|pooled|alpha_z,0.10321345390881864,0.08727678859674522,0.11789931528680249,56110,2000,0,55205,56970,55205,56970
convergence|llama|output_bigram_repeat_fraction|pooled|rho,0.05619791776320537,0.03833259901444312,0.07257237861833625,56110,2000,0,55205,56970,55205,56970
convergence|llama|output_bytes|L1|alpha_z,-0.25506285128636397,-0.27919676103896574,-0.23115265352264514,11222,2000,0,11041,11394,11041,11394
convergence|llama|output_bytes|L1|rho,-0.2360778513053309,-0.26070451573985387,-0.2115748104905068,11222,2000,0,11041,11394,11041,11394
convergence|llama|output_bytes|L2|alpha_z,-0.07849980800802125,-0.09759093220032546,-0.058242520601312256,11222,2000,0,11041,11394,11041,11394
convergence|llama|output_bytes|L2|rho,-0.18248786380302712,-0.2036980556106211,-0.16010869611019368,11222,2000,0,11041,11394,11041,11394
convergence|llama|output_bytes|L3|alpha_z,-0.6519102904890719,-0.659384631691791,-0.6441237006118192,11222,2000,0,11041,11394,11041,11394
convergence|llama|output_bytes|L3|rho,-0.6923833599540966,-0.7020870130702616,-0.6826150589638101,11222,2000,0,11041,11394,11041,11394
convergence|llama|output_bytes|L4|alpha_z,-0.5466965486750981,-0.5570961832460106,-0.5359341482410911,11222,2000,0,11041,11394,11041,11394
convergence|llama|output_bytes|L4|rho,-0.6050569352313009,-0.6173687184358599,-0.5927253556454084,11222,2000,0,11041,11394,11041,11394
convergence|llama|output_bytes|L5|alpha_z,-0.5587423440184969,-0.5701789569006197,-0.5472902344710308,11222,2000,0,11041,11394,11041,11394
convergence|llama|output_bytes|L5|rho,-0.5967183656806865,-0.6116435750943112,-0.5818773484404964,11222,2000,0,11041,11394,11041,11394
convergence|llama|output_bytes|item_centered|alpha_z,-0.2564397676752994,-0.27114904589051897,-0.2400245384928711,56110,2000,0,55205,56970,55205,56970
convergence|llama|output_bytes|item_centered|rho,-0.19454405039611167,-0.21328468244896254,-0.17415241835934042,56110,2000,0,55205,56970,55205,56970
convergence|llama|output_bytes|macro_within_level|alpha_z,-0.41818236849541035,-0.4257492546264958,-0.4101946635920811,11222,2000,0,11041,11394,11041,11394
convergence|llama|output_bytes|macro_within_level|rho,-0.4625448751948884,-0.4708043994749879,-0.4535701314470907,11222,2000,0,11041,11394,11041,11394
convergence|llama|output_bytes|pooled|alpha_z,-0.2975654513750996,-0.31070419729673926,-0.28304080424407424,56110,2000,0,55205,56970,55205,56970
convergence|llama|output_bytes|pooled|rho,-0.28232906947027336,-0.29893211672107733,-0.2639399837797884,56110,2000,0,55205,56970,55205,56970
convergence|llama|output_self_bits_per_byte|L1|alpha_z,0.2945063643084571,0.27599816459269794,0.3132615046637169,11222,2000,0,11041,11394,11041,11394
convergence|llama|output_self_bits_per_byte|L1|rho,0.24743133057397573,0.22746736731329642,0.2662209240698076,11222,2000,0,11041,11394,11041,11394
convergence|llama|output_self_bits_per_byte|L2|alpha_z,0.04365642096456035,0.01522824670699127,0.07223504027163875,11222,2000,0,11041,11394,11041,11394
convergence|llama|output_self_bits_per_byte|L2|rho,-0.004035092722362032,-0.0315843204572316,0.021754036844009308,11222,2000,0,11041,11394,11041,11394
convergence|llama|output_self_bits_per_byte|L3|alpha_z,0.4260755305353904,0.4053419679584242,0.44647459913547205,11222,2000,0,11041,11394,11041,11394
convergence|llama|output_self_bits_per_byte|L3|rho,0.3926905052924732,0.3730791224699653,0.4132741989417533,11222,2000,0,11041,11394,11041,11394
convergence|llama|output_self_bits_per_byte|L4|alpha_z,0.2491056396116581,0.22835998797186688,0.26922136738928465,11222,2000,0,11041,11394,11041,11394
convergence|llama|output_self_bits_per_byte|L4|rho,0.22487107365129708,0.204178946307636,0.24561677389173417,11222,2000,0,11041,11394,11041,11394
convergence|llama|output_self_bits_per_byte|L5|alpha_z,0.6154537411355699,0.59766256599562,0.633500711740203,11222,2000,0,11041,11394,11041,11394
convergence|llama|output_self_bits_per_byte|L5|rho,0.5467698135735726,0.5295253139328095,0.5638129858334094,11222,2000,0,11041,11394,11041,11394
convergence|llama|output_self_bits_per_byte|item_centered|alpha_z,0.11433594300497174,0.09427167286637192,0.13529105028392166,56110,2000,0,55205,56970,55205,56970
convergence|llama|output_self_bits_per_byte|item_centered|rho,0.12171539900673871,0.10373977743279593,0.139404436209439,56110,2000,0,55205,56970,55205,56970
convergence|llama|output_self_bits_per_byte|macro_within_level|alpha_z,0.32575953931112717,0.3132346082998419,0.33883834865580253,11222,2000,0,11041,11394,11041,11394
convergence|llama|output_self_bits_per_byte|macro_within_level|rho,0.2815455260737913,0.26900987874459503,0.293985908912106,11222,2000,0,11041,11394,11041,11394
convergence|llama|output_self_bits_per_byte|pooled|alpha_z,0.1336982718724944,0.11659405382870458,0.15065694623782291,56110,2000,0,55205,56970,55205,56970
convergence|llama|output_self_bits_per_byte|pooled|rho,0.12121466440999323,0.10340086118493344,0.13831305594292462,56110,2000,0,55205,56970,55205,56970
convergence|llama|output_type_token_ratio|L1|alpha_z,0.23728137278323713,0.2195528704136501,0.254884521055716,11222,2000,0,11041,11394,11041,11394
convergence|llama|output_type_token_ratio|L1|rho,0.17085618088519378,0.15061925071856452,0.19145704841820108,11222,2000,0,11041,11394,11041,11394
convergence|llama|output_type_token_ratio|L2|alpha_z,-0.09504166726578034,-0.12142600919582724,-0.07018832450293393,11222,2000,0,11041,11394,11041,11394
convergence|llama|output_type_token_ratio|L2|rho,-0.10782389537080296,-0.13496862215376196,-0.0828656332630606,11222,2000,0,11041,11394,11041,11394
convergence|llama|output_type_token_ratio|L3|alpha_z,0.33378982951961644,0.3125036661665716,0.3554141432500084,11222,2000,0,11041,11394,11041,11394
convergence|llama|output_type_token_ratio|L3|rho,0.3243993154302649,0.30372846525536973,0.3455912475371231,11222,2000,0,11041,11394,11041,11394
convergence|llama|output_type_token_ratio|L4|alpha_z,0.30895237015616317,0.2891258254476218,0.328716593427094,11222,2000,0,11041,11394,11041,11394
convergence|llama|output_type_token_ratio|L4|rho,0.2882035422388333,0.2682273631712957,0.30851066421689255,11222,2000,0,11041,11394,11041,11394
convergence|llama|output_type_token_ratio|L5|alpha_z,0.6202330453159028,0.6070081636608673,0.632774623134557,11222,2000,0,11041,11394,11041,11394
convergence|llama|output_type_token_ratio|L5|rho,0.5684700874404252,0.5543950923570122,0.5825575340069588,11222,2000,0,11041,11394,11041,11394
convergence|llama|output_type_token_ratio|item_centered|alpha_z,0.032597483352537426,0.011765835914835062,0.054271925418195054,56110,2000,0,55205,56970,55205,56970
convergence|llama|output_type_token_ratio|item_centered|rho,0.02491479228204777,0.0054513978646349905,0.04455765377215796,56110,2000,0,55205,56970,55205,56970
convergence|llama|output_type_token_ratio|macro_within_level|alpha_z,0.28104299010182787,0.26907979501486845,0.2934211680302331,11222,2000,0,11041,11394,11041,11394
convergence|llama|output_type_token_ratio|macro_within_level|rho,0.24882104612478284,0.23669869967686602,0.260640562720678,11222,2000,0,11041,11394,11041,11394
convergence|llama|output_type_token_ratio|pooled|alpha_z,0.05268968538045993,0.03576198507383182,0.0708144964179456,56110,2000,0,55205,56970,55205,56970
convergence|llama|output_type_token_ratio|pooled|rho,0.041561212341127335,0.024228731638106474,0.059769606454588085,56110,2000,0,55205,56970,55205,56970
convergence|llama|output_words|L1|alpha_z,-0.1816036011867994,-0.20602107412367343,-0.1587392030806886,11222,2000,0,11041,11394,11041,11394
convergence|llama|output_words|L1|rho,-0.169862346407939,-0.1941390203274773,-0.14550380319403214,11222,2000,0,11041,11394,11041,11394
convergence|llama|output_words|L2|alpha_z,-0.049735876654556366,-0.06915947231238244,-0.029955000797442153,11222,2000,0,11041,11394,11041,11394
convergence|llama|output_words|L2|rho,-0.14571869401333784,-0.16713825703352272,-0.12273704896074564,11222,2000,0,11041,11394,11041,11394
convergence|llama|output_words|L3|alpha_z,-0.6711013600037479,-0.6781357486723895,-0.6635456048816167,11222,2000,0,11041,11394,11041,11394
convergence|llama|output_words|L3|rho,-0.698679528005694,-0.7077408670646901,-0.6891269696331979,11222,2000,0,11041,11394,11041,11394
convergence|llama|output_words|L4|alpha_z,-0.5861950503575921,-0.59546791878095,-0.5765866932025617,11222,2000,0,11041,11394,11041,11394
convergence|llama|output_words|L4|rho,-0.6512262591302316,-0.6622865354486769,-0.6399344156217378,11222,2000,0,11041,11394,11041,11394
convergence|llama|output_words|L5|alpha_z,-0.5874908379980823,-0.5984884776924382,-0.5766970787536333,11222,2000,0,11041,11394,11041,11394
convergence|llama|output_words|L5|rho,-0.6177598590640131,-0.6316324671411643,-0.6034083673225498,11222,2000,0,11041,11394,11041,11394
convergence|llama|output_words|item_centered|alpha_z,-0.22470173462349097,-0.24144227633977694,-0.20637652877838444,56110,2000,0,55205,56970,55205,56970
convergence|llama|output_words|item_centered|rho,-0.16347419859172552,-0.1831529891535176,-0.1423961113711487,56110,2000,0,55205,56970,55205,56970
convergence|llama|output_words|macro_within_level|alpha_z,-0.41522534524015564,-0.42276901992777627,-0.4072480945752737,11222,2000,0,11041,11394,11041,11394
convergence|llama|output_words|macro_within_level|rho,-0.4566493373242431,-0.4649044121390023,-0.44761073755759784,11222,2000,0,11041,11394,11041,11394
convergence|llama|output_words|pooled|alpha_z,-0.2662677482458642,-0.2812665134291623,-0.24976420424167667,56110,2000,0,55205,56970,55205,56970
convergence|llama|output_words|pooled|rho,-0.25837962237385814,-0.27559411894443936,-0.23958908070642118,56110,2000,0,55205,56970,55205,56970
convergence|llama|prompt_bytes|L1|alpha_z,0.2459624033169603,0.23335604633536564,0.2584301026944066,11222,2000,0,11041,11394,11041,11394
convergence|llama|prompt_bytes|L1|rho,0.23740635475068964,0.22047218758908635,0.25473716186622153,11222,2000,0,11041,11394,11041,11394
convergence|llama|prompt_bytes|L2|alpha_z,-0.057026094347072176,-0.07512281890928915,-0.03802412409745786,11222,2000,0,11041,11394,11041,11394
convergence|llama|prompt_bytes|L2|rho,-0.10418812966510632,-0.1247936545060765,-0.08326572270304941,11222,2000,0,11041,11394,11041,11394
convergence|llama|prompt_bytes|L3|alpha_z,0.024996005414092304,0.005431868904361728,0.04320272705838559,11222,2000,0,11041,11394,11041,11394
convergence|llama|prompt_bytes|L3|rho,0.060232446107943136,0.04156100958812519,0.07956952198084588,11222,2000,0,11041,11394,11041,11394
convergence|llama|prompt_bytes|L4|alpha_z,0.023695056819586835,0.00517226531550673,0.042723545409078155,11222,2000,0,11041,11394,11041,11394
convergence|llama|prompt_bytes|L4|rho,0.007906448899835968,-0.01014431531385259,0.026973660521449228,11222,2000,0,11041,11394,11041,11394
convergence|llama|prompt_bytes|L5|alpha_z,0.2639865106766166,0.23719108474421408,0.29025854158541564,11222,2000,0,11041,11394,11041,11394
convergence|llama|prompt_bytes|L5|rho,0.23178191720434288,0.20255333109748214,0.26059967266609113,11222,2000,0,11041,11394,11041,11394
convergence|llama|prompt_bytes|item_centered|alpha_z,0.7043333470790258,0.6993867909792184,0.7096608724817615,56110,2000,0,55205,56970,55205,56970
convergence|llama|prompt_bytes|item_centered|rho,0.8010452145205486,0.7973304590073723,0.8048321533874965,56110,2000,0,55205,56970,55205,56970
convergence|llama|prompt_bytes|macro_within_level|alpha_z,0.10032277637603677,0.09045433859656658,0.11061074944895015,11222,2000,0,11041,11394,11041,11394
convergence|llama|prompt_bytes|macro_within_level|rho,0.08662780745954106,0.0759437791872973,0.09758871595134722,11222,2000,0,11041,11394,11041,11394
convergence|llama|prompt_bytes|pooled|alpha_z,0.6255124824499112,0.6199601713280201,0.6315529123627881,56110,2000,0,55205,56970,55205,56970
convergence|llama|prompt_bytes|pooled|rho,0.805503448671821,0.7996675070193036,0.8111334553593973,56110,2000,0,55205,56970,55205,56970
convergence|llama|prompt_to_output_byte_ratio|L1|alpha_z,0.7905183475723356,0.7717350927666128,0.8079851028652483,11222,2000,0,11041,11394,11041,11394
convergence|llama|prompt_to_output_byte_ratio|L1|rho,0.6289130764639703,0.61596883754884,0.6413604173832499,11222,2000,0,11041,11394,11041,11394
convergence|llama|prompt_to_output_byte_ratio|L2|alpha_z,0.17063768964574255,0.12408680332200048,0.21686770533005287,11222,2000,0,11041,11394,11041,11394
convergence|llama|prompt_to_output_byte_ratio|L2|rho,0.21881229505417574,0.19392889951079728,0.24239923167047014,11222,2000,0,11041,11394,11041,11394
convergence|llama|prompt_to_output_byte_ratio|L3|alpha_z,0.8563567848825431,0.850325104104314,0.8617400018306407,11222,2000,0,11041,11394,11041,11394
convergence|llama|prompt_to_output_byte_ratio|L3|rho,0.8135577403494227,0.8066607266542738,0.8199997745346014,11222,2000,0,11041,11394,11041,11394
convergence|llama|prompt_to_output_byte_ratio|L4|alpha_z,0.6926694380015128,0.6785612448803793,0.7060540474935313,11222,2000,0,11041,11394,11041,11394
convergence|llama|prompt_to_output_byte_ratio|L4|rho,0.6864874084185089,0.67428353587505,0.6981905295673398,11222,2000,0,11041,11394,11041,11394
convergence|llama|prompt_to_output_byte_ratio|L5|alpha_z,0.6630466233796819,0.637169309884549,0.6862592780739973,11222,2000,0,11041,11394,11041,11394
convergence|llama|prompt_to_output_byte_ratio|L5|rho,0.6481570889049079,0.6358015370343824,0.6601019073240828,11222,2000,0,11041,11394,11041,11394
convergence|llama|prompt_to_output_byte_ratio|item_centered|alpha_z,0.9087733343593284,0.9045217250156685,0.9126479348289316,56110,2000,0,55205,56970,55205,56970
convergence|llama|prompt_to_output_byte_ratio|item_centered|rho,0.921687950647933,0.9201780126781357,0.9232479965498983,56110,2000,0,55205,56970,55205,56970
convergence|llama|prompt_to_output_byte_ratio|macro_within_level|alpha_z,0.6346457766963632,0.6229126180986331,0.6464534609890441,11222,2000,0,11041,11394,11041,11394
convergence|llama|prompt_to_output_byte_ratio|macro_within_level|rho,0.5991855218381972,0.5919294785280916,0.605881869494183,11222,2000,0,11041,11394,11041,11394
convergence|llama|prompt_to_output_byte_ratio|pooled|alpha_z,0.8941760426099389,0.8891330885558938,0.8985604446612244,56110,2000,0,55205,56970,55205,56970
convergence|llama|prompt_to_output_byte_ratio|pooled|rho,0.9254416237658212,0.9239951577155929,0.9267932693218929,56110,2000,0,55205,56970,55205,56970
convergence|llama|prompt_words|L1|alpha_z,0.24672032753221096,0.23424286234700425,0.25931468492808857,11222,2000,0,11041,11394,11041,11394
convergence|llama|prompt_words|L1|rho,0.24727077658733912,0.2308360650614747,0.26406841889353644,11222,2000,0,11041,11394,11041,11394
convergence|llama|prompt_words|L2|alpha_z,-0.06163108636891956,-0.07998295533241212,-0.042696534010039706,11222,2000,0,11041,11394,11041,11394
convergence|llama|prompt_words|L2|rho,-0.1151797484663341,-0.13579607442157166,-0.09408923909544678,11222,2000,0,11041,11394,11041,11394
convergence|llama|prompt_words|L3|alpha_z,0.0682816115875533,0.0484802114494047,0.08711861745136848,11222,2000,0,11041,11394,11041,11394
convergence|llama|prompt_words|L3|rho,0.10333748465644216,0.08377480595610934,0.12195667462813117,11222,2000,0,11041,11394,11041,11394
convergence|llama|prompt_words|L4|alpha_z,0.0736557453579526,0.05496885111195803,0.09307890695971723,11222,2000,0,11041,11394,11041,11394
convergence|llama|prompt_words|L4|rho,0.053710683770736546,0.03566883602588131,0.07328200084451121,11222,2000,0,11041,11394,11041,11394
convergence|llama|prompt_words|L5|alpha_z,0.32875858351346066,0.3050938833748197,0.35156431653562226,11222,2000,0,11041,11394,11041,11394
convergence|llama|prompt_words|L5|rho,0.3491889795468589,0.3220293886100137,0.3745285232363579,11222,2000,0,11041,11394,11041,11394
convergence|llama|prompt_words|item_centered|alpha_z,0.7071106102659128,0.7022787901166557,0.7122748138103528,56110,2000,0,55205,56970,55205,56970
convergence|llama|prompt_words|item_centered|rho,0.8007415430050381,0.7972443084850662,0.8043933954463581,56110,2000,0,55205,56970,55205,56970
convergence|llama|prompt_words|macro_within_level|alpha_z,0.13115703632445158,0.12125423084117748,0.14157087030493276,11222,2000,0,11041,11394,11041,11394
convergence|llama|prompt_words|macro_within_level|rho,0.12766563521900853,0.11683144269615982,0.13843687521931827,11222,2000,0,11041,11394,11041,11394
convergence|llama|prompt_words|pooled|alpha_z,0.6278384947794624,0.6222168076237404,0.6337136739469138,56110,2000,0,55205,56970,55205,56970
convergence|llama|prompt_words|pooled|rho,0.8153150000834309,0.8096518169211613,0.8208857194891566,56110,2000,0,55205,56970,55205,56970
convergence|llama|rouge_l_recall|L1|alpha_z,0.9435934139467101,0.9394094832493979,0.9472267788784915,11222,2000,0,11041,11394,11041,11394
convergence|llama|rouge_l_recall|L1|rho,0.9118794303156187,0.9060075819921907,0.9176966529617064,11222,2000,0,11041,11394,11041,11394
convergence|llama|rouge_l_recall|L2|alpha_z,0.6941539527615475,0.6823124549852921,0.7063225899282378,11222,2000,0,11041,11394,11041,11394
convergence|llama|rouge_l_recall|L2|rho,0.6844532012704119,0.6711852740924209,0.6982124474417617,11222,2000,0,11041,11394,11041,11394
convergence|llama|rouge_l_recall|L3|alpha_z,0.9035728230256982,0.8995591287593186,0.9071350840245695,11222,2000,0,11041,11394,11041,11394
convergence|llama|rouge_l_recall|L3|rho,0.8796764771115382,0.8745747767752284,0.8842075231281157,11222,2000,0,11041,11394,11041,11394
convergence|llama|rouge_l_recall|L4|alpha_z,0.8473112550574768,0.8406444046261277,0.8539007669735469,11222,2000,0,11041,11394,11041,11394
convergence|llama|rouge_l_recall|L4|rho,0.8580379326529561,0.8517962351453727,0.8641866555473082,11222,2000,0,11041,11394,11041,11394
convergence|llama|rouge_l_recall|L5|alpha_z,0.6068413173948753,0.5811805776953922,0.6346605564239576,11222,2000,0,11041,11394,11041,11394
convergence|llama|rouge_l_recall|L5|rho,0.666910525253743,0.6553559294386451,0.6785358308981246,11222,2000,0,11041,11394,11041,11394
convergence|llama|rouge_l_recall|item_centered|alpha_z,0.9691066569215513,0.9681604761217734,0.9699672175124457,56110,2000,0,55205,56970,55205,56970
convergence|llama|rouge_l_recall|item_centered|rho,0.9723192591944333,0.9715759862447332,0.973048585595411,56110,2000,0,55205,56970,55205,56970
convergence|llama|rouge_l_recall|macro_within_level|alpha_z,0.7990945524372617,0.7930397141754746,0.8056480617719493,11222,2000,0,11041,11394,11041,11394
convergence|llama|rouge_l_recall|macro_within_level|rho,0.8001915133208536,0.796031234523623,0.8044072707760476,11222,2000,0,11041,11394,11041,11394
convergence|llama|rouge_l_recall|pooled|alpha_z,0.9626949028330394,0.9616929691480063,0.963672450303397,56110,2000,0,55205,56970,55205,56970
convergence|llama|rouge_l_recall|pooled|rho,0.9707295420490731,0.9700241743608204,0.9714002521680236,56110,2000,0,55205,56970,55205,56970
convergence|llama|word_bigram_coverage|L1|alpha_z,0.9042477213831737,0.8983984871511564,0.9094542954546038,11222,2000,0,11041,11394,11041,11394
convergence|llama|word_bigram_coverage|L1|rho,0.89900046858461,0.8925383958853492,0.9051072916943984,11222,2000,0,11041,11394,11041,11394
convergence|llama|word_bigram_coverage|L2|alpha_z,0.5817702980578372,0.5668394682365999,0.5972808367423702,11222,2000,0,11041,11394,11041,11394
convergence|llama|word_bigram_coverage|L2|rho,0.5727842822473667,0.5564547388250919,0.5898792868850784,11222,2000,0,11041,11394,11041,11394
convergence|llama|word_bigram_coverage|L3|alpha_z,0.8790865227927802,0.8741687985807314,0.8837273734667942,11222,2000,0,11041,11394,11041,11394
convergence|llama|word_bigram_coverage|L3|rho,0.8402583738858613,0.8337441357940972,0.8464358279033234,11222,2000,0,11041,11394,11041,11394
convergence|llama|word_bigram_coverage|L4|alpha_z,0.8067920810786904,0.7989057470845093,0.814906349678486,11222,2000,0,11041,11394,11041,11394
convergence|llama|word_bigram_coverage|L4|rho,0.8083425689744507,0.8005791049806454,0.8160431920613821,11222,2000,0,11041,11394,11041,11394
convergence|llama|word_bigram_coverage|L5|alpha_z,0.2974094588896353,0.2711341235758247,0.3260468023115399,11222,2000,0,11041,11394,11041,11394
convergence|llama|word_bigram_coverage|L5|rho,0.17884477280132968,0.15432060581702897,0.20393010383852128,11222,2000,0,11041,11394,11041,11394
convergence|llama|word_bigram_coverage|item_centered|alpha_z,0.9132070626473856,0.9107319302581058,0.9153682108503789,56110,2000,0,55205,56970,55205,56970
convergence|llama|word_bigram_coverage|item_centered|rho,0.9335199255887344,0.9313790017993729,0.9354852916025042,56110,2000,0,55205,56970,55205,56970
convergence|llama|word_bigram_coverage|macro_within_level|alpha_z,0.6938612164404233,0.6869662226306329,0.7011785092187267,11222,2000,0,11041,11394,11041,11394
convergence|llama|word_bigram_coverage|macro_within_level|rho,0.6598460932987237,0.6525699086183411,0.6671151338792971,11222,2000,0,11041,11394,11041,11394
convergence|llama|word_bigram_coverage|pooled|alpha_z,0.9062856284457208,0.9038151238194044,0.9085452419211718,56110,2000,0,55205,56970,55205,56970
convergence|llama|word_bigram_coverage|pooled|rho,0.9294564421139192,0.9275269661849137,0.9313729830477246,56110,2000,0,55205,56970,55205,56970
convergence|llama|word_token_coverage|L1|alpha_z,0.92615627753368,0.9211487132352724,0.9301954476062481,11222,2000,0,11041,11394,11041,11394
convergence|llama|word_token_coverage|L1|rho,0.8884153121886778,0.881477198041566,0.894765735425716,11222,2000,0,11041,11394,11041,11394
convergence|llama|word_token_coverage|L2|alpha_z,0.5376795586511836,0.520959358947757,0.5542836671829723,11222,2000,0,11041,11394,11041,11394
convergence|llama|word_token_coverage|L2|rho,0.503099437927838,0.48513630233524213,0.5214119241928967,11222,2000,0,11041,11394,11041,11394
convergence|llama|word_token_coverage|L3|alpha_z,0.8880174826502517,0.8832655938659767,0.8922547284931862,11222,2000,0,11041,11394,11041,11394
convergence|llama|word_token_coverage|L3|rho,0.8530636027755437,0.8473458635390336,0.8580365329862972,11222,2000,0,11041,11394,11041,11394
convergence|llama|word_token_coverage|L4|alpha_z,0.8157444689643248,0.8074422125264653,0.8240037547071848,11222,2000,0,11041,11394,11041,11394
convergence|llama|word_token_coverage|L4|rho,0.8203163777843463,0.8126366098942962,0.8278786018877717,11222,2000,0,11041,11394,11041,11394
convergence|llama|word_token_coverage|L5|alpha_z,0.6515187836056854,0.6310348627489413,0.6741722269080426,11222,2000,0,11041,11394,11041,11394
convergence|llama|word_token_coverage|L5|rho,0.685502913414273,0.6743842254364609,0.6965675147704585,11222,2000,0,11041,11394,11041,11394
convergence|llama|word_token_coverage|item_centered|alpha_z,0.9772360528186318,0.9765336016995073,0.9778804126699939,56110,2000,0,55205,56970,55205,56970
convergence|llama|word_token_coverage|item_centered|rho,0.9721986460142961,0.9714257772196477,0.9729214689507456,56110,2000,0,55205,56970,55205,56970
convergence|llama|word_token_coverage|macro_within_level|alpha_z,0.7638233142810251,0.7579367547754334,0.7702563986469336,11222,2000,0,11041,11394,11041,11394
convergence|llama|word_token_coverage|macro_within_level|rho,0.7500795288181358,0.7450253300018241,0.7552576808433309,11222,2000,0,11041,11394,11041,11394
convergence|llama|word_token_coverage|pooled|alpha_z,0.9670371166948288,0.9661166009940364,0.9678931468026154,56110,2000,0,55205,56970,55205,56970
convergence|llama|word_token_coverage|pooled|rho,0.9658768497728358,0.965105868284423,0.9666167382777154,56110,2000,0,55205,56970,55205,56970
convergence|llama|word_type_coverage|L1|alpha_z,0.9382251310488604,0.9333503838947451,0.9423385938819463,11222,2000,0,11041,11394,11041,11394
convergence|llama|word_type_coverage|L1|rho,0.9039465369542138,0.8976742511235372,0.9099072441758843,11222,2000,0,11041,11394,11041,11394
convergence|llama|word_type_coverage|L2|alpha_z,0.5583369749520635,0.5425533119300139,0.5734607761508158,11222,2000,0,11041,11394,11041,11394
convergence|llama|word_type_coverage|L2|rho,0.5332297676983323,0.5161726723180369,0.5497336625972497,11222,2000,0,11041,11394,11041,11394
convergence|llama|word_type_coverage|L3|alpha_z,0.8891726470457206,0.8842655388932672,0.8936185450558394,11222,2000,0,11041,11394,11041,11394
convergence|llama|word_type_coverage|L3|rho,0.8571525940472252,0.8513238954398858,0.8625406806167493,11222,2000,0,11041,11394,11041,11394
convergence|llama|word_type_coverage|L4|alpha_z,0.8522342764626206,0.8459384406467454,0.8585499373685461,11222,2000,0,11041,11394,11041,11394
convergence|llama|word_type_coverage|L4|rho,0.8603462689918558,0.8543673367682627,0.8659756147215816,11222,2000,0,11041,11394,11041,11394
convergence|llama|word_type_coverage|L5|alpha_z,0.6653488736572777,0.6485601206014588,0.6836611176128451,11222,2000,0,11041,11394,11041,11394
convergence|llama|word_type_coverage|L5|rho,0.7012965447901335,0.690340189937897,0.711815021907109,11222,2000,0,11041,11394,11041,11394
convergence|llama|word_type_coverage|item_centered|alpha_z,0.9659347840874889,0.9649116277112155,0.9668882554695266,56110,2000,0,55205,56970,55205,56970
convergence|llama|word_type_coverage|item_centered|rho,0.9662724766558962,0.9654033391030757,0.9671045248032164,56110,2000,0,55205,56970,55205,56970
convergence|llama|word_type_coverage|macro_within_level|alpha_z,0.7806635806333085,0.775323481960127,0.786117373615392,11222,2000,0,11041,11394,11041,11394
convergence|llama|word_type_coverage|macro_within_level|rho,0.7711943424963521,0.7660234167041633,0.7761179029255584,11222,2000,0,11041,11394,11041,11394
convergence|llama|word_type_coverage|pooled|alpha_z,0.9559579215034485,0.9548008798107859,0.9570867692928653,56110,2000,0,55205,56970,55205,56970
convergence|llama|word_type_coverage|pooled|rho,0.957156408153234,0.9560902414955029,0.9581438964612982,56110,2000,0,55205,56970,55205,56970
convergence|mixtral|blackbox_actual_ratio|L1|alpha_z,0.9043412504784104,0.8962148333485084,0.9117198145591161,11222,2000,0,11041,11394,11041,11394
convergence|mixtral|blackbox_actual_ratio|L1|rho,0.869183677167195,0.8613162625486986,0.8766997970097682,11222,2000,0,11041,11394,11041,11394
convergence|mixtral|blackbox_actual_ratio|L2|alpha_z,0.5096649939031881,0.48830480232215595,0.5305535764506802,11222,2000,0,11041,11394,11041,11394
convergence|mixtral|blackbox_actual_ratio|L2|rho,0.4961292693927036,0.474478270563344,0.5189670726425406,11222,2000,0,11041,11394,11041,11394
convergence|mixtral|blackbox_actual_ratio|L3|alpha_z,0.8986240768160513,0.8941763324310897,0.9028868828684201,11222,2000,0,11041,11394,11041,11394
convergence|mixtral|blackbox_actual_ratio|L3|rho,0.8711158517569939,0.8656376795758185,0.8762258782299817,11222,2000,0,11041,11394,11041,11394
convergence|mixtral|blackbox_actual_ratio|L4|alpha_z,0.8395883939648929,0.832348293279828,0.8463578054153926,11222,2000,0,11041,11394,11041,11394
convergence|mixtral|blackbox_actual_ratio|L4|rho,0.8495150688209623,0.8428126685604773,0.8561329847153616,11222,2000,0,11041,11394,11041,11394
convergence|mixtral|blackbox_actual_ratio|L5|alpha_z,0.7560737715778942,0.743962660801536,0.7677421129007441,11222,2000,0,11041,11394,11041,11394
convergence|mixtral|blackbox_actual_ratio|L5|rho,0.7156413263923489,0.7054923403703702,0.7260965824785657,11222,2000,0,11041,11394,11041,11394
convergence|mixtral|blackbox_actual_ratio|item_centered|alpha_z,0.963579459134198,0.9618373779793568,0.9651896250512358,56110,2000,0,55205,56970,55205,56970
convergence|mixtral|blackbox_actual_ratio|item_centered|rho,0.9648403447233319,0.9633443273139295,0.9662966381128985,56110,2000,0,55205,56970,55205,56970
convergence|mixtral|blackbox_actual_ratio|macro_within_level|alpha_z,0.7816584973480873,0.7756486157013374,0.7879257917517816,11222,2000,0,11041,11394,11041,11394
convergence|mixtral|blackbox_actual_ratio|macro_within_level|rho,0.7603170387060407,0.7544187873548154,0.766189283066362,11222,2000,0,11041,11394,11041,11394
convergence|mixtral|blackbox_actual_ratio|pooled|alpha_z,0.9497031758828525,0.9476028367701124,0.9518039894221989,56110,2000,0,55205,56970,55205,56970
convergence|mixtral|blackbox_actual_ratio|pooled|rho,0.9563448913917774,0.9545296239582147,0.9580015218425456,56110,2000,0,55205,56970,55205,56970
convergence|mixtral|char3_coverage|L1|alpha_z,0.8990025668548254,0.8914950370220748,0.905492234217523,11222,2000,0,11041,11394,11041,11394
convergence|mixtral|char3_coverage|L1|rho,0.8678781727119086,0.8596011996938,0.8757382995948021,11222,2000,0,11041,11394,11041,11394
convergence|mixtral|char3_coverage|L2|alpha_z,0.3997969375717423,0.37849162628288946,0.42166614506879013,11222,2000,0,11041,11394,11041,11394
convergence|mixtral|char3_coverage|L2|rho,0.3549811239832702,0.3333741219813356,0.37670081243631337,11222,2000,0,11041,11394,11041,11394
convergence|mixtral|char3_coverage|L3|alpha_z,0.8918441140773331,0.8871713892979751,0.8963029200901602,11222,2000,0,11041,11394,11041,11394
convergence|mixtral|char3_coverage|L3|rho,0.8545617411018027,0.8485072015575512,0.860005096790713,11222,2000,0,11041,11394,11041,11394
convergence|mixtral|char3_coverage|L4|alpha_z,0.7636596613821816,0.7533529328155504,0.7733370193167398,11222,2000,0,11041,11394,11041,11394
convergence|mixtral|char3_coverage|L4|rho,0.753402482305869,0.7436396315623445,0.7625835075729153,11222,2000,0,11041,11394,11041,11394
convergence|mixtral|char3_coverage|L5|alpha_z,0.7417595142717759,0.7290708970429215,0.752874816136055,11222,2000,0,11041,11394,11041,11394
convergence|mixtral|char3_coverage|L5|rho,0.7086260996867008,0.698028919956911,0.7186199756568958,11222,2000,0,11041,11394,11041,11394
convergence|mixtral|char3_coverage|item_centered|alpha_z,0.9656682860744341,0.9647200049758611,0.9665553145148948,56110,2000,0,55205,56970,55205,56970
convergence|mixtral|char3_coverage|item_centered|rho,0.9650240343588747,0.9641053042112738,0.9658870910617762,56110,2000,0,55205,56970,55205,56970
convergence|mixtral|char3_coverage|macro_within_level|alpha_z,0.7392125588315717,0.733010555870484,0.7456444082296814,11222,2000,0,11041,11394,11041,11394
convergence|mixtral|char3_coverage|macro_within_level|rho,0.7078899239579103,0.702065931690325,0.7141837677332222,11222,2000,0,11041,11394,11041,11394
convergence|mixtral|char3_coverage|pooled|alpha_z,0.954248699125361,0.9529843130467739,0.9554144262201278,56110,2000,0,55205,56970,55205,56970
convergence|mixtral|char3_coverage|pooled|rho,0.9582597167148419,0.9572298656153704,0.9591833784644841,56110,2000,0,55205,56970,55205,56970
convergence|mixtral|char5_coverage|L1|alpha_z,0.9058133730215301,0.8980169515668498,0.9129787978074243,11222,2000,0,11041,11394,11041,11394
convergence|mixtral|char5_coverage|L1|rho,0.8735876170686372,0.865380651449667,0.8812171922952897,11222,2000,0,11041,11394,11041,11394
convergence|mixtral|char5_coverage|L2|alpha_z,0.4371778885162846,0.4160802887480903,0.45861365014099625,11222,2000,0,11041,11394,11041,11394
convergence|mixtral|char5_coverage|L2|rho,0.4164491655709159,0.3943396619730774,0.4394503192808525,11222,2000,0,11041,11394,11041,11394
convergence|mixtral|char5_coverage|L3|alpha_z,0.9019877082457856,0.8977411412073799,0.9060119642598534,11222,2000,0,11041,11394,11041,11394
convergence|mixtral|char5_coverage|L3|rho,0.8750257714763435,0.8696177605011352,0.8800368388937366,11222,2000,0,11041,11394,11041,11394
convergence|mixtral|char5_coverage|L4|alpha_z,0.8348355941732037,0.827517962516727,0.8424064133796754,11222,2000,0,11041,11394,11041,11394
convergence|mixtral|char5_coverage|L4|rho,0.8434023467730148,0.8361083343676629,0.8505200156694266,11222,2000,0,11041,11394,11041,11394
convergence|mixtral|char5_coverage|L5|alpha_z,0.6807330257086057,0.6663672317702277,0.6946901594397219,11222,2000,0,11041,11394,11041,11394
convergence|mixtral|char5_coverage|L5|rho,0.6336073096555777,0.6201544175088705,0.647253026582906,11222,2000,0,11041,11394,11041,11394
convergence|mixtral|char5_coverage|item_centered|alpha_z,0.9619374727400477,0.9600534846966696,0.963675572821779,56110,2000,0,55205,56970,55205,56970
convergence|mixtral|char5_coverage|item_centered|rho,0.9610209089279735,0.959583442855419,0.9623797021485194,56110,2000,0,55205,56970,55205,56970
convergence|mixtral|char5_coverage|macro_within_level|alpha_z,0.7521095179330819,0.7460904829048515,0.7583185645153782,11222,2000,0,11041,11394,11041,11394
convergence|mixtral|char5_coverage|macro_within_level|rho,0.7284144421088978,0.7222731511901778,0.7348992708245002,11222,2000,0,11041,11394,11041,11394
convergence|mixtral|char5_coverage|pooled|alpha_z,0.9486150600438017,0.9465522049902878,0.9505999604192342,56110,2000,0,55205,56970,55205,56970
convergence|mixtral|char5_coverage|pooled|rho,0.9543641111236449,0.953011536882369,0.9556526884004284,56110,2000,0,55205,56970,55205,56970
convergence|mixtral|char8_coverage|L1|alpha_z,0.8825964555093523,0.873288417028049,0.8907052954672783,11222,2000,0,11041,11394,11041,11394
convergence|mixtral|char8_coverage|L1|rho,0.8631475009179668,0.8547221512397427,0.8711512601595716,11222,2000,0,11041,11394,11041,11394
convergence|mixtral|char8_coverage|L2|alpha_z,0.4632578055927371,0.4425443778784089,0.4841833565308251,11222,2000,0,11041,11394,11041,11394
convergence|mixtral|char8_coverage|L2|rho,0.4388427715519117,0.41605568250531416,0.46200530459323685,11222,2000,0,11041,11394,11041,11394
convergence|mixtral|char8_coverage|L3|alpha_z,0.8878909860555669,0.8830643105217398,0.8925018180042221,11222,2000,0,11041,11394,11041,11394
convergence|mixtral|char8_coverage|L3|rho,0.8564564949612339,0.8502296728910055,0.862555852184338,11222,2000,0,11041,11394,11041,11394
convergence|mixtral|char8_coverage|L4|alpha_z,0.8268808900668632,0.8196783676274949,0.834242121822257,11222,2000,0,11041,11394,11041,11394
convergence|mixtral|char8_coverage|L4|rho,0.8367849367868082,0.8299484799774757,0.8436021202208535,11222,2000,0,11041,11394,11041,11394
convergence|mixtral|char8_coverage|L5|alpha_z,0.5046858705228756,0.4816854298953265,0.5261801416479667,11222,2000,0,11041,11394,11041,11394
convergence|mixtral|char8_coverage|L5|rho,0.37723342260164106,0.3543681489490747,0.39932860134188813,11222,2000,0,11041,11394,11041,11394
convergence|mixtral|char8_coverage|item_centered|alpha_z,0.9253587612312836,0.9221585657437849,0.9282491798517045,56110,2000,0,55205,56970,55205,56970
convergence|mixtral|char8_coverage|item_centered|rho,0.933773120244088,0.9308993068305407,0.9364705534547519,56110,2000,0,55205,56970,55205,56970
convergence|mixtral|char8_coverage|macro_within_level|alpha_z,0.7130624015494791,0.7057006379195199,0.7205438448224363,11222,2000,0,11041,11394,11041,11394
convergence|mixtral|char8_coverage|macro_within_level|rho,0.6744930253639123,0.6667109935118336,0.6825828706885128,11222,2000,0,11041,11394,11041,11394
convergence|mixtral|char8_coverage|pooled|alpha_z,0.9121395138711045,0.9088497315378744,0.915272411273821,56110,2000,0,55205,56970,55205,56970
convergence|mixtral|char8_coverage|pooled|rho,0.923622721972575,0.9208181382016402,0.9263274554209333,56110,2000,0,55205,56970,55205,56970
convergence|mixtral|output_bigram_repeat_fraction|L1|alpha_z,-0.31695293417439063,-0.33641688597142216,-0.29778925455728084,11222,2000,0,11041,11394,11041,11394
convergence|mixtral|output_bigram_repeat_fraction|L1|rho,-0.2519628811839744,-0.27156976690719914,-0.23255286774773679,11222,2000,0,11041,11394,11041,11394
convergence|mixtral|output_bigram_repeat_fraction|L2|alpha_z,0.10458720097722529,0.082691557242713,0.12697233856386797,11222,2000,0,11041,11394,11041,11394
convergence|mixtral|output_bigram_repeat_fraction|L2|rho,0.06649705641092966,0.041238511737583625,0.09098851068787898,11222,2000,0,11041,11394,11041,11394
convergence|mixtral|output_bigram_repeat_fraction|L3|alpha_z,-0.09940781016930256,-0.12242504418363076,-0.07699178552673859,11222,2000,0,11041,11394,11041,11394
convergence|mixtral|output_bigram_repeat_fraction|L3|rho,-0.17860719389630697,-0.20013373308537022,-0.15732942417368412,11222,2000,0,11041,11394,11041,11394
convergence|mixtral|output_bigram_repeat_fraction|L4|alpha_z,-0.1522988298742185,-0.17265971037796424,-0.1315789295892198,11222,2000,0,11041,11394,11041,11394
convergence|mixtral|output_bigram_repeat_fraction|L4|rho,-0.1524976343397389,-0.17313728994352273,-0.13225161223132947,11222,2000,0,11041,11394,11041,11394
convergence|mixtral|output_bigram_repeat_fraction|L5|alpha_z,-0.3896858451936829,-0.40625505837099746,-0.37275772126361606,11222,2000,0,11041,11394,11041,11394
convergence|mixtral|output_bigram_repeat_fraction|L5|rho,-0.4240052665216092,-0.44089834992671656,-0.405679992821274,11222,2000,0,11041,11394,11041,11394
convergence|mixtral|output_bigram_repeat_fraction|item_centered|alpha_z,0.19628181252030608,0.17712279005699955,0.21488225316993603,56110,2000,0,55205,56970,55205,56970
convergence|mixtral|output_bigram_repeat_fraction|item_centered|rho,0.12992572030304356,0.11000947442160973,0.14836504624880417,56110,2000,0,55205,56970,55205,56970
convergence|mixtral|output_bigram_repeat_fraction|macro_within_level|alpha_z,-0.17075164368687384,-0.18348254434098804,-0.15854124343396264,11222,2000,0,11041,11394,11041,11394
convergence|mixtral|output_bigram_repeat_fraction|macro_within_level|rho,-0.18811518390613996,-0.20106547646995335,-0.1760653998457181,11222,2000,0,11041,11394,11041,11394
convergence|mixtral|output_bigram_repeat_fraction|pooled|alpha_z,0.11229306103762593,0.09663721100435085,0.12707716365102237,56110,2000,0,55205,56970,55205,56970
convergence|mixtral|output_bigram_repeat_fraction|pooled|rho,0.05773945743661782,0.04008692585045615,0.07404804170266505,56110,2000,0,55205,56970,55205,56970
convergence|mixtral|output_bytes|L1|alpha_z,-0.2664423998911778,-0.2904879816256149,-0.24305181219134975,11222,2000,0,11041,11394,11041,11394
convergence|mixtral|output_bytes|L1|rho,-0.25408108578987476,-0.277935762524469,-0.23065374115368437,11222,2000,0,11041,11394,11041,11394
convergence|mixtral|output_bytes|L2|alpha_z,-0.08704473219259334,-0.10794037724236376,-0.06551481495379491,11222,2000,0,11041,11394,11041,11394
convergence|mixtral|output_bytes|L2|rho,-0.14092941480830817,-0.16346407298745774,-0.1197796054157601,11222,2000,0,11041,11394,11041,11394
convergence|mixtral|output_bytes|L3|alpha_z,-0.6937461700029244,-0.7005119225967141,-0.6868225365060406,11222,2000,0,11041,11394,11041,11394
convergence|mixtral|output_bytes|L3|rho,-0.7445535370948156,-0.7532980166526833,-0.7359580993997006,11222,2000,0,11041,11394,11041,11394
convergence|mixtral|output_bytes|L4|alpha_z,-0.5613091302457127,-0.5718269390036123,-0.5501118834178558,11222,2000,0,11041,11394,11041,11394
convergence|mixtral|output_bytes|L4|rho,-0.6197804432569646,-0.6319858985583807,-0.6072162264637491,11222,2000,0,11041,11394,11041,11394
convergence|mixtral|output_bytes|L5|alpha_z,-0.5908541574747113,-0.6014010099528265,-0.5805021073446703,11222,2000,0,11041,11394,11041,11394
convergence|mixtral|output_bytes|L5|rho,-0.6547259070056815,-0.6684605592768877,-0.6412654113553433,11222,2000,0,11041,11394,11041,11394
convergence|mixtral|output_bytes|item_centered|alpha_z,-0.24494838633373917,-0.2595225177889021,-0.22868979654322136,56110,2000,0,55205,56970,55205,56970
convergence|mixtral|output_bytes|item_centered|rho,-0.1892948711369551,-0.20803828402923535,-0.16921292363095106,56110,2000,0,55205,56970,55205,56970
convergence|mixtral|output_bytes|macro_within_level|alpha_z,-0.43987931796142393,-0.4471238464972272,-0.4321953003743145,11222,2000,0,11041,11394,11041,11394
convergence|mixtral|output_bytes|macro_within_level|rho,-0.48281407759112893,-0.4904425582982493,-0.4746707633747753,11222,2000,0,11041,11394,11041,11394
convergence|mixtral|output_bytes|pooled|alpha_z,-0.29698969834124234,-0.3097859980365554,-0.2828308551734289,56110,2000,0,55205,56970,55205,56970
convergence|mixtral|output_bytes|pooled|rho,-0.28762224424195476,-0.30394029420850055,-0.2701027507731362,56110,2000,0,55205,56970,55205,56970
convergence|mixtral|output_self_bits_per_byte|L1|alpha_z,0.27541828918815736,0.2556931415584434,0.2942910555280765,11222,2000,0,11041,11394,11041,11394
convergence|mixtral|output_self_bits_per_byte|L1|rho,0.2408630199873915,0.22115908059015355,0.2604059431136001,11222,2000,0,11041,11394,11041,11394
convergence|mixtral|output_self_bits_per_byte|L2|alpha_z,0.05611228401839785,0.02961660570034671,0.08323526964915497,11222,2000,0,11041,11394,11041,11394
convergence|mixtral|output_self_bits_per_byte|L2|rho,0.048334525549396906,0.022877080148543037,0.07306277541109793,11222,2000,0,11041,11394,11041,11394
convergence|mixtral|output_self_bits_per_byte|L3|alpha_z,0.4408414971604424,0.4208500119601893,0.4605416950278232,11222,2000,0,11041,11394,11041,11394
convergence|mixtral|output_self_bits_per_byte|L3|rho,0.4154541113647135,0.3960133701605227,0.43575667068659074,11222,2000,0,11041,11394,11041,11394
convergence|mixtral|output_self_bits_per_byte|L4|alpha_z,0.2519964990423782,0.23200715691270452,0.2712449712595145,11222,2000,0,11041,11394,11041,11394
convergence|mixtral|output_self_bits_per_byte|L4|rho,0.23021329083632597,0.21016842368251343,0.2498732453960682,11222,2000,0,11041,11394,11041,11394
convergence|mixtral|output_self_bits_per_byte|L5|alpha_z,0.6698937866925736,0.6544955855133102,0.6848591351361644,11222,2000,0,11041,11394,11041,11394
convergence|mixtral|output_self_bits_per_byte|L5|rho,0.5950647301134303,0.5800861917777582,0.6104673846220644,11222,2000,0,11041,11394,11041,11394
convergence|mixtral|output_self_bits_per_byte|item_centered|alpha_z,0.09948709820574964,0.07991374117674166,0.11942589977482818,56110,2000,0,55205,56970,55205,56970
convergence|mixtral|output_self_bits_per_byte|item_centered|rho,0.11106470851666052,0.09359962483430884,0.12815392605319817,56110,2000,0,55205,56970,55205,56970
convergence|mixtral|output_self_bits_per_byte|macro_within_level|alpha_z,0.33885247122038986,0.32737151066314885,0.3503171907219553,11222,2000,0,11041,11394,11041,11394
convergence|mixtral|output_self_bits_per_byte|macro_within_level|rho,0.3059859355702516,0.2941277818517692,0.3175547631616648,11222,2000,0,11041,11394,11041,11394
convergence|mixtral|output_self_bits_per_byte|pooled|alpha_z,0.12938343623691173,0.11244912167396459,0.14606038363408974,56110,2000,0,55205,56970,55205,56970
convergence|mixtral|output_self_bits_per_byte|pooled|rho,0.1222534361172584,0.10466252903211556,0.13922312096307093,56110,2000,0,55205,56970,55205,56970
convergence|mixtral|output_type_token_ratio|L1|alpha_z,0.21804414807478056,0.19908190263015152,0.23646953001971827,11222,2000,0,11041,11394,11041,11394
convergence|mixtral|output_type_token_ratio|L1|rho,0.162866803027047,0.1419628538129491,0.18385245605498304,11222,2000,0,11041,11394,11041,11394
convergence|mixtral|output_type_token_ratio|L2|alpha_z,-0.06043348689684991,-0.0858155460416119,-0.03521912782787446,11222,2000,0,11041,11394,11041,11394
convergence|mixtral|output_type_token_ratio|L2|rho,-0.0541916207456887,-0.07988984392353453,-0.02917007583970785,11222,2000,0,11041,11394,11041,11394
convergence|mixtral|output_type_token_ratio|L3|alpha_z,0.3509576654096045,0.3302145478074204,0.3724785760564195,11222,2000,0,11041,11394,11041,11394
convergence|mixtral|output_type_token_ratio|L3|rho,0.34729474707939023,0.32721729707121805,0.36761045443973117,11222,2000,0,11041,11394,11041,11394
convergence|mixtral|output_type_token_ratio|L4|alpha_z,0.3135089557622973,0.2942143849627952,0.33192787942885676,11222,2000,0,11041,11394,11041,11394
convergence|mixtral|output_type_token_ratio|L4|rho,0.2931400467992672,0.2736631899140288,0.31174747165687233,11222,2000,0,11041,11394,11041,11394
convergence|mixtral|output_type_token_ratio|L5|alpha_z,0.5969257947698285,0.5839407438119828,0.6099521722011323,11222,2000,0,11041,11394,11041,11394
convergence|mixtral|output_type_token_ratio|L5|rho,0.5514905190038928,0.5385505885198998,0.5648151856418122,11222,2000,0,11041,11394,11041,11394
convergence|mixtral|output_type_token_ratio|item_centered|alpha_z,0.013167982810660228,-0.007286054639022704,0.0344750852075529,56110,2000,0,55205,56970,55205,56970
convergence|mixtral|output_type_token_ratio|item_centered|rho,0.012693697922099092,-0.006780694672824565,0.03233900072990982,56110,2000,0,55205,56970,55205,56970
convergence|mixtral|output_type_token_ratio|macro_within_level|alpha_z,0.2838006154239322,0.27231681997750784,0.29537035637129755,11222,2000,0,11041,11394,11041,11394
convergence|mixtral|output_type_token_ratio|macro_within_level|rho,0.2601200990327817,0.24848569380467603,0.2719037644196848,11222,2000,0,11041,11394,11041,11394
convergence|mixtral|output_type_token_ratio|pooled|alpha_z,0.043580584533968514,0.026697393625017718,0.061207135625955575,56110,2000,0,55205,56970,55205,56970
convergence|mixtral|output_type_token_ratio|pooled|rho,0.03927533428331345,0.02210751605358159,0.05730616692452991,56110,2000,0,55205,56970,55205,56970
convergence|mixtral|output_words|L1|alpha_z,-0.19319503277828276,-0.21658555083062767,-0.17045328362978313,11222,2000,0,11041,11394,11041,11394
convergence|mixtral|output_words|L1|rho,-0.18615353237647903,-0.2089488800115367,-0.16291167321719713,11222,2000,0,11041,11394,11041,11394
convergence|mixtral|output_words|L2|alpha_z,-0.048360981226486244,-0.06960198209893138,-0.026884004205657258,11222,2000,0,11041,11394,11041,11394
convergence|mixtral|output_words|L2|rho,-0.08982294601662603,-0.1128941525873049,-0.0680440385902668,11222,2000,0,11041,11394,11041,11394
convergence|mixtral|output_words|L3|alpha_z,-0.7114200662710983,-0.7176545022193583,-0.7048944529693182,11222,2000,0,11041,11394,11041,11394
convergence|mixtral|output_words|L3|rho,-0.7491207878854577,-0.757452978671516,-0.7406953649453937,11222,2000,0,11041,11394,11041,11394
convergence|mixtral|output_words|L4|alpha_z,-0.5991437999265719,-0.6083276643875527,-0.5890303437067748,11222,2000,0,11041,11394,11041,11394
convergence|mixtral|output_words|L4|rho,-0.6649044250358527,-0.6755936718856008,-0.653526072263503,11222,2000,0,11041,11394,11041,11394
convergence|mixtral|output_words|L5|alpha_z,-0.6097404273277485,-0.620046159720993,-0.5995628645263614,11222,2000,0,11041,11394,11041,11394
convergence|mixtral|output_words|L5|rho,-0.6616750301374962,-0.6747072493827717,-0.6489667758395262,11222,2000,0,11041,11394,11041,11394
convergence|mixtral|output_words|item_centered|alpha_z,-0.21307905968720098,-0.22956976505688367,-0.19501587110137278,56110,2000,0,55205,56970,55205,56970
convergence|mixtral|output_words|item_centered|rho,-0.15753650050782692,-0.17715036612798635,-0.13664884011926756,56110,2000,0,55205,56970,55205,56970
convergence|mixtral|output_words|macro_within_level|alpha_z,-0.4323720615060376,-0.43972613855276976,-0.424754630158761,11222,2000,0,11041,11394,11041,11394
convergence|mixtral|output_words|macro_within_level|rho,-0.47033534429038226,-0.47787550040601284,-0.46215793333127636,11222,2000,0,11041,11394,11041,11394
convergence|mixtral|output_words|pooled|alpha_z,-0.26459678266475284,-0.27961221681938475,-0.24811043469268296,56110,2000,0,55205,56970,55205,56970
convergence|mixtral|output_words|pooled|rho,-0.26231380908278384,-0.27915624533098127,-0.24383675936326743,56110,2000,0,55205,56970,55205,56970
convergence|mixtral|prompt_bytes|L1|alpha_z,0.21727560550869618,0.20436138848228355,0.23040635315864433,11222,2000,0,11041,11394,11041,11394
convergence|mixtral|prompt_bytes|L1|rho,0.22146160870990847,0.2044048875526743,0.2385242247442367,11222,2000,0,11041,11394,11041,11394
convergence|mixtral|prompt_bytes|L2|alpha_z,-0.08240678757380548,-0.10285858701872332,-0.061716172486594265,11222,2000,0,11041,11394,11041,11394
convergence|mixtral|prompt_bytes|L2|rho,-0.09354997679016744,-0.11530875074250975,-0.07274409563104903,11222,2000,0,11041,11394,11041,11394
convergence|mixtral|prompt_bytes|L3|alpha_z,-0.05155294858780324,-0.07012282739962616,-0.034524842864556524,11222,2000,0,11041,11394,11041,11394
convergence|mixtral|prompt_bytes|L3|rho,-0.02653411234167899,-0.04448499515645481,-0.008138316774229718,11222,2000,0,11041,11394,11041,11394
convergence|mixtral|prompt_bytes|L4|alpha_z,-0.02461713479448302,-0.04193021519571102,-0.005909240963752843,11222,2000,0,11041,11394,11041,11394
convergence|mixtral|prompt_bytes|L4|rho,-0.04544592392291357,-0.06278712464975905,-0.026886891660215635,11222,2000,0,11041,11394,11041,11394
convergence|mixtral|prompt_bytes|L5|alpha_z,0.14281339347142086,0.1192980274216639,0.16714942024958906,11222,2000,0,11041,11394,11041,11394
convergence|mixtral|prompt_bytes|L5|rho,0.16419536802731793,0.13981238702625445,0.18804947343447673,11222,2000,0,11041,11394,11041,11394
convergence|mixtral|prompt_bytes|item_centered|alpha_z,0.6951777996207675,0.6904036572182537,0.7001909564878372,56110,2000,0,55205,56970,55205,56970
convergence|mixtral|prompt_bytes|item_centered|rho,0.7975485830618223,0.7940414181372443,0.8011265719964501,56110,2000,0,55205,56970,55205,56970
convergence|mixtral|prompt_bytes|macro_within_level|alpha_z,0.040302425604805056,0.0307957414992869,0.049965014122286044,11222,2000,0,11041,11394,11041,11394
convergence|mixtral|prompt_bytes|macro_within_level|rho,0.04402539273649328,0.033332030665584454,0.05397905963722666,11222,2000,0,11041,11394,11041,11394
convergence|mixtral|prompt_bytes|pooled|alpha_z,0.607012440778615,0.6017225292839814,0.6128410319830645,56110,2000,0,55205,56970,55205,56970
convergence|mixtral|prompt_bytes|pooled|rho,0.7993854852726879,0.7937243019783621,0.8047299641929981,56110,2000,0,55205,56970,55205,56970
convergence|mixtral|prompt_to_output_byte_ratio|L1|alpha_z,0.7676151473388334,0.7488436066496271,0.7855071415098873,11222,2000,0,11041,11394,11041,11394
convergence|mixtral|prompt_to_output_byte_ratio|L1|rho,0.6338868581945662,0.6220003885774222,0.6455751210829384,11222,2000,0,11041,11394,11041,11394
convergence|mixtral|prompt_to_output_byte_ratio|L2|alpha_z,0.08496414087380677,0.04706876603362287,0.12317271667907172,11222,2000,0,11041,11394,11041,11394
convergence|mixtral|prompt_to_output_byte_ratio|L2|rho,0.11274223209722752,0.08868702713868183,0.13665868265605038,11222,2000,0,11041,11394,11041,11394
convergence|mixtral|prompt_to_output_byte_ratio|L3|alpha_z,0.8712802693525156,0.8659273040929756,0.8764158559438703,11222,2000,0,11041,11394,11041,11394
convergence|mixtral|prompt_to_output_byte_ratio|L3|rho,0.829671313943493,0.8228112766788388,0.8360397271546164,11222,2000,0,11041,11394,11041,11394
convergence|mixtral|prompt_to_output_byte_ratio|L4|alpha_z,0.6861653998199265,0.6723958539410959,0.6990064869426862,11222,2000,0,11041,11394,11041,11394
convergence|mixtral|prompt_to_output_byte_ratio|L4|rho,0.6814801363719181,0.6688009449640003,0.6932797245347276,11222,2000,0,11041,11394,11041,11394
convergence|mixtral|prompt_to_output_byte_ratio|L5|alpha_z,0.7002725030138746,0.682471046765134,0.717083676351221,11222,2000,0,11041,11394,11041,11394
convergence|mixtral|prompt_to_output_byte_ratio|L5|rho,0.6925658029444445,0.6810423318764065,0.7040085581116273,11222,2000,0,11041,11394,11041,11394
convergence|mixtral|prompt_to_output_byte_ratio|item_centered|alpha_z,0.8891096606744493,0.8846282235189389,0.8932677193164876,56110,2000,0,55205,56970,55205,56970
convergence|mixtral|prompt_to_output_byte_ratio|item_centered|rho,0.9107595217926376,0.9091193179640513,0.9124156174832583,56110,2000,0,55205,56970,55205,56970
convergence|mixtral|prompt_to_output_byte_ratio|macro_within_level|alpha_z,0.6220594920797914,0.6121435933462734,0.6318620402554521,11222,2000,0,11041,11394,11041,11394
convergence|mixtral|prompt_to_output_byte_ratio|macro_within_level|rho,0.5900692687103299,0.5829220006259094,0.5966937838218265,11222,2000,0,11041,11394,11041,11394
convergence|mixtral|prompt_to_output_byte_ratio|pooled|alpha_z,0.8746590636943683,0.8695153136798133,0.879294293096976,56110,2000,0,55205,56970,55205,56970
convergence|mixtral|prompt_to_output_byte_ratio|pooled|rho,0.9196884074462446,0.9181699195152979,0.9211516906995932,56110,2000,0,55205,56970,55205,56970
convergence|mixtral|prompt_words|L1|alpha_z,0.2187207989109694,0.2061400996121422,0.23187946834867845,11222,2000,0,11041,11394,11041,11394
convergence|mixtral|prompt_words|L1|rho,0.23167657133509972,0.21513795277954822,0.24821952514494436,11222,2000,0,11041,11394,11041,11394
convergence|mixtral|prompt_words|L2|alpha_z,-0.07857257202937507,-0.09910304858714479,-0.05777581859953893,11222,2000,0,11041,11394,11041,11394
convergence|mixtral|prompt_words|L2|rho,-0.07764583359872891,-0.10028765894482229,-0.056815994492444385,11222,2000,0,11041,11394,11041,11394
convergence|mixtral|prompt_words|L3|alpha_z,-0.011455182769369188,-0.030454390556581078,0.006938384766369251,11222,2000,0,11041,11394,11041,11394
convergence|mixtral|prompt_words|L3|rho,0.013333135169645946,-0.005434666263811847,0.03125693897733445,11222,2000,0,11041,11394,11041,11394
convergence|mixtral|prompt_words|L4|alpha_z,0.016499392336133845,-0.0013184880054037393,0.0351833378735499,11222,2000,0,11041,11394,11041,11394
convergence|mixtral|prompt_words|L4|rho,-0.006571043274217577,-0.024329205931746263,0.012196630677968829,11222,2000,0,11041,11394,11041,11394
convergence|mixtral|prompt_words|L5|alpha_z,0.19012032088236375,0.16781061562738,0.2127491113500203,11222,2000,0,11041,11394,11041,11394
convergence|mixtral|prompt_words|L5|rho,0.2540358461844568,0.23141001434991312,0.27629273661450693,11222,2000,0,11041,11394,11041,11394
convergence|mixtral|prompt_words|item_centered|alpha_z,0.6982013579956134,0.6934134772007123,0.7030666741306231,56110,2000,0,55205,56970,55205,56970
convergence|mixtral|prompt_words|item_centered|rho,0.797733029428908,0.7942300603898897,0.8012909636469142,56110,2000,0,55205,56970,55205,56970
convergence|mixtral|prompt_words|macro_within_level|alpha_z,0.06706255146614455,0.05714173796068284,0.07708171859475567,11222,2000,0,11041,11394,11041,11394
convergence|mixtral|prompt_words|macro_within_level|rho,0.0829657351632512,0.07254938761578084,0.09282272165370171,11222,2000,0,11041,11394,11041,11394
convergence|mixtral|prompt_words|pooled|alpha_z,0.6100834950997269,0.6046933231156584,0.6156780803068425,56110,2000,0,55205,56970,55205,56970
convergence|mixtral|prompt_words|pooled|rho,0.8096990807482695,0.8042069984132684,0.8149826047207307,56110,2000,0,55205,56970,55205,56970
convergence|mixtral|rouge_l_recall|L1|alpha_z,0.9242880608475496,0.9161808121783883,0.93159980415227,11222,2000,0,11041,11394,11041,11394
convergence|mixtral|rouge_l_recall|L1|rho,0.8960229862154317,0.8880252895482135,0.903565501958425,11222,2000,0,11041,11394,11041,11394
convergence|mixtral|rouge_l_recall|L2|alpha_z,0.6167920104656681,0.6014822753001753,0.632172707318832,11222,2000,0,11041,11394,11041,11394
convergence|mixtral|rouge_l_recall|L2|rho,0.5921892014549778,0.5756594082364002,0.6085042993860383,11222,2000,0,11041,11394,11041,11394
convergence|mixtral|rouge_l_recall|L3|alpha_z,0.9089142068284288,0.9048474628318376,0.9127892526455178,11222,2000,0,11041,11394,11041,11394
convergence|mixtral|rouge_l_recall|L3|rho,0.8883764298652013,0.8833992330181436,0.8930738440587915,11222,2000,0,11041,11394,11041,11394
convergence|mixtral|rouge_l_recall|L4|alpha_z,0.8314550033928434,0.8235149733164636,0.8391266278923528,11222,2000,0,11041,11394,11041,11394
convergence|mixtral|rouge_l_recall|L4|rho,0.8476680775854718,0.8406637395604585,0.8543273196728165,11222,2000,0,11041,11394,11041,11394
convergence|mixtral|rouge_l_recall|L5|alpha_z,0.699769044273542,0.6846458742970888,0.7148810458919723,11222,2000,0,11041,11394,11041,11394
convergence|mixtral|rouge_l_recall|L5|rho,0.7088063281280518,0.6981033280381372,0.7193318933879954,11222,2000,0,11041,11394,11041,11394
convergence|mixtral|rouge_l_recall|item_centered|alpha_z,0.9709077254389821,0.9694580611390228,0.9722202849218837,56110,2000,0,55205,56970,55205,56970
convergence|mixtral|rouge_l_recall|item_centered|rho,0.9708187824683056,0.9697532474392667,0.9717941094030397,56110,2000,0,55205,56970,55205,56970
convergence|mixtral|rouge_l_recall|macro_within_level|alpha_z,0.7962436651616064,0.7909633242772256,0.8017132729103622,11222,2000,0,11041,11394,11041,11394
convergence|mixtral|rouge_l_recall|macro_within_level|rho,0.7866126046498269,0.7816489034193094,0.7916988722644765,11222,2000,0,11041,11394,11041,11394
convergence|mixtral|rouge_l_recall|pooled|alpha_z,0.9622697333944966,0.9606588096755825,0.9637248934047716,56110,2000,0,55205,56970,55205,56970
convergence|mixtral|rouge_l_recall|pooled|rho,0.9692909095654438,0.9683081484028975,0.9701659479766446,56110,2000,0,55205,56970,55205,56970
convergence|mixtral|word_bigram_coverage|L1|alpha_z,0.8886198406881384,0.878287372205282,0.8980223857224767,11222,2000,0,11041,11394,11041,11394
convergence|mixtral|word_bigram_coverage|L1|rho,0.881724665085632,0.8728226397734808,0.8897880408750731,11222,2000,0,11041,11394,11041,11394
convergence|mixtral|word_bigram_coverage|L2|alpha_z,0.4986292579492837,0.4795201498081183,0.5173793485288491,11222,2000,0,11041,11394,11041,11394
convergence|mixtral|word_bigram_coverage|L2|rho,0.4669678454345337,0.4460986909961568,0.487072531370475,11222,2000,0,11041,11394,11041,11394
convergence|mixtral|word_bigram_coverage|L3|alpha_z,0.8792232500574055,0.8739334412966417,0.8841111723021841,11222,2000,0,11041,11394,11041,11394
convergence|mixtral|word_bigram_coverage|L3|rho,0.8459215008298857,0.839201017978206,0.8524013585877532,11222,2000,0,11041,11394,11041,11394
convergence|mixtral|word_bigram_coverage|L4|alpha_z,0.7939412500633676,0.7851426346031426,0.8026479241403093,11222,2000,0,11041,11394,11041,11394
convergence|mixtral|word_bigram_coverage|L4|rho,0.8007367906591496,0.7924655779040825,0.8089748562123877,11222,2000,0,11041,11394,11041,11394
convergence|mixtral|word_bigram_coverage|L5|alpha_z,0.4294117152289456,0.40297063673830363,0.455131161660328,11222,2000,0,11041,11394,11041,11394
convergence|mixtral|word_bigram_coverage|L5|rho,0.2523954680089541,0.2308037699392969,0.2755051912873334,11222,2000,0,11041,11394,11041,11394
convergence|mixtral|word_bigram_coverage|item_centered|alpha_z,0.9230404290185907,0.9199478959152019,0.925774804245373,56110,2000,0,55205,56970,55205,56970
convergence|mixtral|word_bigram_coverage|item_centered|rho,0.9355216297411278,0.9329896065755752,0.9378826041265413,56110,2000,0,55205,56970,55205,56970
convergence|mixtral|word_bigram_coverage|macro_within_level|alpha_z,0.6979650627974282,0.6898915782402787,0.7054095240677105,11222,2000,0,11041,11394,11041,11394
convergence|mixtral|word_bigram_coverage|macro_within_level|rho,0.6495492540036311,0.641506610109971,0.6570626946820197,11222,2000,0,11041,11394,11041,11394
convergence|mixtral|word_bigram_coverage|pooled|alpha_z,0.9124781114557353,0.9093139611641873,0.9153570167793352,56110,2000,0,55205,56970,55205,56970
convergence|mixtral|word_bigram_coverage|pooled|rho,0.9291547854254846,0.9268673639479429,0.9313164683172725,56110,2000,0,55205,56970,55205,56970
convergence|mixtral|word_token_coverage|L1|alpha_z,0.9026906920923133,0.8949864189296761,0.9097258939358295,11222,2000,0,11041,11394,11041,11394
convergence|mixtral|word_token_coverage|L1|rho,0.8732482007495724,0.8645110799322349,0.8815003232674069,11222,2000,0,11041,11394,11041,11394
convergence|mixtral|word_token_coverage|L2|alpha_z,0.4451566690802572,0.42492820992273894,0.4654332996434006,11222,2000,0,11041,11394,11041,11394
convergence|mixtral|word_token_coverage|L2|rho,0.4065561481892448,0.3853975971311632,0.4274669415332368,11222,2000,0,11041,11394,11041,11394
convergence|mixtral|word_token_coverage|L3|alpha_z,0.8935311912676243,0.8888905562013301,0.8977836728889703,11222,2000,0,11041,11394,11041,11394
convergence|mixtral|word_token_coverage|L3|rho,0.8597139594219397,0.8539326104389561,0.8652221263050002,11222,2000,0,11041,11394,11041,11394
convergence|mixtral|word_token_coverage|L4|alpha_z,0.8016923083314846,0.7926314122912487,0.8103319127301577,11222,2000,0,11041,11394,11041,11394
convergence|mixtral|word_token_coverage|L4|rho,0.8100368349117107,0.8017209183324845,0.8179351699033317,11222,2000,0,11041,11394,11041,11394
convergence|mixtral|word_token_coverage|L5|alpha_z,0.7436827961898409,0.7329026637729161,0.7542180049882853,11222,2000,0,11041,11394,11041,11394
convergence|mixtral|word_token_coverage|L5|rho,0.7259106320627638,0.7159434016353231,0.7354855169606095,11222,2000,0,11041,11394,11041,11394
convergence|mixtral|word_token_coverage|item_centered|alpha_z,0.9729333874353834,0.971783260589428,0.9738725522521636,56110,2000,0,55205,56970,55205,56970
convergence|mixtral|word_token_coverage|item_centered|rho,0.9686567890493508,0.9676487131522215,0.9695681079540887,56110,2000,0,55205,56970,55205,56970
convergence|mixtral|word_token_coverage|macro_within_level|alpha_z,0.757350731392304,0.7514254402786295,0.7638377130733331,11222,2000,0,11041,11394,11041,11394
convergence|mixtral|word_token_coverage|macro_within_level|rho,0.7350931550670463,0.7294559768430992,0.7412360342498863,11222,2000,0,11041,11394,11041,11394
convergence|mixtral|word_token_coverage|pooled|alpha_z,0.9600177030550694,0.9586072544949562,0.9612786364713819,56110,2000,0,55205,56970,55205,56970
convergence|mixtral|word_token_coverage|pooled|rho,0.9633046291463018,0.9622497926751857,0.9642463047484066,56110,2000,0,55205,56970,55205,56970
convergence|mixtral|word_type_coverage|L1|alpha_z,0.9218966132375501,0.9138176339112568,0.9295700886034498,11222,2000,0,11041,11394,11041,11394
convergence|mixtral|word_type_coverage|L1|rho,0.8941405326417691,0.8857977648617995,0.9018913238499103,11222,2000,0,11041,11394,11041,11394
convergence|mixtral|word_type_coverage|L2|alpha_z,0.4783129074379784,0.4588691843091248,0.49736480792814525,11222,2000,0,11041,11394,11041,11394
convergence|mixtral|word_type_coverage|L2|rho,0.44464487111268886,0.42487967724706516,0.4649998050114056,11222,2000,0,11041,11394,11041,11394
convergence|mixtral|word_type_coverage|L3|alpha_z,0.8899502150175566,0.884886421727425,0.894634780580436,11222,2000,0,11041,11394,11041,11394
convergence|mixtral|word_type_coverage|L3|rho,0.8633253973608562,0.8574131751131667,0.8689090013309594,11222,2000,0,11041,11394,11041,11394
convergence|mixtral|word_type_coverage|L4|alpha_z,0.8426216076202722,0.8355099069681161,0.8495048059188128,11222,2000,0,11041,11394,11041,11394
convergence|mixtral|word_type_coverage|L4|rho,0.8526261668695969,0.8460474413375147,0.8585686908894407,11222,2000,0,11041,11394,11041,11394
convergence|mixtral|word_type_coverage|L5|alpha_z,0.7623148758021382,0.7516317204987559,0.7731704537547954,11222,2000,0,11041,11394,11041,11394
convergence|mixtral|word_type_coverage|L5|rho,0.7468287855393442,0.7370750767659805,0.7562711897957938,11222,2000,0,11041,11394,11041,11394
convergence|mixtral|word_type_coverage|item_centered|alpha_z,0.9678058048474962,0.9663682001995249,0.9690653711471956,56110,2000,0,55205,56970,55205,56970
convergence|mixtral|word_type_coverage|item_centered|rho,0.966177057185947,0.96500578055247,0.9672093230904228,56110,2000,0,55205,56970,55205,56970
convergence|mixtral|word_type_coverage|macro_within_level|alpha_z,0.7790192438230991,0.7733743077506274,0.7847654548578216,11222,2000,0,11041,11394,11041,11394
convergence|mixtral|word_type_coverage|macro_within_level|rho,0.7603131507048511,0.7547089566531633,0.7662430688799938,11222,2000,0,11041,11394,11041,11394
convergence|mixtral|word_type_coverage|pooled|alpha_z,0.9550527798301396,0.9534011756014253,0.9565891278618858,56110,2000,0,55205,56970,55205,56970
convergence|mixtral|word_type_coverage|pooled|rho,0.9562425021893083,0.9549001560913705,0.9575130787687223,56110,2000,0,55205,56970,55205,56970
difference|llama|char3_coverage|L1|delta_alpha_z,-0.007589744648903718,-0.01395214152594448,-0.0028395517079551017,11222,2000,0,11041,11394,11041,11394
difference|llama|char3_coverage|L1|delta_rho,-0.006909939298490042,-0.012539586484210653,-0.002066218836958716,11222,2000,0,11041,11394,11041,11394
difference|llama|char3_coverage|L2|delta_alpha_z,0.1225238537666935,0.10655492463615585,0.13816838414862861,11222,2000,0,11041,11394,11041,11394
difference|llama|char3_coverage|L2|delta_rho,0.17066123523454613,0.15514799001551094,0.18755012076636488,11222,2000,0,11041,11394,11041,11394
difference|llama|char3_coverage|L3|delta_alpha_z,0.006651694240751516,0.00425502702668582,0.008974187644467894,11222,2000,0,11041,11394,11041,11394
difference|llama|char3_coverage|L3|delta_rho,0.008538198336198066,0.004930231619514111,0.01220512256200375,11222,2000,0,11041,11394,11041,11394
difference|llama|char3_coverage|L4|delta_alpha_z,0.06318185298571888,0.05806443547891324,0.06859147747895511,11222,2000,0,11041,11394,11041,11394
difference|llama|char3_coverage|L4|delta_rho,0.08508556814807289,0.07925548295823896,0.09107941756776693,11222,2000,0,11041,11394,11041,11394
difference|llama|char3_coverage|L5|delta_alpha_z,0.04741684434794957,0.03475302917145499,0.05949513095927251,11222,2000,0,11041,11394,11041,11394
difference|llama|char3_coverage|L5|delta_rho,0.0031120121847645343,-0.0011892346471910815,0.00746047269679728,11222,2000,0,11041,11394,11041,11394
difference|llama|char3_coverage|item_centered|delta_alpha_z,-0.013318144806550691,-0.014664112215517958,-0.012084299760716644,56110,2000,0,55205,56970,55205,56970
difference|llama|char3_coverage|item_centered|delta_rho,-0.004449555420788398,-0.005575717462777746,-0.003502778199772467,56110,2000,0,55205,56970,55205,56970
difference|llama|char3_coverage|macro_within_level|delta_alpha_z,0.04643690013844193,0.04172165499838414,0.05085096500330452,11222,2000,0,11041,11394,11041,11394
difference|llama|char3_coverage|macro_within_level|delta_rho,0.05209741492101838,0.048366086452562115,0.05602224992962695,11222,2000,0,11041,11394,11041,11394
difference|llama|char3_coverage|pooled|delta_alpha_z,-0.015904530020676266,-0.01770520100772415,-0.014327208680674866,56110,2000,0,55205,56970,55205,56970
difference|llama|char3_coverage|pooled|delta_rho,-0.0043369005408212535,-0.005839689910891274,-0.003147426852598523,56110,2000,0,55205,56970,55205,56970
difference|llama|char5_coverage|L1|delta_alpha_z,-0.010295570419617484,-0.016255451980434266,-0.006144933144161593,11222,2000,0,11041,11394,11041,11394
difference|llama|char5_coverage|L1|delta_rho,-0.013686036289526693,-0.018877003267418965,-0.009054426551867665,11222,2000,0,11041,11394,11041,11394
difference|llama|char5_coverage|L2|delta_alpha_z,0.07441227046947563,0.0639142298520925,0.08480952060448158,11222,2000,0,11041,11394,11041,11394
difference|llama|char5_coverage|L2|delta_rho,0.08887290293326233,0.07868183855973661,0.09953190897984682,11222,2000,0,11041,11394,11041,11394
difference|llama|char5_coverage|L3|delta_alpha_z,-0.006747667416933667,-0.008363860304205658,-0.005197010385914841,11222,2000,0,11041,11394,11041,11394
difference|llama|char5_coverage|L3|delta_rho,-0.012495113147329873,-0.014711661534237383,-0.010181451299518538,11222,2000,0,11041,11394,11041,11394
difference|llama|char5_coverage|L4|delta_alpha_z,-0.006999049926740719,-0.009429211435892754,-0.004434407021983671,11222,2000,0,11041,11394,11041,11394
difference|llama|char5_coverage|L4|delta_rho,-0.0025311027691927723,-0.004932465801123112,-8.482720292631385e-05,11222,2000,0,11041,11394,11041,11394
difference|llama|char5_coverage|L5|delta_alpha_z,0.14971054835228803,0.13297805339616728,0.1660743330897412,11222,2000,0,11041,11394,11041,11394
difference|llama|char5_coverage|L5|delta_rho,0.08290772313432337,0.06889135613414661,0.09725329583834927,11222,2000,0,11041,11394,11041,11394
difference|llama|char5_coverage|item_centered|delta_alpha_z,-0.0004708564496231915,-0.0014274821360236666,0.0003582042847031395,56110,2000,0,55205,56970,55205,56970
difference|llama|char5_coverage|item_centered|delta_rho,0.0024231611176395162,0.0014145089101716495,0.003174182335002515,56110,2000,0,55205,56970,55205,56970
difference|llama|char5_coverage|macro_within_level|delta_alpha_z,0.04001610621169438,0.03545594677347597,0.04412962579151426,11222,2000,0,11041,11394,11041,11394
difference|llama|char5_coverage|macro_within_level|delta_rho,0.02861367477230725,0.02481753888782052,0.03261432871715475,11222,2000,0,11041,11394,11041,11394
difference|llama|char5_coverage|pooled|delta_alpha_z,-0.0023690162477547627,-0.003666945603502636,-0.0013678246477814516,56110,2000,0,55205,56970,55205,56970
difference|llama|char5_coverage|pooled|delta_rho,0.0004262797406079377,-0.000998188309999079,0.0014322312510763517,56110,2000,0,55205,56970,55205,56970
difference|llama|char8_coverage|L1|delta_alpha_z,0.01581257728219243,0.009847004307439617,0.020364040792939887,11222,2000,0,11041,11394,11041,11394
difference|llama|char8_coverage|L1|delta_rho,-0.005321172864044876,-0.010435257799522512,-0.00041127379828446764,11222,2000,0,11041,11394,11041,11394
difference|llama|char8_coverage|L2|delta_alpha_z,0.051691113666533894,0.04222424862687003,0.06074818321260064,11222,2000,0,11041,11394,11041,11394
difference|llama|char8_coverage|L2|delta_rho,0.058110940792670984,0.04953684551862761,0.0667164351522075,11222,2000,0,11041,11394,11041,11394
difference|llama|char8_coverage|L3|delta_alpha_z,0.004582152683258567,0.0023086152726076474,0.00675982697180446,11222,2000,0,11041,11394,11041,11394
difference|llama|char8_coverage|L3|delta_rho,0.005565192708189559,0.0023416103256613586,0.008778860514209582,11222,2000,0,11041,11394,11041,11394
difference|llama|char8_coverage|L4|delta_alpha_z,0.002235391230432704,-0.0017198463403942875,0.0062876790702485665,11222,2000,0,11041,11394,11041,11394
difference|llama|char8_coverage|L4|delta_rho,0.005134143275306591,0.0008158830250271477,0.009744297536019228,11222,2000,0,11041,11394,11041,11394
difference|llama|char8_coverage|L5|delta_alpha_z,0.2841831800747421,0.25963753854838223,0.31009087992362394,11222,2000,0,11041,11394,11041,11394
difference|llama|char8_coverage|L5|delta_rho,0.3172301510796777,0.29111911768612975,0.34445559551284194,11222,2000,0,11041,11394,11041,11394
difference|llama|char8_coverage|item_centered|delta_alpha_z,0.04322039763851693,0.04170455536499572,0.044821950123246745,56110,2000,0,55205,56970,55205,56970
difference|llama|char8_coverage|item_centered|delta_rho,0.032502000005667164,0.030798928090468428,0.03427283464070787,56110,2000,0,55205,56970,55205,56970
difference|llama|char8_coverage|macro_within_level|delta_alpha_z,0.07170088298743194,0.0660495153188403,0.07746384942079662,11222,2000,0,11041,11394,11041,11394
difference|llama|char8_coverage|macro_within_level|delta_rho,0.07614385099835996,0.07023234033400491,0.08233347450703384,11222,2000,0,11041,11394,11041,11394
difference|llama|char8_coverage|pooled|delta_alpha_z,0.04047107007787332,0.03881292248135308,0.04214938790546783,56110,2000,0,55205,56970,55205,56970
difference|llama|char8_coverage|pooled|delta_rho,0.031177614539660503,0.029188458957159127,0.0330933163512395,56110,2000,0,55205,56970,55205,56970
difference|llama|output_bigram_repeat_fraction|L1|delta_alpha_z,1.2613990315661694,1.2427824193614327,1.281315147867001,11222,2000,0,11041,11394,11041,11394
difference|llama|output_bigram_repeat_fraction|L1|delta_rho,1.137605078175798,1.1178155846985307,1.1572368165454425,11222,2000,0,11041,11394,11041,11394
difference|llama|output_bigram_repeat_fraction|L2|delta_alpha_z,0.4610917022652341,0.436336406442238,0.4859743864571107,11222,2000,0,11041,11394,11041,11394
difference|llama|output_bigram_repeat_fraction|L2|delta_rho,0.46809642364578186,0.44257256927318217,0.494951318103765,11222,2000,0,11041,11394,11041,11394
difference|llama|output_bigram_repeat_fraction|L3|delta_alpha_z,0.9786659972463879,0.9544693757699514,1.0034056047622004,11222,2000,0,11041,11394,11041,11394
difference|llama|output_bigram_repeat_fraction|L3|delta_rho,1.0100430865360182,0.9871336569305061,1.0347662084177152,11222,2000,0,11041,11394,11041,11394
difference|llama|output_bigram_repeat_fraction|L4|delta_alpha_z,0.9811475284334712,0.9572116710767299,1.005434183162507,11222,2000,0,11041,11394,11041,11394
difference|llama|output_bigram_repeat_fraction|L4|delta_rho,0.9872860863149048,0.9632668863531748,1.0123395449805783,11222,2000,0,11041,11394,11041,11394
difference|llama|output_bigram_repeat_fraction|L5|delta_alpha_z,1.1333045559520007,1.1089128344906645,1.1584589968165198,11222,2000,0,11041,11394,11041,11394
difference|llama|output_bigram_repeat_fraction|L5|delta_rho,1.1084200564213509,1.083144964384117,1.1338443855460145,11222,2000,0,11041,11394,11041,11394
difference|llama|output_bigram_repeat_fraction|item_centered|delta_alpha_z,0.7814858696046627,0.7628172425642288,0.8010523628289157,56110,2000,0,55205,56970,55205,56970
difference|llama|output_bigram_repeat_fraction|item_centered|delta_rho,0.8484057809027271,0.8298994759378263,0.8680684186508115,56110,2000,0,55205,56970,55205,56970
difference|llama|output_bigram_repeat_fraction|macro_within_level|delta_alpha_z,0.9631217630926527,0.9488136340493087,0.978398751566373,11222,2000,0,11041,11394,11041,11394
difference|llama|output_bigram_repeat_fraction|macro_within_level|delta_rho,0.9422901462187707,0.9285342153478302,0.956441029678686,11222,2000,0,11041,11394,11041,11394
difference|llama|output_bigram_repeat_fraction|pooled|delta_alpha_z,0.8450364626516375,0.8302959632508377,0.8613943750473126,56110,2000,0,55205,56970,55205,56970
difference|llama|output_bigram_repeat_fraction|pooled|delta_rho,0.9007683268872124,0.884279863250688,0.9185643386815397,56110,2000,0,55205,56970,55205,56970
difference|llama|output_bytes|L1|delta_alpha_z,1.1715321440135442,1.146723956381511,1.1961941051382015,11222,2000,0,11041,11394,11041,11394
difference|llama|output_bytes|L1|delta_rho,1.113136156267739,1.0868841887502088,1.1400131057933793,11222,2000,0,11041,11394,11041,11394
difference|llama|output_bytes|L2|delta_alpha_z,0.6962727801908417,0.6702403496253732,0.7212783674885893,11222,2000,0,11041,11394,11041,11394
difference|llama|output_bytes|L2|delta_rho,0.8026321003420815,0.7711864418964425,0.8315222037303577,11222,2000,0,11041,11394,11041,11394
difference|llama|output_bytes|L3|delta_alpha_z,1.5396816768838968,1.5288315810196387,1.5496761389824385,11222,2000,0,11041,11394,11041,11394
difference|llama|output_bytes|L3|delta_rho,1.542735866336848,1.5280086104518649,1.5559009180345846,11222,2000,0,11041,11394,11041,11394
difference|llama|output_bytes|L4|delta_alpha_z,1.381875553149754,1.366892326979073,1.3965177982951762,11222,2000,0,11041,11394,11041,11394
difference|llama|output_bytes|L4|delta_rho,1.4487267041637706,1.4316222491382669,1.4657325257851457,11222,2000,0,11041,11394,11041,11394
difference|llama|output_bytes|L5|delta_alpha_z,1.260820168217328,1.2377933175731708,1.2847094378468542,11222,2000,0,11041,11394,11041,11394
difference|llama|output_bytes|L5|delta_rho,1.256509415550678,1.230560360335856,1.281456744581633,11222,2000,0,11041,11394,11041,11394
difference|llama|output_bytes|item_centered|delta_alpha_z,1.2163734043594254,1.200077383454282,1.2311712936918946,56110,2000,0,55205,56970,55205,56970
difference|llama|output_bytes|item_centered|delta_rho,1.15991103112981,1.1394463649208955,1.1784582845697678,56110,2000,0,55205,56970,55205,56970
difference|llama|output_bytes|macro_within_level|delta_alpha_z,1.2100364644910728,1.1996355946002295,1.2200797354938389,11222,2000,0,11041,11394,11041,11394
difference|llama|output_bytes|macro_within_level|delta_rho,1.2327480485322235,1.2211267253317042,1.2431121552385787,11222,2000,0,11041,11394,11041,11394
difference|llama|output_bytes|pooled|delta_alpha_z,1.2458153679355557,1.2308793718434472,1.2589246984366873,56110,2000,0,55205,56970,55205,56970
difference|llama|output_bytes|pooled|delta_rho,1.239295314120691,1.2206024186599111,1.2564660503140364,56110,2000,0,55205,56970,55205,56970
difference|llama|output_self_bits_per_byte|L1|delta_alpha_z,0.6219629284187231,0.603048642434249,0.6413031830877062,11222,2000,0,11041,11394,11041,11394
difference|llama|output_self_bits_per_byte|L1|delta_rho,0.6296269743884324,0.6091166816424751,0.6501515191036157,11222,2000,0,11041,11394,11041,11394
difference|llama|output_self_bits_per_byte|L2|delta_alpha_z,0.5741165512182601,0.5430799342088317,0.6055920111850263,11222,2000,0,11041,11394,11041,11394
difference|llama|output_self_bits_per_byte|L2|delta_rho,0.6241793292614165,0.5906750105778302,0.6581449451825532,11222,2000,0,11041,11394,11041,11394
difference|llama|output_self_bits_per_byte|L3|delta_alpha_z,0.4616958558594346,0.44192417723750177,0.4808194554095895,11222,2000,0,11041,11394,11041,11394
difference|llama|output_self_bits_per_byte|L3|delta_rho,0.4576620010902781,0.43821265568357215,0.476654497165314,11222,2000,0,11041,11394,11041,11394
difference|llama|output_self_bits_per_byte|L4|delta_alpha_z,0.5860733648629978,0.5677850420885092,0.605350936107679,11222,2000,0,11041,11394,11041,11394
difference|llama|output_self_bits_per_byte|L4|delta_rho,0.6187986952811726,0.5995915150176764,0.6380294620702996,11222,2000,0,11041,11394,11041,11394
difference|llama|output_self_bits_per_byte|L5|delta_alpha_z,0.08662408306326119,0.07752003507082732,0.09570335233746109,11222,2000,0,11041,11394,11041,11394
difference|llama|output_self_bits_per_byte|L5|delta_rho,0.11302123629641891,0.10325400078055096,0.1227949654941327,11222,2000,0,11041,11394,11041,11394
difference|llama|output_self_bits_per_byte|item_centered|delta_alpha_z,0.8455976936791542,0.8245465474456019,0.8657955806383313,56110,2000,0,55205,56970,55205,56970
difference|llama|output_self_bits_per_byte|item_centered|delta_rho,0.8436515817269596,0.8257513610473297,0.8615138820958135,56110,2000,0,55205,56970,55205,56970
difference|llama|output_self_bits_per_byte|macro_within_level|delta_alpha_z,0.4660945566845354,0.4534856078236493,0.4784464705702226,11222,2000,0,11041,11394,11041,11394
difference|llama|output_self_bits_per_byte|macro_within_level|delta_rho,0.4886576472635437,0.47545968415902806,0.5016368235474644,11222,2000,0,11041,11394,11041,11394
difference|llama|output_self_bits_per_byte|pooled|delta_alpha_z,0.8145516446879617,0.7973143485273912,0.8320081601983456,56110,2000,0,55205,56970,55205,56970
difference|llama|output_self_bits_per_byte|pooled|delta_rho,0.8357515802404245,0.8186505447323498,0.85389950865076,56110,2000,0,55205,56970,55205,56970
difference|llama|output_type_token_ratio|L1|delta_alpha_z,0.6791879199439431,0.6613805371780966,0.6975413655140732,11222,2000,0,11041,11394,11041,11394
difference|llama|output_type_token_ratio|L1|delta_rho,0.7062021240772143,0.6852440114467957,0.7273416473708804,11222,2000,0,11041,11394,11041,11394
difference|llama|output_type_token_ratio|L2|delta_alpha_z,0.7128146394486008,0.6822818287825375,0.7445812747141526,11222,2000,0,11041,11394,11041,11394
difference|llama|output_type_token_ratio|L2|delta_rho,0.7279681319098574,0.6947321133514325,0.7616239221243144,11222,2000,0,11041,11394,11041,11394
difference|llama|output_type_token_ratio|L3|delta_alpha_z,0.5539815568752086,0.5327257152617821,0.574502725115054,11222,2000,0,11041,11394,11041,11394
difference|llama|output_type_token_ratio|L3|delta_rho,0.5259531909524864,0.505186076874522,0.5458643825934492,11222,2000,0,11041,11394,11041,11394
difference|llama|output_type_token_ratio|L4|delta_alpha_z,0.5262266343184927,0.5085759418560346,0.5445672132124635,11222,2000,0,11041,11394,11041,11394
difference|llama|output_type_token_ratio|L4|delta_rho,0.5554662266936363,0.5370429210455516,0.5740152315005164,11222,2000,0,11041,11394,11041,11394
difference|llama|output_type_token_ratio|L5|delta_alpha_z,0.08184477888292829,0.06850240084478905,0.09497849044313182,11222,2000,0,11041,11394,11041,11394
difference|llama|output_type_token_ratio|L5|delta_rho,0.09132096242956633,0.08077686893424518,0.10203515506259302,11222,2000,0,11041,11394,11041,11394
difference|llama|output_type_token_ratio|item_centered|delta_alpha_z,0.9273361533315885,0.9053186927108786,0.9484474840455235,56110,2000,0,55205,56970,55205,56970
difference|llama|output_type_token_ratio|item_centered|delta_rho,0.9404521884516506,0.9203089338302719,0.9603916761770863,56110,2000,0,55205,56970,55205,56970
difference|llama|output_type_token_ratio|macro_within_level|delta_alpha_z,0.5108111058938347,0.49837177275086586,0.5231625203678025,11222,2000,0,11041,11394,11041,11394
difference|llama|output_type_token_ratio|macro_within_level|delta_rho,0.5213821272125522,0.5086636476765362,0.5341284708032105,11222,2000,0,11041,11394,11041,11394
difference|llama|output_type_token_ratio|pooled|delta_alpha_z,0.8955602311799962,0.8773004096990183,0.9128636674551728,56110,2000,0,55205,56970,55205,56970
difference|llama|output_type_token_ratio|pooled|delta_rho,0.9154050323092905,0.8969656895165492,0.9331639388707528,56110,2000,0,55205,56970,55205,56970
difference|llama|output_words|L1|delta_alpha_z,1.0980728939139797,1.0738365977719457,1.1224479852545464,11222,2000,0,11041,11394,11041,11394
difference|llama|output_words|L1|delta_rho,1.046920651370347,1.0205037036063054,1.0733593162076203,11222,2000,0,11041,11394,11041,11394
difference|llama|output_words|L2|delta_alpha_z,0.6675088488373768,0.6411217933787496,0.6929360569016719,11222,2000,0,11041,11394,11041,11394
difference|llama|output_words|L2|delta_rho,0.7658629305523923,0.7335963800169576,0.7957347946755292,11222,2000,0,11041,11394,11041,11394
difference|llama|output_words|L3|delta_alpha_z,1.5588727463985728,1.5479416581725889,1.5691507853215372,11222,2000,0,11041,11394,11041,11394
difference|llama|output_words|L3|delta_rho,1.5490320343884454,1.5346358040427586,1.561936360332592,11222,2000,0,11041,11394,11041,11394
difference|llama|output_words|L4|delta_alpha_z,1.421374054832248,1.4066598100173717,1.435463917994761,11222,2000,0,11041,11394,11041,11394
difference|llama|output_words|L4|delta_rho,1.4948960280627013,1.478367455734774,1.5111350300491806,11222,2000,0,11041,11394,11041,11394
difference|llama|output_words|L5|delta_alpha_z,1.2895686621969134,1.2671200537723952,1.3133320554106218,11222,2000,0,11041,11394,11041,11394
difference|llama|output_words|L5|delta_rho,1.2775509089340047,1.2522582821606332,1.3020633416233862,11222,2000,0,11041,11394,11041,11394
difference|llama|output_words|item_centered|delta_alpha_z,1.1846353713076168,1.1663708502642605,1.2011972342061847,56110,2000,0,55205,56970,55205,56970
difference|llama|output_words|item_centered|delta_rho,1.1288411793254238,1.1075080787755707,1.1485154181557706,56110,2000,0,55205,56970,55205,56970
difference|llama|output_words|macro_within_level|delta_alpha_z,1.2070794412358183,1.1967391769951479,1.2170058781450817,11222,2000,0,11041,11394,11041,11394
difference|llama|output_words|macro_within_level|delta_rho,1.2268525106615782,1.2148869549555092,1.2375657867304672,11222,2000,0,11041,11394,11041,11394
difference|llama|output_words|pooled|delta_alpha_z,1.2145176648063203,1.1975964770779524,1.2295865954874516,56110,2000,0,55205,56970,55205,56970
difference|llama|output_words|pooled|delta_rho,1.215345867024276,1.1961313003509815,1.2327117859011845,56110,2000,0,55205,56970,55205,56970
difference|llama|prompt_bytes|L1|delta_alpha_z,0.67050688941022,0.6561532187341389,0.683892697210583,11222,2000,0,11041,11394,11041,11394
difference|llama|prompt_bytes|L1|delta_rho,0.6396519502117185,0.621237780128471,0.6581109112521217,11222,2000,0,11041,11394,11041,11394
difference|llama|prompt_bytes|L2|delta_alpha_z,0.6747990665298926,0.6514295446539631,0.6983848327691342,11222,2000,0,11041,11394,11041,11394
difference|llama|prompt_bytes|L2|delta_rho,0.7243323662041607,0.6958699771004785,0.7517488031221379,11222,2000,0,11041,11394,11041,11394
difference|llama|prompt_bytes|L3|delta_alpha_z,0.8627753809807327,0.8431803962631712,0.883514576974167,11222,2000,0,11041,11394,11041,11394
difference|llama|prompt_bytes|L3|delta_rho,0.7901200602748082,0.769163746788988,0.8097588502582084,11222,2000,0,11041,11394,11041,11394
difference|llama|prompt_bytes|L4|delta_alpha_z,0.811483947655069,0.7919828812578119,0.8319754965464791,11222,2000,0,11041,11394,11041,11394
difference|llama|prompt_bytes|L4|delta_rho,0.8357633200326338,0.8153002228147002,0.8555404757654914,11222,2000,0,11041,11394,11041,11394
difference|llama|prompt_bytes|L5|delta_alpha_z,0.43809131352221453,0.4062754246104955,0.47110761752716185,11222,2000,0,11041,11394,11041,11394
difference|llama|prompt_bytes|L5|delta_rho,0.4280091326656486,0.39455732649088243,0.4626874590229258,11222,2000,0,11041,11394,11041,11394
difference|llama|prompt_bytes|item_centered|delta_alpha_z,0.25560028960510006,0.25020869856077455,0.26082327194281124,56110,2000,0,55205,56970,55205,56970
difference|llama|prompt_bytes|item_centered|delta_rho,0.16432176621314976,0.16027410239948278,0.1683150409854826,56110,2000,0,55205,56970,55205,56970
difference|llama|prompt_bytes|macro_within_level|delta_alpha_z,0.6915313196196258,0.6798692292646701,0.7032042336358139,11222,2000,0,11041,11394,11041,11394
difference|llama|prompt_bytes|macro_within_level|delta_rho,0.683575365877794,0.6711663420063851,0.6952120876162532,11222,2000,0,11041,11394,11041,11394
difference|llama|prompt_bytes|pooled|delta_alpha_z,0.3227374341105449,0.3165285090618033,0.3284220247408778,56110,2000,0,55205,56970,55205,56970
difference|llama|prompt_bytes|pooled|delta_rho,0.1514627959785968,0.14548857086746686,0.1576696367863348,56110,2000,0,55205,56970,55205,56970
difference|llama|prompt_to_output_byte_ratio|L1|delta_alpha_z,0.12595094515484462,0.10815944646358121,0.14461009212897025,11222,2000,0,11041,11394,11041,11394
difference|llama|prompt_to_output_byte_ratio|L1|delta_rho,0.2481452284984378,0.23677991020171613,0.25992299487704135,11222,2000,0,11041,11394,11041,11394
difference|llama|prompt_to_output_byte_ratio|L2|delta_alpha_z,0.4471352825370779,0.4033450360695909,0.49197614404880696,11222,2000,0,11041,11394,11041,11394
difference|llama|prompt_to_output_byte_ratio|L2|delta_rho,0.4013319414848787,0.37756715163489185,0.4260331269642743,11222,2000,0,11041,11394,11041,11394
difference|llama|prompt_to_output_byte_ratio|L3|delta_alpha_z,0.031414601512281926,0.02813651018945166,0.03475591143833909,11222,2000,0,11041,11394,11041,11394
difference|llama|prompt_to_output_byte_ratio|L3|delta_rho,0.03679476603332854,0.032197116618072605,0.04185648022534691,11222,2000,0,11041,11394,11041,11394
difference|llama|prompt_to_output_byte_ratio|L4|delta_alpha_z,0.14250956647314306,0.13218589943512865,0.1534198658155819,11222,2000,0,11041,11394,11041,11394
difference|llama|prompt_to_output_byte_ratio|L4|delta_rho,0.15718236051396084,0.14768297839507286,0.16741266272348732,11222,2000,0,11041,11394,11041,11394
difference|llama|prompt_to_output_byte_ratio|L5|delta_alpha_z,0.03903120081914924,0.027353119051899945,0.05274418055706737,11222,2000,0,11041,11394,11041,11394
difference|llama|prompt_to_output_byte_ratio|L5|delta_rho,0.011633960965083623,0.00791898006231534,0.015278921186021923,11222,2000,0,11041,11394,11041,11394
difference|llama|prompt_to_output_byte_ratio|item_centered|delta_alpha_z,0.05116030232479751,0.04700375921045489,0.05552959231002651,56110,2000,0,55205,56970,55205,56970
difference|llama|prompt_to_output_byte_ratio|item_centered|delta_rho,0.04367903008576535,0.041844229412406675,0.04535789729393233,56110,2000,0,55205,56970,55205,56970
difference|llama|prompt_to_output_byte_ratio|macro_within_level|delta_alpha_z,0.15720831929929935,0.14700885281884912,0.16755181363192978,11222,2000,0,11041,11394,11041,11394
difference|llama|prompt_to_output_byte_ratio|macro_within_level|delta_rho,0.17101765149913783,0.16525164509252585,0.17699019499062033,11222,2000,0,11041,11394,11041,11394
difference|llama|prompt_to_output_byte_ratio|pooled|delta_alpha_z,0.054073873950517215,0.049390560729033854,0.05918650584628492,56110,2000,0,55205,56970,55205,56970
difference|llama|prompt_to_output_byte_ratio|pooled|delta_rho,0.03152462088459662,0.02949909111450946,0.033392622997185234,56110,2000,0,55205,56970,55205,56970
difference|llama|prompt_words|L1|delta_alpha_z,0.6697489651949693,0.6552666421272303,0.6830860069851835,11222,2000,0,11041,11394,11041,11394
difference|llama|prompt_words|L1|delta_rho,0.629787528375069,0.6106775326954056,0.6480855736148811,11222,2000,0,11041,11394,11041,11394
difference|llama|prompt_words|L2|delta_alpha_z,0.67940405855174,0.6552891436100069,0.7032747465451481,11222,2000,0,11041,11394,11041,11394
difference|llama|prompt_words|L2|delta_rho,0.7353239850053885,0.7060960850562981,0.7636223644832325,11222,2000,0,11041,11394,11041,11394
difference|llama|prompt_words|L3|delta_alpha_z,0.8194897748072717,0.7998151501244737,0.8403037852898729,11222,2000,0,11041,11394,11041,11394
difference|llama|prompt_words|L3|delta_rho,0.7470150217263092,0.7270062198020307,0.7671670673019086,11222,2000,0,11041,11394,11041,11394
difference|llama|prompt_words|L4|delta_alpha_z,0.7615232591167033,0.7412813379480645,0.7813883351100078,11222,2000,0,11041,11394,11041,11394
difference|llama|prompt_words|L4|delta_rho,0.7899590851617332,0.7693686029899998,0.8090534925087409,11222,2000,0,11041,11394,11041,11394
difference|llama|prompt_words|L5|delta_alpha_z,0.3733192406853705,0.3425787785320255,0.40420036021249534,11222,2000,0,11041,11394,11041,11394
difference|llama|prompt_words|L5|delta_rho,0.3106020703231326,0.2786175072892675,0.3420038643893055,11222,2000,0,11041,11394,11041,11394
difference|llama|prompt_words|item_centered|delta_alpha_z,0.2528230264182131,0.2474191875535887,0.2579193072682862,56110,2000,0,55205,56970,55205,56970
difference|llama|prompt_words|item_centered|delta_rho,0.16462543772866023,0.1606316681250312,0.16844533218335495,56110,2000,0,55205,56970,55205,56970
difference|llama|prompt_words|macro_within_level|delta_alpha_z,0.660697059671211,0.6492848774557466,0.6723963362581366,11222,2000,0,11041,11394,11041,11394
difference|llama|prompt_words|macro_within_level|delta_rho,0.6425375381183265,0.6302956246744378,0.6545049158520316,11222,2000,0,11041,11394,11041,11394
difference|llama|prompt_words|pooled|delta_alpha_z,0.3204114217809937,0.31426239885170554,0.32631816882755377,56110,2000,0,55205,56970,55205,56970
difference|llama|prompt_words|pooled|delta_rho,0.14165124456698686,0.13587853128147348,0.14771479221903056,56110,2000,0,55205,56970,55205,56970
difference|llama|rouge_l_recall|L1|delta_alpha_z,-0.027124121219529895,-0.03327104735780052,-0.021951368645910983,11222,2000,0,11041,11394,11041,11394
difference|llama|rouge_l_recall|L1|delta_rho,-0.03482112535321058,-0.04071543040661576,-0.029140855341790183,11222,2000,0,11041,11394,11041,11394
difference|llama|rouge_l_recall|L2|delta_alpha_z,-0.076380980578727,-0.088750655541162,-0.06467412903244056,11222,2000,0,11041,11394,11041,11394
difference|llama|rouge_l_recall|L2|delta_rho,-0.06430896473135739,-0.07665018716021169,-0.05217615547333181,11222,2000,0,11041,11394,11041,11394
difference|llama|rouge_l_recall|L3|delta_alpha_z,-0.01580143663087319,-0.01823125811247386,-0.013407728817365247,11222,2000,0,11041,11394,11041,11394
difference|llama|rouge_l_recall|L3|delta_rho,-0.029323970728786897,-0.03263304015524482,-0.026070617496649885,11222,2000,0,11041,11394,11041,11394
difference|llama|rouge_l_recall|L4|delta_alpha_z,-0.01213225058282097,-0.015914358480274546,-0.008509196640925183,11222,2000,0,11041,11394,11041,11394
difference|llama|rouge_l_recall|L4|delta_rho,-0.014368163720486438,-0.017611022623435422,-0.011107104155885455,11222,2000,0,11041,11394,11041,11394
difference|llama|rouge_l_recall|L5|delta_alpha_z,0.09523650680395579,0.07363018252675502,0.11496693510330436,11222,2000,0,11041,11394,11041,11394
difference|llama|rouge_l_recall|L5|delta_rho,-0.007119475383751461,-0.012393318929313866,-0.0021175245484228947,11222,2000,0,11041,11394,11041,11394
difference|llama|rouge_l_recall|item_centered|delta_alpha_z,-0.009173020237425389,-0.010226720647773241,-0.008176834330059826,56110,2000,0,55205,56970,55205,56970
difference|llama|rouge_l_recall|item_centered|delta_rho,-0.006952278460734984,-0.008022942510617515,-0.006010107063360254,56110,2000,0,55205,56970,55205,56970
difference|llama|rouge_l_recall|macro_within_level|delta_alpha_z,-0.007240456441599097,-0.012800731724422912,-0.0023033285246670185,11222,2000,0,11041,11394,11041,11394
difference|llama|rouge_l_recall|macro_within_level|delta_rho,-0.029988339983518575,-0.03337283761375861,-0.02668476043728218,11222,2000,0,11041,11394,11041,11394
difference|llama|rouge_l_recall|pooled|delta_alpha_z,-0.014444986272583282,-0.01591134363724362,-0.013158391470894443,56110,2000,0,55205,56970,55205,56970
difference|llama|rouge_l_recall|pooled|delta_rho,-0.013763297398655339,-0.015251996469994474,-0.01260652407960924,56110,2000,0,55205,56970,55205,56970
difference|llama|word_bigram_coverage|L1|delta_alpha_z,0.012221571344006588,0.00541088620918429,0.018418158041429215,11222,2000,0,11041,11394,11041,11394
difference|llama|word_bigram_coverage|L1|delta_rho,-0.021942163622201916,-0.028244349530410304,-0.015851565592030957,11222,2000,0,11041,11394,11041,11394
difference|llama|word_bigram_coverage|L2|delta_alpha_z,0.03600267412498326,0.024569322065310734,0.04762272778727524,11222,2000,0,11041,11394,11041,11394
difference|llama|word_bigram_coverage|L2|delta_rho,0.04735995429168782,0.03643984024732217,0.058415204580732745,11222,2000,0,11041,11394,11041,11394
difference|llama|word_bigram_coverage|L3|delta_alpha_z,0.00868486360204479,0.005794468885521315,0.011490700144332552,11222,2000,0,11041,11394,11041,11394
difference|llama|word_bigram_coverage|L3|delta_rho,0.010094132496889952,0.006078569159846434,0.014270433633221712,11222,2000,0,11041,11394,11041,11394
difference|llama|word_bigram_coverage|L4|delta_alpha_z,0.02838692339596549,0.022918043926235872,0.033580358662024086,11222,2000,0,11041,11394,11041,11394
difference|llama|word_bigram_coverage|L4|delta_rho,0.03532719995801903,0.029229231397884223,0.04153366713433371,11222,2000,0,11041,11394,11041,11394
difference|llama|word_bigram_coverage|L5|delta_alpha_z,0.4046683653091958,0.3756116960257551,0.4326282483328273,11222,2000,0,11041,11394,11041,11394
difference|llama|word_bigram_coverage|L5|delta_rho,0.4809462770686618,0.45326037507243355,0.5089384006339384,11222,2000,0,11041,11394,11041,11394
difference|llama|word_bigram_coverage|item_centered|delta_alpha_z,0.0467265740367403,0.04521657055793922,0.04839308101707798,56110,2000,0,55205,56970,55205,56970
difference|llama|word_bigram_coverage|item_centered|delta_rho,0.03184705514496389,0.03041223424189735,0.033467975502422594,56110,2000,0,55205,56970,55205,56970
difference|llama|word_bigram_coverage|macro_within_level|delta_alpha_z,0.09799287955523928,0.09138451141834855,0.10470980523835877,11222,2000,0,11041,11394,11041,11394
difference|llama|word_bigram_coverage|macro_within_level|delta_rho,0.11035708003861133,0.10393234298245316,0.11734849526978582,11222,2000,0,11041,11394,11041,11394
difference|llama|word_bigram_coverage|pooled|delta_alpha_z,0.04196428811473529,0.040261860187075914,0.04372719214046574,56110,2000,0,55205,56970,55205,56970
difference|llama|word_bigram_coverage|pooled|delta_rho,0.027509802536498595,0.025702684939861685,0.02917036747986769,56110,2000,0,55205,56970,55205,56970
difference|llama|word_token_coverage|L1|delta_alpha_z,-0.009686984806499765,-0.01620947635853632,-0.004300109197729469,11222,2000,0,11041,11394,11041,11394
difference|llama|word_token_coverage|L1|delta_rho,-0.011357007226269644,-0.01797434747326183,-0.005450856980999762,11222,2000,0,11041,11394,11041,11394
difference|llama|word_token_coverage|L2|delta_alpha_z,0.0800934135316369,0.06708727017105093,0.09379699279803799,11222,2000,0,11041,11394,11041,11394
difference|llama|word_token_coverage|L2|delta_rho,0.11704479861121653,0.10422672684232033,0.13133274609889178,11222,2000,0,11041,11394,11041,11394
difference|llama|word_token_coverage|L3|delta_alpha_z,-0.00024609625542670877,-0.0023045120389819733,0.0018605100106979075,11222,2000,0,11041,11394,11041,11394
difference|llama|word_token_coverage|L3|delta_rho,-0.0027110963927924336,-0.005612517117099017,0.0003242470707892288,11222,2000,0,11041,11394,11041,11394
difference|llama|word_token_coverage|L4|delta_alpha_z,0.01943453551033103,0.015612925929448709,0.023128688818551613,11222,2000,0,11041,11394,11041,11394
difference|llama|word_token_coverage|L4|delta_rho,0.023353391148123404,0.019994405825738495,0.02680126526835925,11222,2000,0,11041,11394,11041,11394
difference|llama|word_token_coverage|L5|delta_alpha_z,0.050559040593145754,0.03589709448263243,0.0636305018984673,11222,2000,0,11041,11394,11041,11394
difference|llama|word_token_coverage|L5|delta_rho,-0.025711863544281566,-0.03037643526938316,-0.02117204586550828,11222,2000,0,11041,11394,11041,11394
difference|llama|word_token_coverage|item_centered|delta_alpha_z,-0.017302416134505894,-0.018479840982020598,-0.016160172963037074,56110,2000,0,55205,56970,55205,56970
difference|llama|word_token_coverage|item_centered|delta_rho,-0.006831665280597754,-0.007923881810390424,-0.005877622263403776,56110,2000,0,55205,56970,55205,56970
difference|llama|word_token_coverage|macro_within_level|delta_alpha_z,0.028030781714637465,0.023316498332887476,0.03258305633710341,11222,2000,0,11041,11394,11041,11394
difference|llama|word_token_coverage|macro_within_level|delta_rho,0.020123644519199235,0.016556448858579622,0.023806727629799778,11222,2000,0,11041,11394,11041,11394
difference|llama|word_token_coverage|pooled|delta_alpha_z,-0.01878720013437274,-0.020393280363736395,-0.01733230904376625,56110,2000,0,55205,56970,55205,56970
difference|llama|word_token_coverage|pooled|delta_rho,-0.008910605122418036,-0.010463816054089243,-0.007754064352764693,56110,2000,0,55205,56970,55205,56970
difference|llama|word_type_coverage|L1|delta_alpha_z,-0.021755838321680154,-0.028173037507816173,-0.01624203310674479,11222,2000,0,11041,11394,11041,11394
difference|llama|word_type_coverage|L1|delta_rho,-0.026888231991805678,-0.033159953478072636,-0.020892282001153912,11222,2000,0,11041,11394,11041,11394
difference|llama|word_type_coverage|L2|delta_alpha_z,0.05943599723075699,0.047705568643885414,0.07098397356723388,11222,2000,0,11041,11394,11041,11394
difference|llama|word_type_coverage|L2|delta_rho,0.08691446884072218,0.07552295985822079,0.09926220841562541,11222,2000,0,11041,11394,11041,11394
difference|llama|word_type_coverage|L3|delta_alpha_z,-0.0014012606508956305,-0.00359522806369367,0.0007780513888955463,11222,2000,0,11041,11394,11041,11394
difference|llama|word_type_coverage|L3|delta_rho,-0.0068000876644739305,-0.009646785976231198,-0.0038610073081991212,11222,2000,0,11041,11394,11041,11394
difference|llama|word_type_coverage|L4|delta_alpha_z,-0.01705527198796475,-0.020532749310300143,-0.013595106280407039,11222,2000,0,11041,11394,11041,11394
difference|llama|word_type_coverage|L4|delta_rho,-0.016676500059386146,-0.020191300793973056,-0.013335736457176565,11222,2000,0,11041,11394,11041,11394
difference|llama|word_type_coverage|L5|delta_alpha_z,0.03672895054155345,0.024444610637397706,0.04830634405488894,11222,2000,0,11041,11394,11041,11394
difference|llama|word_type_coverage|L5|delta_rho,-0.041505494920141994,-0.050359812108007856,-0.033204679748289515,11222,2000,0,11041,11394,11041,11394
difference|llama|word_type_coverage|item_centered|delta_alpha_z,-0.006001147403362994,-0.007051097134908607,-0.005056087812079577,56110,2000,0,55205,56970,55205,56970
difference|llama|word_type_coverage|item_centered|delta_rho,-0.0009054959221979075,-0.0019503259346895924,-3.171907130697944e-05,56110,2000,0,55205,56970,55205,56970
difference|llama|word_type_coverage|macro_within_level|delta_alpha_z,0.011190515362354048,0.006968234806646633,0.015165195642637012,11222,2000,0,11041,11394,11041,11394
difference|llama|word_type_coverage|macro_within_level|delta_rho,-0.0009911691590170912,-0.0048291338898247965,0.0026061234358490536,11222,2000,0,11041,11394,11041,11394
difference|llama|word_type_coverage|pooled|delta_alpha_z,-0.007708004942992397,-0.009199278047924375,-0.006414759976463083,56110,2000,0,55205,56970,55205,56970
difference|llama|word_type_coverage|pooled|delta_rho,-0.00019016350281619854,-0.0016720874803840102,0.0009113316701531919,56110,2000,0,55205,56970,55205,56970
difference|mixtral|char3_coverage|L1|delta_alpha_z,0.005338683623585028,-0.0011923827516458734,0.010792016483510507,11222,2000,0,11041,11394,11041,11394
difference|mixtral|char3_coverage|L1|delta_rho,0.0013055044552864326,-0.004833281153711571,0.007115371852237274,11222,2000,0,11041,11394,11041,11394
difference|mixtral|char3_coverage|L2|delta_alpha_z,0.10986805633144581,0.0928907925910895,0.1262399904525687,11222,2000,0,11041,11394,11041,11394
difference|mixtral|char3_coverage|L2|delta_rho,0.14114814540943338,0.12494509956064817,0.15799821773904688,11222,2000,0,11041,11394,11041,11394
difference|mixtral|char3_coverage|L3|delta_alpha_z,0.0067799627387181705,0.004535061676516017,0.008976901520005796,11222,2000,0,11041,11394,11041,11394
difference|mixtral|char3_coverage|L3|delta_rho,0.01655411065519119,0.013125346323596073,0.020007183467023217,11222,2000,0,11041,11394,11041,11394
difference|mixtral|char3_coverage|L4|delta_alpha_z,0.07592873258271138,0.07096563061021245,0.0809453361686124,11222,2000,0,11041,11394,11041,11394
difference|mixtral|char3_coverage|L4|delta_rho,0.09611258651509325,0.09051379787358628,0.10178282426565649,11222,2000,0,11041,11394,11041,11394
difference|mixtral|char3_coverage|L5|delta_alpha_z,0.01431425730611835,0.005944671304927929,0.023086725930602285,11222,2000,0,11041,11394,11041,11394
difference|mixtral|char3_coverage|L5|delta_rho,0.0070152267056481366,0.00289402538232795,0.011321526427694278,11222,2000,0,11041,11394,11041,11394
difference|mixtral|char3_coverage|item_centered|delta_alpha_z,-0.002088826940236155,-0.0035772209561764357,-0.0006923417379727171,56110,2000,0,55205,56970,55205,56970
difference|mixtral|char3_coverage|item_centered|delta_rho,-0.00018368963554282747,-0.001381172610838105,0.0008233105822472036,56110,2000,0,55205,56970,55205,56970
difference|mixtral|char3_coverage|macro_within_level|delta_alpha_z,0.04244593851651568,0.03768547960635229,0.047014427211570904,11222,2000,0,11041,11394,11041,11394
difference|mixtral|char3_coverage|macro_within_level|delta_rho,0.05242711474813044,0.048407233200075166,0.05648426542928172,11222,2000,0,11041,11394,11041,11394
difference|mixtral|char3_coverage|pooled|delta_alpha_z,-0.0045455232425085645,-0.006550816441924717,-0.0027207569184669075,56110,2000,0,55205,56970,55205,56970
difference|mixtral|char3_coverage|pooled|delta_rho,-0.0019148253230645285,-0.0035292118457215414,-0.0006488102365129704,56110,2000,0,55205,56970,55205,56970
difference|mixtral|char5_coverage|L1|delta_alpha_z,-0.0014721225431196805,-0.007681374668448293,0.0034228325440112555,11222,2000,0,11041,11394,11041,11394
difference|mixtral|char5_coverage|L1|delta_rho,-0.0044039399014421665,-0.010081104406052348,0.001167261124107787,11222,2000,0,11041,11394,11041,11394
difference|mixtral|char5_coverage|L2|delta_alpha_z,0.0724871053869035,0.060918230392576,0.08323976694214108,11222,2000,0,11041,11394,11041,11394
difference|mixtral|char5_coverage|L2|delta_rho,0.0796801038217877,0.06913409690191222,0.09033624912908746,11222,2000,0,11041,11394,11041,11394
difference|mixtral|char5_coverage|L3|delta_alpha_z,-0.0033636314297342818,-0.00480646565519329,-0.00197219525316277,11222,2000,0,11041,11394,11041,11394
difference|mixtral|char5_coverage|L3|delta_rho,-0.003909919719349619,-0.005875848170828415,-0.0019339608076515543,11222,2000,0,11041,11394,11041,11394
difference|mixtral|char5_coverage|L4|delta_alpha_z,0.004752799791689188,0.0021336551742517198,0.00730834561252688,11222,2000,0,11041,11394,11041,11394
difference|mixtral|char5_coverage|L4|delta_rho,0.006112722047947439,0.0037105762792015383,0.008413816385191454,11222,2000,0,11041,11394,11041,11394
difference|mixtral|char5_coverage|L5|delta_alpha_z,0.07534074586928852,0.062287486510268615,0.08864317195185305,11222,2000,0,11041,11394,11041,11394
difference|mixtral|char5_coverage|L5|delta_rho,0.08203401673677124,0.06835514352270254,0.09468787330908561,11222,2000,0,11041,11394,11041,11394
difference|mixtral|char5_coverage|item_centered|delta_alpha_z,0.0016419863941502522,0.0007411818547317289,0.002424762084270717,56110,2000,0,55205,56970,55205,56970
difference|mixtral|char5_coverage|item_centered|delta_rho,0.0038194357953583724,0.0028623709901786252,0.004563229600684065,56110,2000,0,55205,56970,55205,56970
difference|mixtral|char5_coverage|macro_within_level|delta_alpha_z,0.02954897941500545,0.025007165407295022,0.03367916096130392,11222,2000,0,11041,11394,11041,11394
difference|mixtral|char5_coverage|macro_within_level|delta_rho,0.031902596597142896,0.028202901175262637,0.03584549594530649,11222,2000,0,11041,11394,11041,11394
difference|mixtral|char5_coverage|pooled|delta_alpha_z,0.001088115839050774,-0.0002743318605579609,0.0021634876558021504,56110,2000,0,55205,56970,55205,56970
difference|mixtral|char5_coverage|pooled|delta_rho,0.0019807802681324205,0.0005271008101099345,0.0029901552002890657,56110,2000,0,55205,56970,55205,56970
difference|mixtral|char8_coverage|L1|delta_alpha_z,0.021744794969058123,0.015128852037395302,0.027309984779002906,11222,2000,0,11041,11394,11041,11394
difference|mixtral|char8_coverage|L1|delta_rho,0.006036176249228253,0.00037812852955797785,0.01164163049589553,11222,2000,0,11041,11394,11041,11394
difference|mixtral|char8_coverage|L2|delta_alpha_z,0.046407188310450986,0.03614155350357405,0.0563736428395608,11222,2000,0,11041,11394,11041,11394
difference|mixtral|char8_coverage|L2|delta_rho,0.05728649784079187,0.04852834576767766,0.06611669761937268,11222,2000,0,11041,11394,11041,11394
difference|mixtral|char8_coverage|L3|delta_alpha_z,0.010733090760484343,0.008458214807132889,0.013044180321123394,11222,2000,0,11041,11394,11041,11394
difference|mixtral|char8_coverage|L3|delta_rho,0.014659356795760026,0.011331243741909598,0.01803962327136605,11222,2000,0,11041,11394,11041,11394
difference|mixtral|char8_coverage|L4|delta_alpha_z,0.01270750389802977,0.00852981001265698,0.016910137278996255,11222,2000,0,11041,11394,11041,11394
difference|mixtral|char8_coverage|L4|delta_rho,0.012730132034154074,0.008289458653598739,0.0170505066808352,11222,2000,0,11041,11394,11041,11394
difference|mixtral|char8_coverage|L5|delta_alpha_z,0.2513879010550186,0.23096025386597854,0.2729493986658005,11222,2000,0,11041,11394,11041,11394
difference|mixtral|char8_coverage|L5|delta_rho,0.33840790379070784,0.31453883378900815,0.3634866336555157,11222,2000,0,11041,11394,11041,11394
difference|mixtral|char8_coverage|item_centered|delta_alpha_z,0.03822069790291438,0.03654006923710212,0.04003258880427192,56110,2000,0,55205,56970,55205,56970
difference|mixtral|char8_coverage|item_centered|delta_rho,0.031067224479243927,0.029285154844477745,0.03293599029205956,56110,2000,0,55205,56970,55205,56970
difference|mixtral|char8_coverage|macro_within_level|delta_alpha_z,0.06859609579860826,0.06311301993177333,0.07390639134589505,11222,2000,0,11041,11394,11041,11394
difference|mixtral|char8_coverage|macro_within_level|delta_rho,0.08582401334212841,0.08010537726392333,0.09158385130465645,11222,2000,0,11041,11394,11041,11394
difference|mixtral|char8_coverage|pooled|delta_alpha_z,0.03756366201174799,0.03567717010825382,0.039443437845893686,56110,2000,0,55205,56970,55205,56970
difference|mixtral|char8_coverage|pooled|delta_rho,0.03272216941920236,0.03073746662527798,0.03460918800532682,56110,2000,0,55205,56970,55205,56970
difference|mixtral|output_bigram_repeat_fraction|L1|delta_alpha_z,1.221294184652801,1.1998730200124936,1.2429519786513727,11222,2000,0,11041,11394,11041,11394
difference|mixtral|output_bigram_repeat_fraction|L1|delta_rho,1.1211465583511695,1.0994152378329203,1.1425102337588389,11222,2000,0,11041,11394,11041,11394
difference|mixtral|output_bigram_repeat_fraction|L2|delta_alpha_z,0.4050777929259628,0.3784365813238521,0.4311439236087089,11222,2000,0,11041,11394,11041,11394
difference|mixtral|output_bigram_repeat_fraction|L2|delta_rho,0.4296322129817739,0.40288801541720143,0.4575294853785587,11222,2000,0,11041,11394,11041,11394
difference|mixtral|output_bigram_repeat_fraction|L3|delta_alpha_z,0.9980318869853538,0.9749880091009789,1.0217133058676733,11222,2000,0,11041,11394,11041,11394
difference|mixtral|output_bigram_repeat_fraction|L3|delta_rho,1.0497230456533009,1.0274641557265936,1.0728860830470592,11222,2000,0,11041,11394,11041,11394
difference|mixtral|output_bigram_repeat_fraction|L4|delta_alpha_z,0.9918872238391114,0.9675729180013826,1.0148513201493954,11222,2000,0,11041,11394,11041,11394
difference|mixtral|output_bigram_repeat_fraction|L4|delta_rho,1.0020127031607011,0.977666934961917,1.0249902187683662,11222,2000,0,11041,11394,11041,11394
difference|mixtral|output_bigram_repeat_fraction|L5|delta_alpha_z,1.1457596167715771,1.1218153714138464,1.1681426248720765,11222,2000,0,11041,11394,11041,11394
difference|mixtral|output_bigram_repeat_fraction|L5|delta_rho,1.139646592913958,1.1156089606018786,1.1631233197576771,11222,2000,0,11041,11394,11041,11394
difference|mixtral|output_bigram_repeat_fraction|item_centered|delta_alpha_z,0.7672976466138919,0.7489682453226233,0.7859718607670461,56110,2000,0,55205,56970,55205,56970
difference|mixtral|output_bigram_repeat_fraction|item_centered|delta_rho,0.8349146244202883,0.8164271355853676,0.854464111791579,56110,2000,0,55205,56970,55205,56970
difference|mixtral|output_bigram_repeat_fraction|macro_within_level|delta_alpha_z,0.9524101410349612,0.9386179898764462,0.9663004111143236,11222,2000,0,11041,11394,11041,11394
difference|mixtral|output_bigram_repeat_fraction|macro_within_level|delta_rho,0.9484322226121806,0.9356150287410556,0.9618274146557849,11222,2000,0,11041,11394,11041,11394
difference|mixtral|output_bigram_repeat_fraction|pooled|delta_alpha_z,0.8374101148452265,0.8226218120309834,0.8531734169423311,56110,2000,0,55205,56970,55205,56970
difference|mixtral|output_bigram_repeat_fraction|pooled|delta_rho,0.8986054339551596,0.8820369651047297,0.9160585922003757,56110,2000,0,55205,56970,55205,56970
difference|mixtral|output_bytes|L1|delta_alpha_z,1.170783650369588,1.1446162785688339,1.1960167210832642,11222,2000,0,11041,11394,11041,11394
difference|mixtral|output_bytes|L1|delta_rho,1.1232647629570698,1.0972839047176994,1.1485076679352553,11222,2000,0,11041,11394,11041,11394
difference|mixtral|output_bytes|L2|delta_alpha_z,0.5967097260957814,0.5684031120145872,0.6245134267417775,11222,2000,0,11041,11394,11041,11394
difference|mixtral|output_bytes|L2|delta_rho,0.6370586842010117,0.6046119655677451,0.6703242625262755,11222,2000,0,11041,11394,11041,11394
difference|mixtral|output_bytes|L3|delta_alpha_z,1.5923702468189758,1.5826712680406108,1.6011719287001351,11222,2000,0,11041,11394,11041,11394
difference|mixtral|output_bytes|L3|delta_rho,1.6156693888518094,1.6029792931230695,1.6277096815029681,11222,2000,0,11041,11394,11041,11394
difference|mixtral|output_bytes|L4|delta_alpha_z,1.4008975242106056,1.3850400546835167,1.415777425797766,11222,2000,0,11041,11394,11041,11394
difference|mixtral|output_bytes|L4|delta_rho,1.469295512077927,1.4516191465285284,1.4862938650144073,11222,2000,0,11041,11394,11041,11394
difference|mixtral|output_bytes|L5|delta_alpha_z,1.3469279290526055,1.3274323468238027,1.3666794841872942,11222,2000,0,11041,11394,11041,11394
difference|mixtral|output_bytes|L5|delta_rho,1.3703672333980303,1.3472034198498306,1.393848709698708,11222,2000,0,11041,11394,11041,11394
difference|mixtral|output_bytes|item_centered|delta_alpha_z,1.2085278454679371,1.192270451851845,1.2233182894626933,56110,2000,0,55205,56970,55205,56970
difference|mixtral|output_bytes|item_centered|delta_rho,1.1541352158602871,1.1341390406607317,1.1726350048050602,56110,2000,0,55205,56970,55205,56970
difference|mixtral|output_bytes|macro_within_level|delta_alpha_z,1.2215378153095113,1.2115673639163167,1.230989869696643,11222,2000,0,11041,11394,11041,11394
difference|mixtral|output_bytes|macro_within_level|delta_rho,1.2431311162971697,1.2325721988874943,1.2538149437703356,11222,2000,0,11041,11394,11041,11394
difference|mixtral|output_bytes|pooled|delta_alpha_z,1.2466928742240948,1.231981249410565,1.2598278511498768,56110,2000,0,55205,56970,55205,56970
difference|mixtral|output_bytes|pooled|delta_rho,1.243967135633732,1.226020730990977,1.2607193025192394,56110,2000,0,55205,56970,55205,56970
difference|mixtral|output_self_bits_per_byte|L1|delta_alpha_z,0.628922961290253,0.6097601300537632,0.6490503576631506,11222,2000,0,11041,11394,11041,11394
difference|mixtral|output_self_bits_per_byte|L1|delta_rho,0.6283206571798035,0.6076689534132372,0.6490485329658586,11222,2000,0,11041,11394,11041,11394
difference|mixtral|output_self_bits_per_byte|L2|delta_alpha_z,0.45355270988479024,0.4207451262708803,0.4879824947601056,11222,2000,0,11041,11394,11041,11394
difference|mixtral|output_self_bits_per_byte|L2|delta_rho,0.44779474384330664,0.41108947978913635,0.48563108528648125,11222,2000,0,11041,11394,11041,11394
difference|mixtral|output_self_bits_per_byte|L3|delta_alpha_z,0.45778257965560887,0.4389311200902168,0.47639357381461955,11222,2000,0,11041,11394,11041,11394
difference|mixtral|output_self_bits_per_byte|L3|delta_rho,0.4556617403922804,0.4360461384566036,0.473764556001327,11222,2000,0,11041,11394,11041,11394
difference|mixtral|output_self_bits_per_byte|L4|delta_alpha_z,0.5875918949225147,0.5699818968120293,0.6054852370484083,11222,2000,0,11041,11394,11041,11394
difference|mixtral|output_self_bits_per_byte|L4|delta_rho,0.6193017779846364,0.6016042173225015,0.6369591010818342,11222,2000,0,11041,11394,11041,11394
difference|mixtral|output_self_bits_per_byte|L5|delta_alpha_z,0.08617998488532064,0.07915018722150582,0.09407168195599115,11222,2000,0,11041,11394,11041,11394
difference|mixtral|output_self_bits_per_byte|L5|delta_rho,0.12057659627891859,0.11215370602499389,0.1294512493756186,11222,2000,0,11041,11394,11041,11394
difference|mixtral|output_self_bits_per_byte|item_centered|delta_alpha_z,0.8640923609284483,0.8444482454579811,0.8841316288709747,56110,2000,0,55205,56970,55205,56970
difference|mixtral|output_self_bits_per_byte|item_centered|delta_rho,0.8537756362066714,0.8366723915936971,0.8712651821191397,56110,2000,0,55205,56970,55205,56970
difference|mixtral|output_self_bits_per_byte|macro_within_level|delta_alpha_z,0.4428060261276975,0.43073687739053285,0.4550612518881202,11222,2000,0,11041,11394,11041,11394
difference|mixtral|output_self_bits_per_byte|macro_within_level|delta_rho,0.4543311031357891,0.44111811999282174,0.46758317314230385,11222,2000,0,11041,11394,11041,11394
difference|mixtral|output_self_bits_per_byte|pooled|delta_alpha_z,0.8203197396459407,0.8035975144211875,0.8376354728867712,56110,2000,0,55205,56970,55205,56970
difference|mixtral|output_self_bits_per_byte|pooled|delta_rho,0.834091455274519,0.8168657101584016,0.8519335126723603,56110,2000,0,55205,56970,55205,56970
difference|mixtral|output_type_token_ratio|L1|delta_alpha_z,0.6862971024036298,0.6676954377842549,0.7057447191467915,11222,2000,0,11041,11394,11041,11394
difference|mixtral|output_type_token_ratio|L1|delta_rho,0.706316874140148,0.6849017026298148,0.728644841477242,11222,2000,0,11041,11394,11041,11394
difference|mixtral|output_type_token_ratio|L2|delta_alpha_z,0.570098480800038,0.535510529405078,0.606517758945816,11222,2000,0,11041,11394,11041,11394
difference|mixtral|output_type_token_ratio|L2|delta_rho,0.5503208901383922,0.5139022081132981,0.5881904702662311,11222,2000,0,11041,11394,11041,11394
difference|mixtral|output_type_token_ratio|L3|delta_alpha_z,0.5476664114064468,0.5264502441892221,0.5674769354482356,11222,2000,0,11041,11394,11041,11394
difference|mixtral|output_type_token_ratio|L3|delta_rho,0.5238211046776037,0.5031524169454397,0.5436676527499564,11222,2000,0,11041,11394,11041,11394
difference|mixtral|output_type_token_ratio|L4|delta_alpha_z,0.5260794382025956,0.5098386067847027,0.5428830921135093,11222,2000,0,11041,11394,11041,11394
difference|mixtral|output_type_token_ratio|L4|delta_rho,0.5563750220216951,0.5394208301474499,0.573506058501859,11222,2000,0,11041,11394,11041,11394
difference|mixtral|output_type_token_ratio|L5|delta_alpha_z,0.1591479768080657,0.14806134552249228,0.16955644588331298,11222,2000,0,11041,11394,11041,11394
difference|mixtral|output_type_token_ratio|L5|delta_rho,0.1641508073884561,0.15387448794733144,0.17487423060240423,11222,2000,0,11041,11394,11041,11394
difference|mixtral|output_type_token_ratio|item_centered|delta_alpha_z,0.9504114763235377,0.928940307029996,0.9709213223598198,56110,2000,0,55205,56970,55205,56970
difference|mixtral|output_type_token_ratio|item_centered|delta_rho,0.9521466468012328,0.932229680356037,0.9721564056039715,56110,2000,0,55205,56970,55205,56970
difference|mixtral|output_type_token_ratio|macro_within_level|delta_alpha_z,0.49785788192415514,0.4851501536255072,0.5104742041114863,11222,2000,0,11041,11394,11041,11394
difference|mixtral|output_type_token_ratio|macro_within_level|delta_rho,0.5001969396732591,0.48668593193346754,0.5138386828288841,11222,2000,0,11041,11394,11041,11394
difference|mixtral|output_type_token_ratio|pooled|delta_alpha_z,0.906122591348884,0.8877519229354915,0.9234042710662088,56110,2000,0,55205,56970,55205,56970
difference|mixtral|output_type_token_ratio|pooled|delta_rho,0.9170695571084639,0.8985966800106828,0.9345123835085206,56110,2000,0,55205,56970,55205,56970
difference|mixtral|output_words|L1|delta_alpha_z,1.097536283256693,1.0726650031597438,1.1210706342632883,11222,2000,0,11041,11394,11041,11394
difference|mixtral|output_words|L1|delta_rho,1.0553372095436742,1.0299782344627082,1.0795867957636525,11222,2000,0,11041,11394,11041,11394
difference|mixtral|output_words|L2|delta_alpha_z,0.5580259751296743,0.5297980266587682,0.5866223815501443,11222,2000,0,11041,11394,11041,11394
difference|mixtral|output_words|L2|delta_rho,0.5859522154093296,0.5518098533850763,0.6206910493211949,11222,2000,0,11041,11394,11041,11394
difference|mixtral|output_words|L3|delta_alpha_z,1.6100441430871495,1.6004286745910021,1.6189056705485296,11222,2000,0,11041,11394,11041,11394
difference|mixtral|output_words|L3|delta_rho,1.6202366396424517,1.6074793985046183,1.6320918541118186,11222,2000,0,11041,11394,11041,11394
difference|mixtral|output_words|L4|delta_alpha_z,1.4387321938914648,1.4229494187317187,1.4528716870120415,11222,2000,0,11041,11394,11041,11394
difference|mixtral|output_words|L4|delta_rho,1.514419493856815,1.4975203692548067,1.5303674079644314,11222,2000,0,11041,11394,11041,11394
difference|mixtral|output_words|L5|delta_alpha_z,1.3658141989056427,1.346650597111196,1.3853170974553186,11222,2000,0,11041,11394,11041,11394
difference|mixtral|output_words|L5|delta_rho,1.3773163565298452,1.3543825128589055,1.4004526785673206,11222,2000,0,11041,11394,11041,11394
difference|mixtral|output_words|item_centered|delta_alpha_z,1.176658518821399,1.1587095233541371,1.1929445527298754,56110,2000,0,55205,56970,55205,56970
difference|mixtral|output_words|item_centered|delta_rho,1.1223768452311589,1.1015849338114259,1.141699976095963,56110,2000,0,55205,56970,55205,56970
difference|mixtral|output_words|macro_within_level|delta_alpha_z,1.214030558854125,1.204211863476357,1.223399628884534,11222,2000,0,11041,11394,11041,11394
difference|mixtral|output_words|macro_within_level|delta_rho,1.230652382996423,1.2196846392234684,1.241286330366043,11222,2000,0,11041,11394,11041,11394
difference|mixtral|output_words|pooled|delta_alpha_z,1.2142999585476053,1.1976267901824487,1.2292146364992458,56110,2000,0,55205,56970,55205,56970
difference|mixtral|output_words|pooled|delta_rho,1.2186587004745613,1.199898505939159,1.2355736365813828,56110,2000,0,55205,56970,55205,56970
difference|mixtral|prompt_bytes|L1|delta_alpha_z,0.6870656449697142,0.6709488948785365,0.7017739919822178,11222,2000,0,11041,11394,11041,11394
difference|mixtral|prompt_bytes|L1|delta_rho,0.6477220684572865,0.6288080104913409,0.6664162416978393,11222,2000,0,11041,11394,11041,11394
difference|mixtral|prompt_bytes|L2|delta_alpha_z,0.5920717814769936,0.5654854040570857,0.6189586247114911,11222,2000,0,11041,11394,11041,11394
difference|mixtral|prompt_bytes|L2|delta_rho,0.589679246182871,0.5583879067430509,0.6221400619513134,11222,2000,0,11041,11394,11041,11394
difference|mixtral|prompt_bytes|L3|delta_alpha_z,0.9501770254038545,0.9319471713329949,0.9693535895589074,11222,2000,0,11041,11394,11041,11394
difference|mixtral|prompt_bytes|L3|delta_rho,0.8976499640986729,0.8781988785183747,0.9159978068460735,11222,2000,0,11041,11394,11041,11394
difference|mixtral|prompt_bytes|L4|delta_alpha_z,0.864205528759376,0.8451296867570661,0.8834931487597756,11222,2000,0,11041,11394,11041,11394
difference|mixtral|prompt_bytes|L4|delta_rho,0.8949609927438759,0.8756047820630105,0.9138763319306643,11222,2000,0,11041,11394,11041,11394
difference|mixtral|prompt_bytes|L5|delta_alpha_z,0.6132603781064734,0.5832345970612611,0.6413820720361211,11222,2000,0,11041,11394,11041,11394
difference|mixtral|prompt_bytes|L5|delta_rho,0.551445958365031,0.522502736039969,0.5802492423408343,11222,2000,0,11041,11394,11041,11394
difference|mixtral|prompt_bytes|item_centered|delta_alpha_z,0.2684016595134304,0.2631636844790269,0.2733597635162354,56110,2000,0,55205,56970,55205,56970
difference|mixtral|prompt_bytes|item_centered|delta_rho,0.1672917616615096,0.16313853674974077,0.171264516577682,56110,2000,0,55205,56970,55205,56970
difference|mixtral|prompt_bytes|macro_within_level|delta_alpha_z,0.7413560717432823,0.730058287447299,0.7525962090238287,11222,2000,0,11041,11394,11041,11394
difference|mixtral|prompt_bytes|macro_within_level|delta_rho,0.7162916459695474,0.7044739357807099,0.7279695967537411,11222,2000,0,11041,11394,11041,11394
difference|mixtral|prompt_bytes|pooled|delta_alpha_z,0.3426907351042374,0.33667464858300794,0.348142715317142,56110,2000,0,55205,56970,55205,56970
difference|mixtral|prompt_bytes|pooled|delta_rho,0.15695940611908943,0.15114460644526292,0.16309743478863287,56110,2000,0,55205,56970,55205,56970
difference|mixtral|prompt_to_output_byte_ratio|L1|delta_alpha_z,0.136726103139577,0.11999147468416704,0.15540867839871986,11222,2000,0,11041,11394,11041,11394
difference|mixtral|prompt_to_output_byte_ratio|L1|delta_rho,0.23529681897262877,0.22398880128029322,0.24670209783767796,11222,2000,0,11041,11394,11041,11394
difference|mixtral|prompt_to_output_byte_ratio|L2|delta_alpha_z,0.4247008530293813,0.38769414137942776,0.46377312260800885,11222,2000,0,11041,11394,11041,11394
difference|mixtral|prompt_to_output_byte_ratio|L2|delta_rho,0.3833870372954761,0.35774202296236685,0.40907510690058346,11222,2000,0,11041,11394,11041,11394
difference|mixtral|prompt_to_output_byte_ratio|L3|delta_alpha_z,0.027343807463535708,0.02409321792816608,0.030656789909807185,11222,2000,0,11041,11394,11041,11394
difference|mixtral|prompt_to_output_byte_ratio|L3|delta_rho,0.04144453781350088,0.03688144092925321,0.046224119068815704,11222,2000,0,11041,11394,11041,11394
difference|mixtral|prompt_to_output_byte_ratio|L4|delta_alpha_z,0.1534229941449664,0.1432587979034271,0.16407025553446747,11222,2000,0,11041,11394,11041,11394
difference|mixtral|prompt_to_output_byte_ratio|L4|delta_rho,0.16803493244904422,0.1581288451246205,0.17790854059119826,11222,2000,0,11041,11394,11041,11394
difference|mixtral|prompt_to_output_byte_ratio|L5|delta_alpha_z,0.05580126856401968,0.047404625818469645,0.06518357854783013,11222,2000,0,11041,11394,11041,11394
difference|mixtral|prompt_to_output_byte_ratio|L5|delta_rho,0.023075523447904422,0.019442827954049297,0.026612874360825874,11222,2000,0,11041,11394,11041,11394
difference|mixtral|prompt_to_output_byte_ratio|item_centered|delta_alpha_z,0.07446979845974866,0.07002816093157213,0.0790529137563019,56110,2000,0,55205,56970,55205,56970
difference|mixtral|prompt_to_output_byte_ratio|item_centered|delta_rho,0.05408082293069427,0.05199674641350409,0.056019473925711785,56110,2000,0,55205,56970,55205,56970
difference|mixtral|prompt_to_output_byte_ratio|macro_within_level|delta_alpha_z,0.15959900526829596,0.15081728708882491,0.16834795647940592,11222,2000,0,11041,11394,11041,11394
difference|mixtral|prompt_to_output_byte_ratio|macro_within_level|delta_rho,0.17024776999571078,0.1643811233072231,0.1766683485801439,11222,2000,0,11041,11394,11041,11394
difference|mixtral|prompt_to_output_byte_ratio|pooled|delta_alpha_z,0.07504411218848417,0.0700805699730632,0.08043823258757236,56110,2000,0,55205,56970,55205,56970
difference|mixtral|prompt_to_output_byte_ratio|pooled|delta_rho,0.03665648394553278,0.03453088049674345,0.03870981620737385,56110,2000,0,55205,56970,55205,56970
difference|mixtral|prompt_words|L1|delta_alpha_z,0.685620451567441,0.6698598590073601,0.699840783446662,11222,2000,0,11041,11394,11041,11394
difference|mixtral|prompt_words|L1|delta_rho,0.6375071058320954,0.6189337042276203,0.6559328716452053,11222,2000,0,11041,11394,11041,11394
difference|mixtral|prompt_words|L2|delta_alpha_z,0.5882375659325632,0.5607774943951135,0.6162250665025579,11222,2000,0,11041,11394,11041,11394
difference|mixtral|prompt_words|L2|delta_rho,0.5737751029914325,0.5406491983722909,0.607875789508089,11222,2000,0,11041,11394,11041,11394
difference|mixtral|prompt_words|L3|delta_alpha_z,0.9100792595854205,0.8914842961567533,0.9295698897616094,11222,2000,0,11041,11394,11041,11394
difference|mixtral|prompt_words|L3|delta_rho,0.857782716587348,0.8391451953871315,0.877414671380975,11222,2000,0,11041,11394,11041,11394
difference|mixtral|prompt_words|L4|delta_alpha_z,0.8230890016287591,0.8039436654797041,0.8419828288644607,11222,2000,0,11041,11394,11041,11394
difference|mixtral|prompt_words|L4|delta_rho,0.8560861120951798,0.8370176987201096,0.8742958370128706,11222,2000,0,11041,11394,11041,11394
difference|mixtral|prompt_words|L5|delta_alpha_z,0.5659534506955305,0.5376297510933704,0.5931915355193215,11222,2000,0,11041,11394,11041,11394
difference|mixtral|prompt_words|L5|delta_rho,0.4616054802078921,0.4347128351537789,0.4890693307398786,11222,2000,0,11041,11394,11041,11394
difference|mixtral|prompt_words|item_centered|delta_alpha_z,0.2653781011385845,0.26006344358624683,0.2703510407530251,56110,2000,0,55205,56970,55205,56970
difference|mixtral|prompt_words|item_centered|delta_rho,0.1671073152944239,0.1629883422375276,0.17121016013361598,56110,2000,0,55205,56970,55205,56970
difference|mixtral|prompt_words|macro_within_level|delta_alpha_z,0.7145959458819428,0.7032921990437642,0.7259510115291096,11222,2000,0,11041,11394,11041,11394
difference|mixtral|prompt_words|macro_within_level|delta_rho,0.6773513035427895,0.6658311237138522,0.6892746035867294,11222,2000,0,11041,11394,11041,11394
difference|mixtral|prompt_words|pooled|delta_alpha_z,0.33961968078312554,0.3335858339899434,0.3455452407326132,56110,2000,0,55205,56970,55205,56970
difference|mixtral|prompt_words|pooled|delta_rho,0.1466458106435079,0.1409060862329309,0.15275213347289485,56110,2000,0,55205,56970,55205,56970
difference|mixtral|rouge_l_recall|L1|delta_alpha_z,-0.019946810369139145,-0.026777969999458865,-0.014174867918734253,11222,2000,0,11041,11394,11041,11394
difference|mixtral|rouge_l_recall|L1|delta_rho,-0.026839309048236726,-0.03308177359958208,-0.020423155351457483,11222,2000,0,11041,11394,11041,11394
difference|mixtral|rouge_l_recall|L2|delta_alpha_z,-0.10712701656248003,-0.12104711381757509,-0.09357361681286251,11222,2000,0,11041,11394,11041,11394
difference|mixtral|rouge_l_recall|L2|delta_rho,-0.0960599320622742,-0.10956646459816521,-0.0820756892488773,11222,2000,0,11041,11394,11041,11394
difference|mixtral|rouge_l_recall|L3|delta_alpha_z,-0.010290130012377552,-0.012600805311133292,-0.00800494516958597,11222,2000,0,11041,11394,11041,11394
difference|mixtral|rouge_l_recall|L3|delta_rho,-0.01726057810820736,-0.02034535444411391,-0.014356352174758698,11222,2000,0,11041,11394,11041,11394
difference|mixtral|rouge_l_recall|L4|delta_alpha_z,0.008133390572049537,0.004369833881784727,0.01188534340223146,11222,2000,0,11041,11394,11041,11394
difference|mixtral|rouge_l_recall|L4|delta_rho,0.0018469912354904805,-0.001381910066670347,0.005094346686596863,11222,2000,0,11041,11394,11041,11394
difference|mixtral|rouge_l_recall|L5|delta_alpha_z,0.05630472730435221,0.042436599399274806,0.0695318758679126,11222,2000,0,11041,11394,11041,11394
difference|mixtral|rouge_l_recall|L5|delta_rho,0.006834998264297121,0.001771300664564973,0.01171985355762425,11222,2000,0,11041,11394,11041,11394
difference|mixtral|rouge_l_recall|item_centered|delta_alpha_z,-0.0073282663047841146,-0.008392556605667503,-0.006335615485055355,56110,2000,0,55205,56970,55205,56970
difference|mixtral|rouge_l_recall|item_centered|delta_rho,-0.0059784377449736414,-0.007128300261883885,-0.004988877930943797,56110,2000,0,55205,56970,55205,56970
difference|mixtral|rouge_l_recall|macro_within_level|delta_alpha_z,-0.01458516781351904,-0.01927465192462967,-0.010251667446470212,11222,2000,0,11041,11394,11041,11394
difference|mixtral|rouge_l_recall|macro_within_level|delta_rho,-0.026295565943786126,-0.029985810054071842,-0.02276953898348298,11222,2000,0,11041,11394,11041,11394
difference|mixtral|rouge_l_recall|pooled|delta_alpha_z,-0.01256655751164415,-0.014203687426473054,-0.011162585241415886,56110,2000,0,55205,56970,55205,56970
difference|mixtral|rouge_l_recall|pooled|delta_rho,-0.012946018173666474,-0.014564496875473901,-0.01172813979253369,56110,2000,0,55205,56970,55205,56970
difference|mixtral|word_bigram_coverage|L1|delta_alpha_z,0.015721409790272034,0.007810028563938165,0.022998042066155362,11222,2000,0,11041,11394,11041,11394
difference|mixtral|word_bigram_coverage|L1|delta_rho,-0.012540987918436941,-0.019318878181613174,-0.005430573803570644,11222,2000,0,11041,11394,11041,11394
difference|mixtral|word_bigram_coverage|L2|delta_alpha_z,0.011035735953904391,-0.0018281477120891093,0.023060173078561213,11222,2000,0,11041,11394,11041,11394
difference|mixtral|word_bigram_coverage|L2|delta_rho,0.029161423958169896,0.01757218969605031,0.04091576718310833,11222,2000,0,11041,11394,11041,11394
difference|mixtral|word_bigram_coverage|L3|delta_alpha_z,0.01940082675864574,0.016418046169999697,0.02239253388416418,11222,2000,0,11041,11394,11041,11394
difference|mixtral|word_bigram_coverage|L3|delta_rho,0.0251943509271082,0.020949370283598646,0.029822418597107783,11222,2000,0,11041,11394,11041,11394
difference|mixtral|word_bigram_coverage|L4|delta_alpha_z,0.045647143901525356,0.039963581663272074,0.05159428437812999,11222,2000,0,11041,11394,11041,11394
difference|mixtral|word_bigram_coverage|L4|delta_rho,0.04877827816181268,0.04247613361553356,0.05527557441416471,11222,2000,0,11041,11394,11041,11394
difference|mixtral|word_bigram_coverage|L5|delta_alpha_z,0.3266620563489486,0.3029408802551971,0.35101171473515935,11222,2000,0,11041,11394,11041,11394
difference|mixtral|word_bigram_coverage|L5|delta_rho,0.46324585838339477,0.4375511910623196,0.4886431209162215,11222,2000,0,11041,11394,11041,11394
difference|mixtral|word_bigram_coverage|item_centered|delta_alpha_z,0.04053903011560722,0.038889803409449,0.0424130962682069,56110,2000,0,55205,56970,55205,56970
difference|mixtral|word_bigram_coverage|item_centered|delta_rho,0.029318714982204064,0.027774463524703995,0.031041591328525936,56110,2000,0,55205,56970,55205,56970
difference|mixtral|word_bigram_coverage|macro_within_level|delta_alpha_z,0.08369343455065914,0.07758629518020323,0.08988984935435569,11222,2000,0,11041,11394,11041,11394
difference|mixtral|word_bigram_coverage|macro_within_level|delta_rho,0.11076778470240967,0.10455996761694837,0.11688936071651579,11222,2000,0,11041,11394,11041,11394
difference|mixtral|word_bigram_coverage|pooled|delta_alpha_z,0.03722506442711715,0.035358147858755545,0.0391899735733695,56110,2000,0,55205,56970,55205,56970
difference|mixtral|word_bigram_coverage|pooled|delta_rho,0.027190105966292788,0.02541341796287385,0.028917488425808536,56110,2000,0,55205,56970,55205,56970
difference|mixtral|word_token_coverage|L1|delta_alpha_z,0.0016505583860970674,-0.0052038497260888964,0.007513892803112582,11222,2000,0,11041,11394,11041,11394
difference|mixtral|word_token_coverage|L1|delta_rho,-0.004064523582377411,-0.011002914003157258,0.0028339907756614936,11222,2000,0,11041,11394,11041,11394
difference|mixtral|word_token_coverage|L2|delta_alpha_z,0.0645083248229309,0.048842193180324275,0.07938457527652702,11222,2000,0,11041,11394,11041,11394
difference|mixtral|word_token_coverage|L2|delta_rho,0.08957312120345878,0.07569818179734371,0.10383196086805026,11222,2000,0,11041,11394,11041,11394
difference|mixtral|word_token_coverage|L3|delta_alpha_z,0.0050928855484270175,0.003068645303949519,0.007188133301057988,11222,2000,0,11041,11394,11041,11394
difference|mixtral|word_token_coverage|L3|delta_rho,0.011401892335054176,0.008540560583610964,0.014293980186458843,11222,2000,0,11041,11394,11041,11394
difference|mixtral|word_token_coverage|L4|delta_alpha_z,0.037896085633408294,0.034208718436569405,0.041655694212886674,11222,2000,0,11041,11394,11041,11394
difference|mixtral|word_token_coverage|L4|delta_rho,0.03947823390925154,0.03607698318839102,0.04295258439290653,11222,2000,0,11041,11394,11041,11394
difference|mixtral|word_token_coverage|L5|delta_alpha_z,0.012390975388053338,0.003762082421813037,0.02034602096045523,11222,2000,0,11041,11394,11041,11394
difference|mixtral|word_token_coverage|L5|delta_rho,-0.010269305670414952,-0.01520991815102701,-0.0057437339743414565,11222,2000,0,11041,11394,11041,11394
difference|mixtral|word_token_coverage|item_centered|delta_alpha_z,-0.009353928301185421,-0.010627518229411926,-0.008109455426677467,56110,2000,0,55205,56970,55205,56970
difference|mixtral|word_token_coverage|item_centered|delta_rho,-0.0038164443260189085,-0.005010551213376613,-0.002789921158433939,56110,2000,0,55205,56970,55205,56970
difference|mixtral|word_token_coverage|macro_within_level|delta_alpha_z,0.024307765955783323,0.019918060520749573,0.028623742679583702,11222,2000,0,11041,11394,11041,11394
difference|mixtral|word_token_coverage|macro_within_level|delta_rho,0.025223883638994415,0.021492103993948086,0.029086424128929488,11222,2000,0,11041,11394,11041,11394
difference|mixtral|word_token_coverage|pooled|delta_alpha_z,-0.010314527172216925,-0.012044168629322536,-0.00867368560569814,56110,2000,0,55205,56970,55205,56970
difference|mixtral|word_token_coverage|pooled|delta_rho,-0.006959737754524409,-0.008627770867120143,-0.005745462816139001,56110,2000,0,55205,56970,55205,56970
difference|mixtral|word_type_coverage|L1|delta_alpha_z,-0.017555362759139714,-0.024270180682968705,-0.011585631712280374,11222,2000,0,11041,11394,11041,11394
difference|mixtral|word_type_coverage|L1|delta_rho,-0.024956855474574047,-0.031757616920944046,-0.01827232959660516,11222,2000,0,11041,11394,11041,11394
difference|mixtral|word_type_coverage|L2|delta_alpha_z,0.031352086465209705,0.017677943656251867,0.04398156738194799,11222,2000,0,11041,11394,11041,11394
difference|mixtral|word_type_coverage|L2|delta_rho,0.05148439828001472,0.03893550520871952,0.06448949197973719,11222,2000,0,11041,11394,11041,11394
difference|mixtral|word_type_coverage|L3|delta_alpha_z,0.00867386179849472,0.0064955921423947485,0.010899770356855914,11222,2000,0,11041,11394,11041,11394
difference|mixtral|word_type_coverage|L3|delta_rho,0.00779045439613768,0.0051426691936602735,0.010632669214237759,11222,2000,0,11041,11394,11041,11394
difference|mixtral|word_type_coverage|L4|delta_alpha_z,-0.00303321365537923,-0.00649124251711306,0.0003847644842333733,11222,2000,0,11041,11394,11041,11394
difference|mixtral|word_type_coverage|L4|delta_rho,-0.0031110980486346307,-0.006531984190071019,0.0002489705546985627,11222,2000,0,11041,11394,11041,11394
difference|mixtral|word_type_coverage|L5|delta_alpha_z,-0.006241104224243954,-0.015780189469806596,0.0025813481520477353,11222,2000,0,11041,11394,11041,11394
difference|mixtral|word_type_coverage|L5|delta_rho,-0.031187459146995278,-0.03971999270202752,-0.023197611614155456,11222,2000,0,11041,11394,11041,11394
difference|mixtral|word_type_coverage|item_centered|delta_alpha_z,-0.004226345713298274,-0.005297082596830202,-0.0032742637517070325,56110,2000,0,55205,56970,55205,56970
difference|mixtral|word_type_coverage|item_centered|delta_rho,-0.0013367124626151305,-0.002418718679783366,-0.0004276333490268126,56110,2000,0,55205,56970,55205,56970
difference|mixtral|word_type_coverage|macro_within_level|delta_alpha_z,0.002639253524988283,-0.001587434172240429,0.006590834627091769,11222,2000,0,11041,11394,11041,11394
difference|mixtral|word_type_coverage|macro_within_level|delta_rho,3.888001189666923e-06,-0.0038708637806687124,0.003979764194301249,11222,2000,0,11041,11394,11041,11394
difference|mixtral|word_type_coverage|pooled|delta_alpha_z,-0.005349603947287118,-0.006985118643632484,-0.003975659393174281,56110,2000,0,55205,56970,55205,56970
difference|mixtral|word_type_coverage|pooled|delta_rho,0.00010238920246907757,-0.0014031766592498053,0.0012162815875360075,56110,2000,0,55205,56970,55205,56970
direct|char3_coverage|L1|alpha_z,0.9366794808587888,0.9318861478103223,0.9401746448707748,11222,2000,0,11041,11394,11041,11394
direct|char3_coverage|L1|rho,0.9492407267928209,0.9453495845224179,0.9524709522696903,11222,2000,0,11041,11394,11041,11394
direct|char3_coverage|L2|alpha_z,0.7874743946665121,0.7716534657046606,0.8020852337799859,11222,2000,0,11041,11394,11041,11394
direct|char3_coverage|L2|rho,0.8015499487139036,0.7865608490646075,0.8151967319375624,11222,2000,0,11041,11394,11041,11394
direct|char3_coverage|L3|alpha_z,0.9693288400008871,0.9679215967707765,0.9706640739334895,11222,2000,0,11041,11394,11041,11394
direct|char3_coverage|L3|rho,0.9457783939340682,0.94269131697625,0.9487134492889062,11222,2000,0,11041,11394,11041,11394
direct|char3_coverage|L4|alpha_z,0.933080742952306,0.929754299324584,0.9364709186971627,11222,2000,0,11041,11394,11041,11394
direct|char3_coverage|L4|rho,0.9200789507597524,0.9161335622767337,0.9240331485777353,11222,2000,0,11041,11394,11041,11394
direct|char3_coverage|L5|alpha_z,0.9425478645163691,0.9367258370489396,0.9482815040230811,11222,2000,0,11041,11394,11041,11394
direct|char3_coverage|L5|rho,0.9588960443227525,0.9571668396209929,0.9605768641764098,11222,2000,0,11041,11394,11041,11394
direct|char3_coverage|item_centered|alpha_z,0.9545156531887489,0.9535071624229656,0.955395707365926,56110,2000,0,55205,56970,55205,56970
direct|char3_coverage|item_centered|rho,0.9716516388352077,0.9707699699177218,0.9724437861123865,56110,2000,0,55205,56970,55205,56970
direct|char3_coverage|macro_within_level|alpha_z,0.9138222645989726,0.9102647309434072,0.9171518332467277,11222,2000,0,11041,11394,11041,11394
direct|char3_coverage|macro_within_level|rho,0.9151088129046595,0.9117769814531744,0.918167989653755,11222,2000,0,11041,11394,11041,11394
direct|char3_coverage|pooled|alpha_z,0.9491524489916074,0.9480122146125566,0.950139145542739,56110,2000,0,55205,56970,55205,56970
direct|char3_coverage|pooled|rho,0.9710126596760865,0.9698413590521239,0.9719748358947834,56110,2000,0,55205,56970,55205,56970
direct|char5_coverage|L1|alpha_z,0.9715808491156005,0.9671006404413476,0.974473567809219,11222,2000,0,11041,11394,11041,11394
direct|char5_coverage|L1|rho,0.9640306450043381,0.9607976470523962,0.9667343379631821,11222,2000,0,11041,11394,11041,11394
direct|char5_coverage|L2|alpha_z,0.8946446912486826,0.8848219865532931,0.9034126987059695,11222,2000,0,11041,11394,11041,11394
direct|char5_coverage|L2|rho,0.899423700255497,0.8902251809377082,0.9075987259584594,11222,2000,0,11041,11394,11041,11394
direct|char5_coverage|L3|alpha_z,0.986405591786277,0.9856696710722952,0.9871280650934423,11222,2000,0,11041,11394,11041,11394
direct|char5_coverage|L3|rho,0.9791266975900212,0.9778920693328308,0.9802529551028178,11222,2000,0,11041,11394,11041,11394
direct|char5_coverage|L4|alpha_z,0.9755287763496957,0.9744434657654036,0.9766101546957008,11222,2000,0,11041,11394,11041,11394
direct|char5_coverage|L4|rho,0.9766801860055608,0.9755958215080156,0.9776521156234266,11222,2000,0,11041,11394,11041,11394
direct|char5_coverage|L5|alpha_z,0.7983520633886141,0.7862466589560821,0.8096453618950104,11222,2000,0,11041,11394,11041,11394
direct|char5_coverage|L5|rho,0.7656598504824174,0.7558156677244239,0.774954522560421,11222,2000,0,11041,11394,11041,11394
direct|char5_coverage|item_centered|alpha_z,0.9878062707804104,0.9870974379056513,0.9883389014137863,56110,2000,0,55205,56970,55205,56970
direct|char5_coverage|item_centered|rho,0.9858131596439018,0.9851185724633585,0.9863848134033975,56110,2000,0,55205,56970,55205,56970
direct|char5_coverage|macro_within_level|alpha_z,0.925302394377774,0.9219019583619319,0.9283788990269721,11222,2000,0,11041,11394,11041,11394
direct|char5_coverage|macro_within_level|rho,0.916984215867567,0.9141493474396634,0.9196222595518209,11222,2000,0,11041,11394,11041,11394
direct|char5_coverage|pooled|alpha_z,0.9843653404562309,0.9834085438246962,0.9851123113087074,56110,2000,0,55205,56970,55205,56970
direct|char5_coverage|pooled|rho,0.9833176561908016,0.9823111200870721,0.9840770037601172,56110,2000,0,55205,56970,55205,56970
direct|char8_coverage|L1|alpha_z,0.9727244320583405,0.9679809244428831,0.9756885496105325,11222,2000,0,11041,11394,11041,11394
direct|char8_coverage|L1|rho,0.9642779311076851,0.9612409503825208,0.9668798373044583,11222,2000,0,11041,11394,11041,11394
direct|char8_coverage|L2|alpha_z,0.9157032823742768,0.9082350017116617,0.9227280064753319,11222,2000,0,11041,11394,11041,11394
direct|char8_coverage|L2|rho,0.9250685866110233,0.9187118587757871,0.9311881061029221,11222,2000,0,11041,11394,11041,11394
direct|char8_coverage|L3|alpha_z,0.9761377775116351,0.9749800778135277,0.9772481386719889,11222,2000,0,11041,11394,11041,11394
direct|char8_coverage|L3|rho,0.966506469161177,0.9646631801719778,0.9681372125547493,11222,2000,0,11041,11394,11041,11394
direct|char8_coverage|L4|alpha_z,0.9348913914761829,0.931819573901472,0.9378239885981943,11222,2000,0,11041,11394,11041,11394
direct|char8_coverage|L4|rho,0.9344384600441996,0.9312025901980481,0.9375586133931297,11222,2000,0,11041,11394,11041,11394
direct|char8_coverage|L5|alpha_z,0.5356425144287957,0.5097508743095804,0.5595370889865027,11222,2000,0,11041,11394,11041,11394
direct|char8_coverage|L5|rho,0.3510110697238256,0.3305571474613729,0.37019839186493114,11222,2000,0,11041,11394,11041,11394
direct|char8_coverage|item_centered|alpha_z,0.976999366076403,0.9761089423847642,0.9777922926899664,56110,2000,0,55205,56970,55205,56970
direct|char8_coverage|item_centered|rho,0.977613128763115,0.9766951032461098,0.9784142473281425,56110,2000,0,55205,56970,55205,56970
direct|char8_coverage|macro_within_level|alpha_z,0.8670198795698463,0.8613635559295505,0.8720988766524166,11222,2000,0,11041,11394,11041,11394
direct|char8_coverage|macro_within_level|rho,0.8282605033295821,0.8237658705288375,0.8324605700488444,11222,2000,0,11041,11394,11041,11394
direct|char8_coverage|pooled|alpha_z,0.9745259358515858,0.9734317169124173,0.9754543706798101,56110,2000,0,55205,56970,55205,56970
direct|char8_coverage|pooled|rho,0.9702358351900984,0.9689366923261108,0.9713700252340636,56110,2000,0,55205,56970,55205,56970
direct|output_bigram_repeat_fraction|L1|alpha_z,-0.18984389327813833,-0.2129282794475979,-0.16862246392509433,11222,2000,0,11041,11394,11041,11394
direct|output_bigram_repeat_fraction|L1|rho,-0.12888481408228541,-0.150941547367873,-0.1080192893613463,11222,2000,0,11041,11394,11041,11394
direct|output_bigram_repeat_fraction|L2|alpha_z,0.3129603041687278,0.28657912265205654,0.3382202944211467,11222,2000,0,11041,11394,11041,11394
direct|output_bigram_repeat_fraction|L2|rho,0.35458539193636535,0.32564677614746335,0.3838501912404135,11222,2000,0,11041,11394,11041,11394
direct|output_bigram_repeat_fraction|L3|alpha_z,-0.1422636118902061,-0.16404080448565908,-0.12094656067688696,11222,2000,0,11041,11394,11041,11394
direct|output_bigram_repeat_fraction|L3|rho,-0.2186818738429271,-0.24073927889335714,-0.19767037713511582,11222,2000,0,11041,11394,11041,11394
direct|output_bigram_repeat_fraction|L4|alpha_z,-0.30609040503662266,-0.3243980280400506,-0.28811452621176975,11222,2000,0,11041,11394,11041,11394
direct|output_bigram_repeat_fraction|L4|rho,-0.3183031815018693,-0.3374700359486164,-0.300723458855292,11222,2000,0,11041,11394,11041,11394
direct|output_bigram_repeat_fraction|L5|alpha_z,-0.4779343919785879,-0.4933750665817609,-0.4620154766600893,11222,2000,0,11041,11394,11041,11394
direct|output_bigram_repeat_fraction|L5|rho,-0.5563470674841224,-0.5698641465277305,-0.5420728580775249,11222,2000,0,11041,11394,11041,11394
direct|output_bigram_repeat_fraction|item_centered|alpha_z,0.2353900030970688,0.21629549736816095,0.25398017049302496,56110,2000,0,55205,56970,55205,56970
direct|output_bigram_repeat_fraction|item_centered|rho,0.15842492398140798,0.13949940231169858,0.1768794324859899,56110,2000,0,55205,56970,55205,56970
direct|output_bigram_repeat_fraction|macro_within_level|alpha_z,-0.16063439960296544,-0.17345668149953503,-0.14747145225938427,11222,2000,0,11041,11394,11041,11394
direct|output_bigram_repeat_fraction|macro_within_level|rho,-0.17352630899496777,-0.1869204137812592,-0.16023671687464106,11222,2000,0,11041,11394,11041,11394
direct|output_bigram_repeat_fraction|pooled|alpha_z,0.16209678795441518,0.14601856261147553,0.17733674701615534,56110,2000,0,55205,56970,55205,56970
direct|output_bigram_repeat_fraction|pooled|rho,0.0960777824030962,0.07971250650580534,0.11155738537253158,56110,2000,0,55205,56970,55205,56970
direct|output_bytes|L1|alpha_z,-0.3289811607305049,-0.350561390001638,-0.30703692733413057,11222,2000,0,11041,11394,11041,11394
direct|output_bytes|L1|rho,-0.377131403899874,-0.3994479279851802,-0.3544442423792841,11222,2000,0,11041,11394,11041,11394
direct|output_bytes|L2|alpha_z,0.010809250473003629,-0.015958628660328884,0.03801533500813132,11222,2000,0,11041,11394,11041,11394
direct|output_bytes|L2|rho,-0.19478852141075467,-0.22551979306007852,-0.16181378187255702,11222,2000,0,11041,11394,11041,11394
direct|output_bytes|L3|alpha_z,-0.7581768430173166,-0.764143689818793,-0.7523029166878867,11222,2000,0,11041,11394,11041,11394
direct|output_bytes|L3|rho,-0.8532514100282808,-0.8599548633454956,-0.8460441629550435,11222,2000,0,11041,11394,11041,11394
direct|output_bytes|L4|alpha_z,-0.7052418211587208,-0.7139510799884827,-0.6965349031925472,11222,2000,0,11041,11394,11041,11394
direct|output_bytes|L4|rho,-0.8097361006670217,-0.818629055750325,-0.8003392807600002,11222,2000,0,11041,11394,11041,11394
direct|output_bytes|L5|alpha_z,-0.7442430094995334,-0.7529695207490801,-0.7362370525936546,11222,2000,0,11041,11394,11041,11394
direct|output_bytes|L5|rho,-0.9517606517249104,-0.9536441915731395,-0.9497519417875003,11222,2000,0,11041,11394,11041,11394
direct|output_bytes|item_centered|alpha_z,-0.23600010501485302,-0.24984321585339006,-0.22074514497459685,56110,2000,0,55205,56970,55205,56970
direct|output_bytes|item_centered|rho,-0.1985445062053928,-0.21681265447737183,-0.1788503742960164,56110,2000,0,55205,56970,55205,56970
direct|output_bytes|macro_within_level|alpha_z,-0.5051667167866144,-0.5136484965120043,-0.496466082532874,11222,2000,0,11041,11394,11041,11394
direct|output_bytes|macro_within_level|rho,-0.6373336175461684,-0.6465887428549018,-0.6273524404847608,11222,2000,0,11041,11394,11041,11394
direct|output_bytes|pooled|alpha_z,-0.2940337415874348,-0.30639746694234293,-0.2801504361221447,56110,2000,0,55205,56970,55205,56970
direct|output_bytes|pooled|rho,-0.2967779842537308,-0.3133841210540221,-0.2784609406501135,56110,2000,0,55205,56970,55205,56970
direct|output_self_bits_per_byte|L1|alpha_z,0.22401854545353028,0.20415805313473712,0.24457436628115262,11222,2000,0,11041,11394,11041,11394
direct|output_self_bits_per_byte|L1|rho,0.16122662744385693,0.13862192380229743,0.1838686832795601,11222,2000,0,11041,11394,11041,11394
direct|output_self_bits_per_byte|L2|alpha_z,-0.008608022290741646,-0.05581860629847578,0.03905296870304073,11222,2000,0,11041,11394,11041,11394
direct|output_self_bits_per_byte|L2|rho,-0.17577952360370486,-0.21101504581978456,-0.14244104147793096,11222,2000,0,11041,11394,11041,11394
direct|output_self_bits_per_byte|L3|alpha_z,0.5283987775250167,0.5104678883105873,0.5468470456645874,11222,2000,0,11041,11394,11041,11394
direct|output_self_bits_per_byte|L3|rho,0.5074998292387483,0.4897412445183918,0.5268613112177831,11222,2000,0,11041,11394,11041,11394
direct|output_self_bits_per_byte|L4|alpha_z,0.4545017485091847,0.4375079540355219,0.4721146345431271,11222,2000,0,11041,11394,11041,11394
direct|output_self_bits_per_byte|L4|rho,0.42628743303297467,0.4086486235937137,0.44357239456508235,11222,2000,0,11041,11394,11041,11394
direct|output_self_bits_per_byte|L5|alpha_z,0.9143007932184835,0.9097887437359015,0.9184897010925697,11222,2000,0,11041,11394,11041,11394
direct|output_self_bits_per_byte|L5|rho,0.8751784325341112,0.8700857131330517,0.8801114751762245,11222,2000,0,11041,11394,11041,11394
direct|output_self_bits_per_byte|item_centered|alpha_z,0.08369298050612106,0.06273194937877781,0.10475111207059157,56110,2000,0,55205,56970,55205,56970
direct|output_self_bits_per_byte|item_centered|rho,0.09995850799533602,0.08186812937521416,0.1174643943467345,56110,2000,0,55205,56970,55205,56970
direct|output_self_bits_per_byte|macro_within_level|alpha_z,0.4225223684830947,0.4078495511049405,0.4368546716396331,11222,2000,0,11041,11394,11041,11394
direct|output_self_bits_per_byte|macro_within_level|rho,0.35888255972919725,0.34607879540489656,0.37143752782779366,11222,2000,0,11041,11394,11041,11394
direct|output_self_bits_per_byte|pooled|alpha_z,0.11354357708343343,0.0950223381219747,0.13202585009120943,56110,2000,0,55205,56970,55205,56970
direct|output_self_bits_per_byte|pooled|rho,0.09870153701908718,0.08160329993591199,0.11512173524521513,56110,2000,0,55205,56970,55205,56970
direct|output_type_token_ratio|L1|alpha_z,0.14276107393024473,0.12216766434481727,0.1635523033014251,11222,2000,0,11041,11394,11041,11394
direct|output_type_token_ratio|L1|rho,0.08385272222021099,0.06177949005517436,0.10655042519700249,11222,2000,0,11041,11394,11041,11394
direct|output_type_token_ratio|L2|alpha_z,-0.20732948120621963,-0.24490654223820427,-0.16891548196332384,11222,2000,0,11041,11394,11041,11394
direct|output_type_token_ratio|L2|rho,-0.27019777034295184,-0.3030953164852884,-0.23902848358748338,11222,2000,0,11041,11394,11041,11394
direct|output_type_token_ratio|L3|alpha_z,0.43389538014154905,0.4143456719439381,0.4536681505252421,11222,2000,0,11041,11394,11041,11394
direct|output_type_token_ratio|L3|rho,0.447633584734678,0.4288950917350866,0.46688992566442755,11222,2000,0,11041,11394,11041,11394
direct|output_type_token_ratio|L4|alpha_z,0.5061848702621492,0.49170805403674256,0.5210291374538016,11222,2000,0,11041,11394,11041,11394
direct|output_type_token_ratio|L4|rho,0.49300160806436244,0.47786815799199334,0.5083828285556139,11222,2000,0,11041,11394,11041,11394
direct|output_type_token_ratio|L5|alpha_z,0.7631273975007715,0.7550484638519149,0.7714764941507359,11222,2000,0,11041,11394,11041,11394
direct|output_type_token_ratio|L5|rho,0.7585304251744139,0.7502612931583478,0.7669883937215859,11222,2000,0,11041,11394,11041,11394
direct|output_type_token_ratio|item_centered|alpha_z,-0.024869578120607416,-0.045886561910372305,-0.004036711574648349,56110,2000,0,55205,56970,55205,56970
direct|output_type_token_ratio|item_centered|rho,-0.009545393497160388,-0.02875829417899704,0.009572133584209039,56110,2000,0,55205,56970,55205,56970
direct|output_type_token_ratio|macro_within_level|alpha_z,0.327727848125699,0.31426214965154126,0.3413127975822335,11222,2000,0,11041,11394,11041,11394
direct|output_type_token_ratio|macro_within_level|rho,0.3025641139701427,0.28961338612269844,0.3149213727029099,11222,2000,0,11041,11394,11041,11394
direct|output_type_token_ratio|pooled|alpha_z,0.007091910225016207,-0.011026397076006372,0.024920132731130147,56110,2000,0,55205,56970,55205,56970
direct|output_type_token_ratio|pooled|rho,0.015705346233403382,-0.0011902480529203277,0.03299059203197556,56110,2000,0,55205,56970,55205,56970
direct|output_words|L1|alpha_z,-0.2740249472154046,-0.2963079007811606,-0.2526906233335884,11222,2000,0,11041,11394,11041,11394
direct|output_words|L1|rho,-0.33389150891604436,-0.3560843160911293,-0.31033902816998465,11222,2000,0,11041,11394,11041,11394
direct|output_words|L2|alpha_z,0.00357965110315539,-0.02316682697645762,0.030499534613951752,11222,2000,0,11041,11394,11041,11394
direct|output_words|L2|rho,-0.20283890784018194,-0.23266509303042152,-0.17028749331703352,11222,2000,0,11041,11394,11041,11394
direct|output_words|L3|alpha_z,-0.7877985422629221,-0.7927208642150624,-0.7831670550747832,11222,2000,0,11041,11394,11041,11394
direct|output_words|L3|rho,-0.8792575576366013,-0.8840266219903237,-0.8740393854058504,11222,2000,0,11041,11394,11041,11394
direct|output_words|L4|alpha_z,-0.7453537847549037,-0.7519586215115751,-0.7387511892836515,11222,2000,0,11041,11394,11041,11394
direct|output_words|L4|rho,-0.8582513105892089,-0.8641174414287833,-0.8519346380299709,11222,2000,0,11041,11394,11041,11394
direct|output_words|L5|alpha_z,-0.7658155507062836,-0.7741319009144201,-0.7578664030140059,11222,2000,0,11041,11394,11041,11394
direct|output_words|L5|rho,-0.9550259433709335,-0.9567746186083658,-0.9531432984594728,11222,2000,0,11041,11394,11041,11394
direct|output_words|item_centered|alpha_z,-0.20355791795722822,-0.21917229744251593,-0.18657528004022275,56110,2000,0,55205,56970,55205,56970
direct|output_words|item_centered|rho,-0.16702352401495763,-0.18575484273967563,-0.14640912105497172,56110,2000,0,55205,56970,55205,56970
direct|output_words|macro_within_level|alpha_z,-0.5138826347672717,-0.5220644613683506,-0.5055380176887091,11222,2000,0,11041,11394,11041,11394
direct|output_words|macro_within_level|rho,-0.645853045670594,-0.6549683635819805,-0.6357788044807848,11222,2000,0,11041,11394,11041,11394
direct|output_words|pooled|alpha_z,-0.26844563435832947,-0.28245840514459547,-0.25298440698660135,56110,2000,0,55205,56970,55205,56970
direct|output_words|pooled|rho,-0.27905144896289547,-0.29619146972632776,-0.25999382245829217,56110,2000,0,55205,56970,55205,56970
direct|prompt_bytes|L1|alpha_z,0.16404213025143277,0.1508847662130889,0.1782244702670271,11222,2000,0,11041,11394,11041,11394
direct|prompt_bytes|L1|rho,0.1123501175423689,0.09499882504365045,0.12889354019747795,11222,2000,0,11041,11394,11041,11394
direct|prompt_bytes|L2|alpha_z,0.0964523506797118,0.07104439618785213,0.12231684237307439,11222,2000,0,11041,11394,11041,11394
direct|prompt_bytes|L2|rho,-0.02544890054947962,-0.05572332393885107,0.006475724902335918,11222,2000,0,11041,11394,11041,11394
direct|prompt_bytes|L3|alpha_z,-0.11855412114460528,-0.135438186333013,-0.10177580200639189,11222,2000,0,11041,11394,11041,11394
direct|prompt_bytes|L3|rho,-0.1050821073765204,-0.1229345016810591,-0.08670555757517698,11222,2000,0,11041,11394,11041,11394
direct|prompt_bytes|L4|alpha_z,-0.15035733028189013,-0.16824331919774088,-0.1310596412905461,11222,2000,0,11041,11394,11041,11394
direct|prompt_bytes|L4|rho,-0.16466818328684052,-0.18229850214462556,-0.14461231054239965,11222,2000,0,11041,11394,11041,11394
direct|prompt_bytes|L5|alpha_z,0.005654615501900273,-0.012850063229085024,0.025586143099674885,11222,2000,0,11041,11394,11041,11394
direct|prompt_bytes|L5|rho,0.028795963911205865,0.008353552149623312,0.04917939311673418,11222,2000,0,11041,11394,11041,11394
direct|prompt_bytes|item_centered|alpha_z,0.644291104932853,0.6390972693924393,0.6499049263699813,56110,2000,0,55205,56970,55205,56970
direct|prompt_bytes|item_centered|rho,0.7556574575852982,0.7515227345900055,0.7598074769024221,56110,2000,0,55205,56970,55205,56970
direct|prompt_bytes|macro_within_level|alpha_z,-0.0005524709986901132,-0.011119233880131963,0.01050388093337863,11222,2000,0,11041,11394,11041,11394
direct|prompt_bytes|macro_within_level|rho,-0.030810621951853155,-0.04260500173793595,-0.01835361636382633,11222,2000,0,11041,11394,11041,11394
direct|prompt_bytes|pooled|alpha_z,0.5699276761491201,0.5629344657367019,0.5770265310101449,56110,2000,0,55205,56970,55205,56970
direct|prompt_bytes|pooled|rho,0.7639724227450151,0.7573862833267373,0.7701388057310445,56110,2000,0,55205,56970,55205,56970
direct|prompt_to_output_byte_ratio|L1|alpha_z,0.8246133301577322,0.8096508769602921,0.8383762664512449,11222,2000,0,11041,11394,11041,11394
direct|prompt_to_output_byte_ratio|L1|rho,0.7751500670226334,0.7644429681068091,0.7847255026001408,11222,2000,0,11041,11394,11041,11394
direct|prompt_to_output_byte_ratio|L2|alpha_z,0.4715638339285301,0.4333749689270492,0.5094866802513187,11222,2000,0,11041,11394,11041,11394
direct|prompt_to_output_byte_ratio|L2|rho,0.5487816250307084,0.5278056944309639,0.569764665738806,11222,2000,0,11041,11394,11041,11394
direct|prompt_to_output_byte_ratio|L3|alpha_z,0.9456864207914927,0.9430080612016108,0.9483469059129828,11222,2000,0,11041,11394,11041,11394
direct|prompt_to_output_byte_ratio|L3|rho,0.9142633019181208,0.9090348931210412,0.9193209901931404,11222,2000,0,11041,11394,11041,11394
direct|prompt_to_output_byte_ratio|L4|alpha_z,0.8645105223017846,0.8552125982156242,0.8735428229042834,11222,2000,0,11041,11394,11041,11394
direct|prompt_to_output_byte_ratio|L4|rho,0.854984313983256,0.8464088265330711,0.8637763236162852,11222,2000,0,11041,11394,11041,11394
direct|prompt_to_output_byte_ratio|L5|alpha_z,0.9613298639276089,0.9570508301958427,0.9651743469681056,11222,2000,0,11041,11394,11041,11394
direct|prompt_to_output_byte_ratio|L5|rho,0.9681687687611291,0.9666431161663743,0.9694315834290179,11222,2000,0,11041,11394,11041,11394
direct|prompt_to_output_byte_ratio|item_centered|alpha_z,0.8522897749163321,0.8481083773420324,0.8562972693130175,56110,2000,0,55205,56970,55205,56970
direct|prompt_to_output_byte_ratio|item_centered|rho,0.915230429755476,0.9135772509618088,0.9169143855561915,56110,2000,0,55205,56970,55205,56970
direct|prompt_to_output_byte_ratio|macro_within_level|alpha_z,0.8135407942214297,0.8051727008120996,0.8220414872478757,11222,2000,0,11041,11394,11041,11394
direct|prompt_to_output_byte_ratio|macro_within_level|rho,0.8122696153431695,0.8074766270167438,0.8167348836310391,11222,2000,0,11041,11394,11041,11394
direct|prompt_to_output_byte_ratio|pooled|alpha_z,0.8467157936912109,0.8423306345337042,0.850872840694532,56110,2000,0,55205,56970,55205,56970
direct|prompt_to_output_byte_ratio|pooled|rho,0.9303958267749382,0.9287220363648847,0.9319372072948372,56110,2000,0,55205,56970,55205,56970
direct|prompt_words|L1|alpha_z,0.15260204651488274,0.13899905703899132,0.16695016094882192,11222,2000,0,11041,11394,11041,11394
direct|prompt_words|L1|rho,0.08549818491797662,0.06816870677271834,0.10224881978785387,11222,2000,0,11041,11394,11041,11394
direct|prompt_words|L2|alpha_z,0.0622980194448306,0.03709171186414169,0.08789871892702993,11222,2000,0,11041,11394,11041,11394
direct|prompt_words|L2|rho,-0.11083790509703986,-0.14004849230399047,-0.07969234667469426,11222,2000,0,11041,11394,11041,11394
direct|prompt_words|L3|alpha_z,-0.094864043115237,-0.11274323042566929,-0.07783083399063571,11222,2000,0,11041,11394,11041,11394
direct|prompt_words|L3|rho,-0.08544681507300511,-0.10424226757597856,-0.06689423517627409,11222,2000,0,11041,11394,11041,11394
direct|prompt_words|L4|alpha_z,-0.09184774121433414,-0.10997768630863805,-0.0716640264016051,11222,2000,0,11041,11394,11041,11394
direct|prompt_words|L4|rho,-0.11078468098137748,-0.12894647124246014,-0.0909185842949656,11222,2000,0,11041,11394,11041,11394
direct|prompt_words|L5|alpha_z,0.052232271571195255,0.0330995449761357,0.07287176210128475,11222,2000,0,11041,11394,11041,11394
direct|prompt_words|L5|rho,0.08568600089558653,0.0670664425115782,0.10450381300139056,11222,2000,0,11041,11394,11041,11394
direct|prompt_words|item_centered|alpha_z,0.6420570235732337,0.6367304074299303,0.6475499888744821,56110,2000,0,55205,56970,55205,56970
direct|prompt_words|item_centered|rho,0.7501687661510729,0.7463210480419072,0.75410301951171,56110,2000,0,55205,56970,55205,56970
direct|prompt_words|macro_within_level|alpha_z,0.01608411064026749,0.005090669821781046,0.027300384892529263,11222,2000,0,11041,11394,11041,11394
direct|prompt_words|macro_within_level|rho,-0.02717704306757186,-0.038984603784681396,-0.014656952510351892,11222,2000,0,11041,11394,11041,11394
direct|prompt_words|pooled|alpha_z,0.5654801132704496,0.5583968652006117,0.5725942039785364,56110,2000,0,55205,56970,55205,56970
direct|prompt_words|pooled|rho,0.7697806537445475,0.7633268935352304,0.7757665631417324,56110,2000,0,55205,56970,55205,56970
direct|rouge_l_recall|L1|alpha_z,0.951260852720357,0.9458916936383803,0.9550721019321224,11222,2000,0,11041,11394,11041,11394
direct|rouge_l_recall|L1|rho,0.9309511408090223,0.9262026270455449,0.9353465058983894,11222,2000,0,11041,11394,11041,11394
direct|rouge_l_recall|L2|alpha_z,0.8520712292968446,0.8417140592720238,0.8625546578979283,11222,2000,0,11041,11394,11041,11394
direct|rouge_l_recall|L2|rho,0.8562490938858208,0.8471128408240174,0.8656467689991146,11222,2000,0,11041,11394,11041,11394
direct|rouge_l_recall|L3|alpha_z,0.9674106737122946,0.9656649781297076,0.9690382306526598,11222,2000,0,11041,11394,11041,11394
direct|rouge_l_recall|L3|rho,0.9555530222153936,0.9532462239625,0.9577347446173324,11222,2000,0,11041,11394,11041,11394
direct|rouge_l_recall|L4|alpha_z,0.9437371130437364,0.9415255222467742,0.946019835628565,11222,2000,0,11041,11394,11041,11394
direct|rouge_l_recall|L4|rho,0.9531901897061663,0.9510730144964462,0.9551889916456899,11222,2000,0,11041,11394,11041,11394
direct|rouge_l_recall|L5|alpha_z,0.8955088565122972,0.8858654238417557,0.9063848163092874,11222,2000,0,11041,11394,11041,11394
direct|rouge_l_recall|L5|rho,0.9433864838066914,0.9409792019978943,0.9456371560529985,11222,2000,0,11041,11394,11041,11394
direct|rouge_l_recall|item_centered|alpha_z,0.9817673021075898,0.980905605919687,0.9824344648226172,56110,2000,0,55205,56970,55205,56970
direct|rouge_l_recall|item_centered|rho,0.9793112694378782,0.978418361258575,0.9800069337695343,56110,2000,0,55205,56970,55205,56970
direct|rouge_l_recall|macro_within_level|alpha_z,0.921997745057106,0.9187402628271157,0.9253876975476196,11222,2000,0,11041,11394,11041,11394
direct|rouge_l_recall|macro_within_level|rho,0.9278659860846188,0.9254300229342763,0.9303035990988936,11222,2000,0,11041,11394,11041,11394
direct|rouge_l_recall|pooled|alpha_z,0.9772488228969483,0.9760799803799322,0.9781797764086245,56110,2000,0,55205,56970,55205,56970
direct|rouge_l_recall|pooled|rho,0.9826177063342693,0.9815067868725087,0.9833824046038094,56110,2000,0,55205,56970,55205,56970
direct|word_bigram_coverage|L1|alpha_z,0.9480045333859286,0.9421546813627077,0.9525292140073944,11222,2000,0,11041,11394,11041,11394
direct|word_bigram_coverage|L1|rho,0.9297841467594868,0.9253061760388743,0.9341525198835038,11222,2000,0,11041,11394,11041,11394
direct|word_bigram_coverage|L2|alpha_z,0.8688458164447039,0.8582955906280362,0.8794821113529809,11222,2000,0,11041,11394,11041,11394
direct|word_bigram_coverage|L2|rho,0.8813944574553758,0.8723268257511804,0.890772368380124,11222,2000,0,11041,11394,11041,11394
direct|word_bigram_coverage|L3|alpha_z,0.9584787837565668,0.9563714832217526,0.9604574949542974,11222,2000,0,11041,11394,11041,11394
direct|word_bigram_coverage|L3|rho,0.9415423171612382,0.9385171070098274,0.9443565180178277,11222,2000,0,11041,11394,11041,11394
direct|word_bigram_coverage|L4|alpha_z,0.8886538341727891,0.8836170645915858,0.8935365536321591,11222,2000,0,11041,11394,11041,11394
direct|word_bigram_coverage|L4|rho,0.8820271460825477,0.8766606692155382,0.8873181660434879,11222,2000,0,11041,11394,11041,11394
direct|word_bigram_coverage|L5|alpha_z,0.4877204243028447,0.4555158920951692,0.5186311095071459,11222,2000,0,11041,11394,11041,11394
direct|word_bigram_coverage|L5|rho,0.2516029811009689,0.2296153050540644,0.2741834795895109,11222,2000,0,11041,11394,11041,11394
direct|word_bigram_coverage|item_centered|alpha_z,0.9676236636876079,0.9664265467870954,0.968714536453703,56110,2000,0,55205,56970,55205,56970
direct|word_bigram_coverage|item_centered|rho,0.9699995609893031,0.9689012400758358,0.9710171603044518,56110,2000,0,55205,56970,55205,56970
direct|word_bigram_coverage|macro_within_level|alpha_z,0.8303406784125666,0.8234958794729484,0.8372303509371963,11222,2000,0,11041,11394,11041,11394
direct|word_bigram_coverage|macro_within_level|rho,0.7772702097119235,0.7723180117534912,0.7825955372824162,11222,2000,0,11041,11394,11041,11394
direct|word_bigram_coverage|pooled|alpha_z,0.9644026727821238,0.962955795017761,0.965752624926846,56110,2000,0,55205,56970,55205,56970
direct|word_bigram_coverage|pooled|rho,0.9655777486712797,0.9641276528382654,0.9669070475173621,56110,2000,0,55205,56970,55205,56970
direct|word_token_coverage|L1|alpha_z,0.9357799272320512,0.9307174110357213,0.939570579986058,11222,2000,0,11041,11394,11041,11394
direct|word_token_coverage|L1|rho,0.9242220660179539,0.9197457722962255,0.9284520557374121,11222,2000,0,11041,11394,11041,11394
direct|word_token_coverage|L2|alpha_z,0.8266994295860752,0.8136204339111424,0.8390820487517131,11222,2000,0,11041,11394,11041,11394
direct|word_token_coverage|L2|rho,0.8373400020336014,0.8256619284153527,0.8485615440108774,11222,2000,0,11041,11394,11041,11394
direct|word_token_coverage|L3|alpha_z,0.9729846583285361,0.9717494957355569,0.9741362559953792,11222,2000,0,11041,11394,11041,11394
direct|word_token_coverage|L3|rho,0.9567600182215461,0.9545943023628194,0.9588169375596775,11222,2000,0,11041,11394,11041,11394
direct|word_token_coverage|L4|alpha_z,0.9562288555182054,0.9543598570937222,0.958202745213781,11222,2000,0,11041,11394,11041,11394
direct|word_token_coverage|L4|rho,0.9578138012292453,0.9559089861711171,0.9596236802709598,11222,2000,0,11041,11394,11041,11394
direct|word_token_coverage|L5|alpha_z,0.9302135149279404,0.9250834666066338,0.9359744848430486,11222,2000,0,11041,11394,11041,11394
direct|word_token_coverage|L5|rho,0.9537403417016215,0.9516909297308073,0.9555782804457839,11222,2000,0,11041,11394,11041,11394
direct|word_token_coverage|item_centered|alpha_z,0.9695881708613202,0.9687632098406226,0.9702953986584233,56110,2000,0,55205,56970,55205,56970
direct|word_token_coverage|item_centered|rho,0.9771095283593009,0.9762700409930796,0.9777759264701305,56110,2000,0,55205,56970,55205,56970
direct|word_token_coverage|macro_within_level|alpha_z,0.9243812771185617,0.9209946249922809,0.9277117643072716,11222,2000,0,11041,11394,11041,11394
direct|word_token_coverage|macro_within_level|rho,0.9259752458407936,0.9230018311708564,0.9287270232824252,11222,2000,0,11041,11394,11041,11394
direct|word_token_coverage|pooled|alpha_z,0.9643503795103425,0.9632998933053349,0.9652438012051866,56110,2000,0,55205,56970,55205,56970
direct|word_token_coverage|pooled|rho,0.9783278530693794,0.9772575074207829,0.979112127025122,56110,2000,0,55205,56970,55205,56970
direct|word_type_coverage|L1|alpha_z,0.953428380718544,0.9484130392334953,0.956931450257362,11222,2000,0,11041,11394,11041,11394
direct|word_type_coverage|L1|rho,0.919536154167248,0.9148858099443743,0.9240009299743391,11222,2000,0,11041,11394,11041,11394
direct|word_type_coverage|L2|alpha_z,0.867483231733172,0.8592977482315357,0.8752802796303475,11222,2000,0,11041,11394,11041,11394
direct|word_type_coverage|L2|rho,0.8733981396573753,0.865792793051373,0.8806601369501964,11222,2000,0,11041,11394,11041,11394
direct|word_type_coverage|L3|alpha_z,0.9764304298632585,0.9752172208028537,0.9775891827487933,11222,2000,0,11041,11394,11041,11394
direct|word_type_coverage|L3|rho,0.9691541780809607,0.9675135428793036,0.9707436188165207,11222,2000,0,11041,11394,11041,11394
direct|word_type_coverage|L4|alpha_z,0.9545948452944012,0.9526521778919952,0.9565307574309685,11222,2000,0,11041,11394,11041,11394
direct|word_type_coverage|L4|rho,0.9547915323288269,0.9528265856670863,0.9566687097149371,11222,2000,0,11041,11394,11041,11394
direct|word_type_coverage|L5|alpha_z,0.909870154793521,0.9046452888955282,0.915453545215367,11222,2000,0,11041,11394,11041,11394
direct|word_type_coverage|L5|rho,0.9077825172670131,0.9037604788417645,0.91162733945939,11222,2000,0,11041,11394,11041,11394
direct|word_type_coverage|item_centered|alpha_z,0.9843027933865148,0.9835786465562852,0.984833775866937,56110,2000,0,55205,56970,55205,56970
direct|word_type_coverage|item_centered|rho,0.9858189467861237,0.9850911345407302,0.9863660007559988,56110,2000,0,55205,56970,55205,56970
direct|word_type_coverage|macro_within_level|alpha_z,0.9323614084805794,0.9296183990510385,0.9347260699346117,11222,2000,0,11041,11394,11041,11394
direct|word_type_coverage|macro_within_level|rho,0.9249325043002848,0.9226831166931816,0.9270943213201441,11222,2000,0,11041,11394,11041,11394
direct|word_type_coverage|pooled|alpha_z,0.9805953867618262,0.979617245360466,0.9813560064685167,56110,2000,0,55205,56970,55205,56970
direct|word_type_coverage|pooled|rho,0.984840777119511,0.9837889632918018,0.9855909375371267,56110,2000,0,55205,56970,55205,56970
joint_difference|char3_coverage|L1|delta_alpha_z,-0.0007503648196899304,-0.005096133074041775,0.002537278470307352,11222,2000,0,11041,11394,11041,11394
joint_difference|char3_coverage|L1|delta_mean_rho,-0.0028022174216018048,-0.008272297745279164,0.0022989318107394957,11222,2000,0,11041,11394,11041,11394
joint_difference|char3_coverage|L2|delta_alpha_z,0.07746512056175747,0.06686863316004504,0.0877604840832579,11222,2000,0,11041,11394,11041,11394
joint_difference|char3_coverage|L2|delta_mean_rho,0.15590469032198978,0.1406035166483058,0.17277309339312072,11222,2000,0,11041,11394,11041,11394
joint_difference|char3_coverage|L3|delta_alpha_z,0.004477285490787408,0.002985556890412866,0.00591613195927674,11222,2000,0,11041,11394,11041,11394
joint_difference|char3_coverage|L3|delta_mean_rho,0.012546154495694628,0.00917575810965321,0.015992038062956383,11222,2000,0,11041,11394,11041,11394
joint_difference|char3_coverage|L4|delta_alpha_z,0.04637088390006494,0.04314015886943453,0.04965011339732273,11222,2000,0,11041,11394,11041,11394
joint_difference|char3_coverage|L4|delta_mean_rho,0.09059907733158301,0.08493278560049891,0.09626938798965985,11222,2000,0,11041,11394,11041,11394
joint_difference|char3_coverage|L5|delta_alpha_z,0.020577339503871084,0.014267478672107361,0.02667220809688645,11222,2000,0,11041,11394,11041,11394
joint_difference|char3_coverage|L5|delta_mean_rho,0.00506361944520628,0.00154410362164977,0.008840546707321187,11222,2000,0,11041,11394,11041,11394
joint_difference|char3_coverage|item_centered|delta_alpha_z,-0.005135672503794431,-0.006034121676983059,-0.004265067708244728,56110,2000,0,55205,56970,55205,56970
joint_difference|char3_coverage|item_centered|delta_mean_rho,-0.0023166225281655572,-0.0034478332432817393,-0.0013611784570818615,56110,2000,0,55205,56970,55205,56970
joint_difference|char3_coverage|macro_within_level|delta_alpha_z,0.02962805292735815,0.026529798812884888,0.032512119396528955,11222,2000,0,11041,11394,11041,11394
joint_difference|char3_coverage|macro_within_level|delta_mean_rho,0.05226226483457441,0.04849189115152666,0.05609587040427485,11222,2000,0,11041,11394,11041,11394
joint_difference|char3_coverage|pooled|delta_alpha_z,-0.006816704669220575,-0.008084408113719502,-0.0057061229253486815,56110,2000,0,55205,56970,55205,56970
joint_difference|char3_coverage|pooled|delta_mean_rho,-0.0031258629319429465,-0.004664888890787649,-0.0018939606096749003,56110,2000,0,55205,56970,55205,56970
joint_difference|char5_coverage|L1|delta_alpha_z,-0.003922622580567525,-0.007996219119501482,-0.0009250501163131657,11222,2000,0,11041,11394,11041,11394
joint_difference|char5_coverage|L1|delta_mean_rho,-0.009044988095484485,-0.014223466088385794,-0.0041825194959398074,11222,2000,0,11041,11394,11041,11394
joint_difference|char5_coverage|L2|delta_alpha_z,0.04896718589023075,0.04209806379740452,0.0558083128136347,11222,2000,0,11041,11394,11041,11394
joint_difference|char5_coverage|L2|delta_mean_rho,0.08427650337752501,0.07427992293513953,0.094417084391573,11222,2000,0,11041,11394,11041,11394
joint_difference|char5_coverage|L3|delta_alpha_z,-0.003370483008045988,-0.004319522693119926,-0.0024225729073797417,11222,2000,0,11041,11394,11041,11394
joint_difference|char5_coverage|L3|delta_mean_rho,-0.00820251643333969,-0.010203593332345362,-0.0060939034202738334,11222,2000,0,11041,11394,11041,11394
joint_difference|char5_coverage|L4|delta_alpha_z,-0.0007487611657830406,-0.0023161283659420607,0.0008451167555371588,11222,2000,0,11041,11394,11041,11394
joint_difference|char5_coverage|L4|delta_mean_rho,0.0017908096393772777,-0.0004443709709232635,0.0039932643003748845,11222,2000,0,11041,11394,11041,11394
joint_difference|char5_coverage|L5|delta_alpha_z,0.07501821226088201,0.06611701828787804,0.08365079755833076,11222,2000,0,11041,11394,11041,11394
joint_difference|char5_coverage|L5|delta_mean_rho,0.08247086993554731,0.0692962004490939,0.09529775141465407,11222,2000,0,11041,11394,11041,11394
joint_difference|char5_coverage|item_centered|delta_alpha_z,0.00039037780774353603,-0.00021695334212350204,0.0008997582384567295,56110,2000,0,55205,56970,55205,56970
joint_difference|char5_coverage|item_centered|delta_mean_rho,0.003121298456498889,0.00215044538883121,0.0038492420446058404,56110,2000,0,55205,56970,55205,56970
joint_difference|char5_coverage|macro_within_level|delta_alpha_z,0.023188706279343108,0.020393265053157705,0.02573854506873145,11222,2000,0,11041,11394,11041,11394
joint_difference|char5_coverage|macro_within_level|delta_mean_rho,0.03025813568472513,0.026717406862029232,0.034039884442720415,11222,2000,0,11041,11394,11041,11394
joint_difference|char5_coverage|pooled|delta_alpha_z,-0.00042696807115605306,-0.0013147516429626444,0.00022982322301681144,56110,2000,0,55205,56970,55205,56970
joint_difference|char5_coverage|pooled|delta_mean_rho,0.0012035300043701236,-0.00022271683496334903,0.0021989871689403325,56110,2000,0,55205,56970,55205,56970
joint_difference|char8_coverage|L1|delta_alpha_z,0.012519310023301866,0.008347023137311182,0.015733586151061,11222,2000,0,11041,11394,11041,11394
joint_difference|char8_coverage|L1|delta_mean_rho,0.000357501692591744,-0.004853357666577185,0.005244627989368605,11222,2000,0,11041,11394,11041,11394
joint_difference|char8_coverage|L2|delta_alpha_z,0.032699919658742305,0.026325460920981085,0.03868415431122883,11222,2000,0,11041,11394,11041,11394
joint_difference|char8_coverage|L2|delta_mean_rho,0.05769871931673143,0.04933921428493551,0.06576302599411434,11222,2000,0,11041,11394,11041,11394
joint_difference|char8_coverage|L3|delta_alpha_z,0.005105156970830693,0.0036082016559917524,0.006582453439052326,11222,2000,0,11041,11394,11041,11394
joint_difference|char8_coverage|L3|delta_mean_rho,0.010112274751974848,0.006912014593938936,0.013314969176485865,11222,2000,0,11041,11394,11041,11394
joint_difference|char8_coverage|L4|delta_alpha_z,0.004981039022310174,0.002350048555829731,0.007594803939574745,11222,2000,0,11041,11394,11041,11394
joint_difference|char8_coverage|L4|delta_mean_rho,0.008932137654730332,0.0047576948331443155,0.013209110721633366,11222,2000,0,11041,11394,11041,11394
joint_difference|char8_coverage|L5|delta_alpha_z,0.17852634522254807,0.16494223970513158,0.1929739877300445,11222,2000,0,11041,11394,11041,11394
joint_difference|char8_coverage|L5|delta_mean_rho,0.32781902743519276,0.30361364732834156,0.35263007398002355,11222,2000,0,11041,11394,11041,11394
joint_difference|char8_coverage|item_centered|delta_alpha_z,0.027147112484207092,0.026114280827650393,0.0282642626332035,56110,2000,0,55205,56970,55205,56970
joint_difference|char8_coverage|item_centered|delta_mean_rho,0.031784612242455546,0.030037407414148676,0.03356084610797332,56110,2000,0,55205,56970,55205,56970
joint_difference|char8_coverage|macro_within_level|delta_alpha_z,0.046766354179546554,0.0433430926706695,0.050153523505286776,11222,2000,0,11041,11394,11041,11394
joint_difference|char8_coverage|macro_within_level|delta_mean_rho,0.08098393217024424,0.07550360104390012,0.08670581962177255,11222,2000,0,11041,11394,11041,11394
joint_difference|char8_coverage|pooled|delta_alpha_z,0.026011654627536518,0.02484023886912161,0.02717273865621711,56110,2000,0,55205,56970,55205,56970
joint_difference|char8_coverage|pooled|delta_mean_rho,0.03194989197943143,0.02998509598821589,0.033839952917262744,56110,2000,0,55205,56970,55205,56970
joint_difference|output_bigram_repeat_fraction|L1|delta_alpha_z,0.8275766967578274,0.8145270849649134,0.8412564509434887,11222,2000,0,11041,11394,11041,11394
joint_difference|output_bigram_repeat_fraction|L1|delta_mean_rho,1.1293758182634837,1.1093193032491846,1.1492903512721837,11222,2000,0,11041,11394,11041,11394
joint_difference|output_bigram_repeat_fraction|L2|delta_alpha_z,0.28872745330750627,0.2714936027192589,0.3052984127898474,11222,2000,0,11041,11394,11041,11394
joint_difference|output_bigram_repeat_fraction|L2|delta_mean_rho,0.44886431831377793,0.4230948903215834,0.4751561083113742,11222,2000,0,11041,11394,11041,11394
joint_difference|output_bigram_repeat_fraction|L3|delta_alpha_z,0.6589090810068132,0.6431385810557446,0.6750845282387213,11222,2000,0,11041,11394,11041,11394
joint_difference|output_bigram_repeat_fraction|L3|delta_mean_rho,1.0298830660946596,1.0074753621323373,1.0537701185074524,11222,2000,0,11041,11394,11041,11394
joint_difference|output_bigram_repeat_fraction|L4|delta_alpha_z,0.6576880188849431,0.641909758456406,0.672898533693068,11222,2000,0,11041,11394,11041,11394
joint_difference|output_bigram_repeat_fraction|L4|delta_mean_rho,0.994649394737803,0.9712734687764883,1.0177567280700643,11222,2000,0,11041,11394,11041,11394
joint_difference|output_bigram_repeat_fraction|L5|delta_alpha_z,0.7596993407965786,0.7457997697347873,0.7740526117343498,11222,2000,0,11041,11394,11041,11394
joint_difference|output_bigram_repeat_fraction|L5|delta_mean_rho,1.1240333246676544,1.1017433998127846,1.1457969512411998,11222,2000,0,11041,11394,11041,11394
joint_difference|output_bigram_repeat_fraction|item_centered|delta_alpha_z,0.5162627055659086,0.503980906456923,0.5289555738842397,56110,2000,0,55205,56970,55205,56970
joint_difference|output_bigram_repeat_fraction|item_centered|delta_mean_rho,0.8416602026615078,0.8232823746934356,0.8611970553117133,56110,2000,0,55205,56970,55205,56970
joint_difference|output_bigram_repeat_fraction|macro_within_level|delta_alpha_z,0.6385201181507336,0.6295057962660551,0.6479859173787121,11222,2000,0,11041,11394,11041,11394
joint_difference|output_bigram_repeat_fraction|macro_within_level|delta_mean_rho,0.9453611844154758,0.9322609106196322,0.9588007397291856,11222,2000,0,11041,11394,11041,11394
joint_difference|output_bigram_repeat_fraction|pooled|delta_alpha_z,0.5608171916688094,0.5508418422238437,0.5715598676696387,56110,2000,0,55205,56970,55205,56970
joint_difference|output_bigram_repeat_fraction|pooled|delta_mean_rho,0.8996868804211859,0.8832197072323034,0.9171664645254786,56110,2000,0,55205,56970,55205,56970
joint_difference|output_bytes|L1|delta_alpha_z,0.7807835278300894,0.7642408509539401,0.7972529808579203,11222,2000,0,11041,11394,11041,11394
joint_difference|output_bytes|L1|delta_mean_rho,1.1182004596124044,1.0923469123072314,1.1436832501447982,11222,2000,0,11041,11394,11041,11394
joint_difference|output_bytes|L2|delta_alpha_z,0.43100057007767,0.4136197640889538,0.4480908304406285,11222,2000,0,11041,11394,11041,11394
joint_difference|output_bytes|L2|delta_mean_rho,0.7198453922715466,0.6893703604005047,0.7506506477783623,11222,2000,0,11041,11394,11041,11394
joint_difference|output_bytes|L3|delta_alpha_z,1.0440328141064248,1.0372313725644493,1.0502272586556947,11222,2000,0,11041,11394,11041,11394
joint_difference|output_bytes|L3|delta_mean_rho,1.5792026275943287,1.5657821803440837,1.5915189444041793,11222,2000,0,11041,11394,11041,11394
joint_difference|output_bytes|L4|delta_alpha_z,0.9276048027777679,0.9175881218994373,0.9369173357617335,11222,2000,0,11041,11394,11041,11394
joint_difference|output_bytes|L4|delta_mean_rho,1.4590111081208488,1.4418263569771814,1.4755485099395318,11222,2000,0,11041,11394,11041,11394
joint_difference|output_bytes|L5|delta_alpha_z,0.8692622762315627,0.8570345044871711,0.881802736943609,11222,2000,0,11041,11394,11041,11394
joint_difference|output_bytes|L5|delta_mean_rho,1.3134383244743542,1.2916615438040817,1.3363188780561759,11222,2000,0,11041,11394,11041,11394
joint_difference|output_bytes|item_centered|delta_alpha_z,0.8083028175703856,0.797498010793991,0.818223667251123,56110,2000,0,55205,56970,55205,56970
joint_difference|output_bytes|item_centered|delta_mean_rho,1.1570231234950485,1.1368288729022415,1.17562783551203,56110,2000,0,55205,56970,55205,56970
joint_difference|output_bytes|macro_within_level|delta_alpha_z,0.8105367982047029,0.8041546501333673,0.8165366130844286,11222,2000,0,11041,11394,11041,11394
joint_difference|output_bytes|macro_within_level|delta_mean_rho,1.2379395824146966,1.2273464527773814,1.247937071103295,11222,2000,0,11041,11394,11041,11394
joint_difference|output_bytes|pooled|delta_alpha_z,0.8308385486206866,0.8208918352820813,0.8396023169388189,56110,2000,0,55205,56970,55205,56970
joint_difference|output_bytes|pooled|delta_mean_rho,1.2416312248772114,1.223297778115549,1.2584505505931767,56110,2000,0,55205,56970,55205,56970
joint_difference|output_self_bits_per_byte|L1|delta_alpha_z,0.41696815613928295,0.40426906569033777,0.43009161162432363,11222,2000,0,11041,11394,11041,11394
joint_difference|output_self_bits_per_byte|L1|delta_mean_rho,0.6289738157841179,0.609239212974232,0.6489128772588582,11222,2000,0,11041,11394,11041,11394
joint_difference|output_self_bits_per_byte|L2|delta_alpha_z,0.3425615081667055,0.32178702591733255,0.36398180598384966,11222,2000,0,11041,11394,11041,11394
joint_difference|output_self_bits_per_byte|L2|delta_mean_rho,0.5359870365523616,0.5018369817933345,0.5705692482244533,11222,2000,0,11041,11394,11041,11394
joint_difference|output_self_bits_per_byte|L3|delta_alpha_z,0.306497364004752,0.2937402542674881,0.3190548216898129,11222,2000,0,11041,11394,11041,11394
joint_difference|output_self_bits_per_byte|L3|delta_mean_rho,0.4566618707412793,0.437118252201393,0.4744404130505972,11222,2000,0,11041,11394,11041,11394
joint_difference|output_self_bits_per_byte|L4|delta_alpha_z,0.39122756385984525,0.37964412121489466,0.40332745578668516,11222,2000,0,11041,11394,11041,11394
joint_difference|output_self_bits_per_byte|L4|delta_mean_rho,0.6190502366329045,0.6006698343387366,0.6373386475076963,11222,2000,0,11041,11394,11041,11394
joint_difference|output_self_bits_per_byte|L5|delta_alpha_z,0.0576022115036019,0.05279859236913317,0.06276790150787473,11222,2000,0,11041,11394,11041,11394
joint_difference|output_self_bits_per_byte|L5|delta_mean_rho,0.11679891628766881,0.10862732717007546,0.1254233254282961,11222,2000,0,11041,11394,11041,11394
joint_difference|output_self_bits_per_byte|item_centered|delta_alpha_z,0.5698983776802365,0.556134324670519,0.5832179999959282,56110,2000,0,55205,56970,55205,56970
joint_difference|output_self_bits_per_byte|item_centered|delta_mean_rho,0.8487136089668155,0.8312118763205134,0.8663690870526164,56110,2000,0,55205,56970,55205,56970
joint_difference|output_self_bits_per_byte|macro_within_level|delta_alpha_z,0.30297136073483744,0.2949684310115158,0.3110076650876808,11222,2000,0,11041,11394,11041,11394
joint_difference|output_self_bits_per_byte|macro_within_level|delta_mean_rho,0.47149437519966647,0.4585793177127524,0.48419513344700255,11222,2000,0,11041,11394,11041,11394
joint_difference|output_self_bits_per_byte|pooled|delta_alpha_z,0.544958746842318,0.5337363712070825,0.5565496814475931,56110,2000,0,55205,56970,55205,56970
joint_difference|output_self_bits_per_byte|pooled|delta_mean_rho,0.8349215177574717,0.8179110780909499,0.8528996866823374,56110,2000,0,55205,56970,55205,56970
joint_difference|output_type_token_ratio|L1|delta_alpha_z,0.4551684343777672,0.4433574825421744,0.4677408917483966,11222,2000,0,11041,11394,11041,11394
joint_difference|output_type_token_ratio|L1|delta_mean_rho,0.7062594991086812,0.6852119160281371,0.7275964836918526,11222,2000,0,11041,11394,11041,11394
joint_difference|output_type_token_ratio|L2|delta_alpha_z,0.4276440582133545,0.40675154408353836,0.44969409182984765,11222,2000,0,11041,11394,11041,11394
joint_difference|output_type_token_ratio|L2|delta_mean_rho,0.639144511024125,0.6049465375408419,0.6738987758235674,11222,2000,0,11041,11394,11041,11394
joint_difference|output_type_token_ratio|L3|delta_alpha_z,0.367221443481035,0.35311480101826737,0.38024890294524805,11222,2000,0,11041,11394,11041,11394
joint_difference|output_type_token_ratio|L3|delta_mean_rho,0.524887147815045,0.5045821943354057,0.544492276872787,11222,2000,0,11041,11394,11041,11394
joint_difference|output_type_token_ratio|L4|delta_alpha_z,0.3507739006116477,0.33961941357130104,0.3620803391619363,11222,2000,0,11041,11394,11041,11394
joint_difference|output_type_token_ratio|L4|delta_mean_rho,0.5559206243576658,0.538531715000886,0.5732696940011677,11222,2000,0,11041,11394,11041,11394
joint_difference|output_type_token_ratio|L5|delta_alpha_z,0.08033211167389309,0.07316804995765869,0.08705072511332948,11222,2000,0,11041,11394,11041,11394
joint_difference|output_type_token_ratio|L5|delta_mean_rho,0.12773588490901122,0.11835950384309492,0.1369172832616451,11222,2000,0,11041,11394,11041,11394
joint_difference|output_type_token_ratio|item_centered|delta_alpha_z,0.6259177357611609,0.6114272897812433,0.6398409227982294,56110,2000,0,55205,56970,55205,56970
joint_difference|output_type_token_ratio|item_centered|delta_mean_rho,0.9462994176264417,0.9264307163848153,0.9663252463771628,56110,2000,0,55205,56970,55205,56970
joint_difference|output_type_token_ratio|macro_within_level|delta_alpha_z,0.33622798967153944,0.32815998034121974,0.34436473190066497,11222,2000,0,11041,11394,11041,11394
joint_difference|output_type_token_ratio|macro_within_level|delta_mean_rho,0.5107895334429057,0.49806477811331745,0.5230463140153013,11222,2000,0,11041,11394,11041,11394
joint_difference|output_type_token_ratio|pooled|delta_alpha_z,0.6005627247385594,0.5884402748794555,0.6120470997116129,56110,2000,0,55205,56970,55205,56970
joint_difference|output_type_token_ratio|pooled|delta_mean_rho,0.9162372947088772,0.8977973920891049,0.9338539615170908,56110,2000,0,55205,56970,55205,56970
joint_difference|output_words|L1|delta_alpha_z,0.7318805957754775,0.7158433205432624,0.7475244496561624,11222,2000,0,11041,11394,11041,11394
joint_difference|output_words|L1|delta_mean_rho,1.0511289304570106,1.0260860388449844,1.0762370746981058,11222,2000,0,11041,11394,11041,11394
joint_difference|output_words|L2|delta_alpha_z,0.40851767538357187,0.39087466015944594,0.4259792495064574,11222,2000,0,11041,11394,11041,11394
joint_difference|output_words|L2|delta_mean_rho,0.675907572980861,0.6435612341092175,0.7081526996671511,11222,2000,0,11041,11394,11041,11394
joint_difference|output_words|L3|delta_alpha_z,1.0563213185456177,1.0498343471110798,1.0624466024181227,11222,2000,0,11041,11394,11041,11394
joint_difference|output_words|L3|delta_mean_rho,1.5846343370154483,1.5713812712454176,1.5966315324561662,11222,2000,0,11041,11394,11041,11394
joint_difference|output_words|L4|delta_alpha_z,0.9533829094276738,0.9436001706188367,0.9624833847194388,11222,2000,0,11041,11394,11041,11394
joint_difference|output_words|L4|delta_mean_rho,1.5046577609597582,1.4884665549807865,1.5203065146378618,11222,2000,0,11041,11394,11041,11394
joint_difference|output_words|L5|delta_alpha_z,0.8851407666732767,0.8734997867934713,0.8976895612358878,11222,2000,0,11041,11394,11041,11394
joint_difference|output_words|L5|delta_mean_rho,1.3274336327319247,1.3061548767907682,1.3495593212181076,11222,2000,0,11041,11394,11041,11394
joint_difference|output_words|item_centered|delta_alpha_z,0.7871003013582114,0.7749984444086436,0.7981395375168323,56110,2000,0,55205,56970,55205,56970
joint_difference|output_words|item_centered|delta_mean_rho,1.1256090122782914,1.1046576530612826,1.144990214838517,56110,2000,0,55205,56970,55205,56970
joint_difference|output_words|macro_within_level|delta_alpha_z,0.8070486531611235,0.8007153485407305,0.8131298320445789,11222,2000,0,11041,11394,11041,11394
joint_difference|output_words|macro_within_level|delta_mean_rho,1.2287524468290005,1.2180340424023184,1.238629057058027,11222,2000,0,11041,11394,11041,11394
joint_difference|output_words|pooled|delta_alpha_z,0.8096082792902825,0.798312291495876,0.819525455447817,56110,2000,0,55205,56970,55205,56970
joint_difference|output_words|pooled|delta_mean_rho,1.2170022837494185,1.197726031974691,1.2340450573455501,56110,2000,0,55205,56970,55205,56970
joint_difference|prompt_bytes|L1|delta_alpha_z,0.4525308992153009,0.4427298980755545,0.46171694763000787,11222,2000,0,11041,11394,11041,11394
joint_difference|prompt_bytes|L1|delta_mean_rho,0.6436870093345025,0.6252976083915917,0.6620772302320052,11222,2000,0,11041,11394,11041,11394
joint_difference|prompt_bytes|L2|delta_alpha_z,0.4222965547104698,0.4061559695260338,0.43866348300392427,11222,2000,0,11041,11394,11041,11394
joint_difference|prompt_bytes|L2|delta_mean_rho,0.6570058061935159,0.6282557078115962,0.6857051158376142,11222,2000,0,11041,11394,11041,11394
joint_difference|prompt_bytes|L3|delta_alpha_z,0.604326444384412,0.5920621728599924,0.6175248602747819,11222,2000,0,11041,11394,11041,11394
joint_difference|prompt_bytes|L3|delta_mean_rho,0.8438850121867405,0.8242946373006192,0.8628686216637125,11222,2000,0,11041,11394,11041,11394
joint_difference|prompt_bytes|L4|delta_alpha_z,0.5585714548311751,0.5460028195204905,0.5714239800273189,11222,2000,0,11041,11394,11041,11394
joint_difference|prompt_bytes|L4|delta_mean_rho,0.8653621563882548,0.8457691729780958,0.8844695261740363,11222,2000,0,11041,11394,11041,11394
joint_difference|prompt_bytes|L5|delta_alpha_z,0.35045576892255226,0.33155922033778823,0.36958723652017006,11222,2000,0,11041,11394,11041,11394
joint_difference|prompt_bytes|L5|delta_mean_rho,0.4897275455153398,0.46075317812467315,0.5195352018719416,11222,2000,0,11041,11394,11041,11394
joint_difference|prompt_bytes|item_centered|delta_alpha_z,0.1746678352015515,0.17116384272652488,0.17799310143178532,56110,2000,0,55205,56970,55205,56970
joint_difference|prompt_bytes|item_centered|delta_mean_rho,0.16580676393732963,0.16176787658701247,0.16988963050560077,56110,2000,0,55205,56970,55205,56970
joint_difference|prompt_bytes|macro_within_level|delta_alpha_z,0.4776362244127819,0.47020900951624073,0.484945058556898,11222,2000,0,11041,11394,11041,11394
joint_difference|prompt_bytes|macro_within_level|delta_mean_rho,0.6999335059236708,0.688134505100669,0.7111931398834592,11222,2000,0,11041,11394,11041,11394
joint_difference|prompt_bytes|pooled|delta_alpha_z,0.22181004859694997,0.217775406514536,0.22552348226518268,56110,2000,0,55205,56970,55205,56970
joint_difference|prompt_bytes|pooled|delta_mean_rho,0.15421110104884306,0.14850367138942047,0.1604289857274885,56110,2000,0,55205,56970,55205,56970
joint_difference|prompt_to_output_byte_ratio|L1|delta_alpha_z,0.08756031656326113,0.07607058276553934,0.10005818808967311,11222,2000,0,11041,11394,11041,11394
joint_difference|prompt_to_output_byte_ratio|L1|delta_mean_rho,0.24172102373553328,0.23066711624196257,0.253188004928296,11222,2000,0,11041,11394,11041,11394
joint_difference|prompt_to_output_byte_ratio|L2|delta_alpha_z,0.29061636148707437,0.26387246053871527,0.3180019532536058,11222,2000,0,11041,11394,11041,11394
joint_difference|prompt_to_output_byte_ratio|L2|delta_mean_rho,0.3923594893901774,0.36740069929925867,0.41717305485443373,11222,2000,0,11041,11394,11041,11394
joint_difference|prompt_to_output_byte_ratio|L3|delta_alpha_z,0.019586427227206604,0.017501185030730188,0.02177974746141214,11222,2000,0,11041,11394,11041,11394
joint_difference|prompt_to_output_byte_ratio|L3|delta_mean_rho,0.03911965192341471,0.03455954527791216,0.04399379836103087,11222,2000,0,11041,11394,11041,11394
joint_difference|prompt_to_output_byte_ratio|L4|delta_alpha_z,0.09864565197966857,0.09189799298130791,0.10568814486464571,11222,2000,0,11041,11394,11041,11394
joint_difference|prompt_to_output_byte_ratio|L4|delta_mean_rho,0.16260864648150253,0.15266639830297749,0.17245551107054566,11222,2000,0,11041,11394,11041,11394
joint_difference|prompt_to_output_byte_ratio|L5|delta_alpha_z,0.03161129262560847,0.025359276559975406,0.03907609122682814,11222,2000,0,11041,11394,11041,11394
joint_difference|prompt_to_output_byte_ratio|L5|delta_mean_rho,0.017354742206494023,0.014196145410784525,0.020586514288439065,11222,2000,0,11041,11394,11041,11394
joint_difference|prompt_to_output_byte_ratio|item_centered|delta_alpha_z,0.04187682465132525,0.039046167801412526,0.04487771043255507,56110,2000,0,55205,56970,55205,56970
joint_difference|prompt_to_output_byte_ratio|item_centered|delta_mean_rho,0.04887992650822981,0.04691671683886748,0.0506752194642887,56110,2000,0,55205,56970,55205,56970
joint_difference|prompt_to_output_byte_ratio|macro_within_level|delta_alpha_z,0.10560400997656383,0.09931852118019291,0.11183543628463669,11222,2000,0,11041,11394,11041,11394
joint_difference|prompt_to_output_byte_ratio|macro_within_level|delta_mean_rho,0.17063271074742448,0.16494076474712105,0.17661159571053292,11222,2000,0,11041,11394,11041,11394
joint_difference|prompt_to_output_byte_ratio|pooled|delta_alpha_z,0.0430394565562614,0.03979501480602945,0.04644543644033876,56110,2000,0,55205,56970,55205,56970
joint_difference|prompt_to_output_byte_ratio|pooled|delta_mean_rho,0.034090552415064646,0.03201960371213273,0.03603369010693583,56110,2000,0,55205,56970,55205,56970
joint_difference|prompt_words|L1|delta_alpha_z,0.45179651576890134,0.442244322999571,0.4608504528426463,11222,2000,0,11041,11394,11041,11394
joint_difference|prompt_words|L1|delta_mean_rho,0.6336473171035821,0.6154305003637403,0.6515073820994361,11222,2000,0,11041,11394,11041,11394
joint_difference|prompt_words|L2|delta_alpha_z,0.4225534840189128,0.40612233125657465,0.43926506922256303,11222,2000,0,11041,11394,11041,11394
joint_difference|prompt_words|L2|delta_mean_rho,0.6545495439984106,0.624072677292772,0.6850631234062688,11222,2000,0,11041,11394,11041,11394
joint_difference|prompt_words|L3|delta_alpha_z,0.5765315742382429,0.563915969912461,0.5899882446052591,11222,2000,0,11041,11394,11041,11394
joint_difference|prompt_words|L3|delta_mean_rho,0.8023988691568286,0.7831219320688088,0.8224305474507656,11222,2000,0,11041,11394,11041,11394
joint_difference|prompt_words|L4|delta_alpha_z,0.5282119320351903,0.5154649581261457,0.5407231691781916,11222,2000,0,11041,11394,11041,11394
joint_difference|prompt_words|L4|delta_mean_rho,0.8230225986284565,0.8034794326046711,0.841117693894135,11222,2000,0,11041,11394,11041,11394
joint_difference|prompt_words|L5|delta_alpha_z,0.31309554729104394,0.29549306698195094,0.3304909867519515,11222,2000,0,11041,11394,11041,11394
joint_difference|prompt_words|L5|delta_mean_rho,0.3861037752655123,0.3588798163135403,0.41427513673211386,11222,2000,0,11041,11394,11041,11394
joint_difference|prompt_words|item_centered|delta_alpha_z,0.17273422227075452,0.16921801422238908,0.1760314533859109,56110,2000,0,55205,56970,55205,56970
joint_difference|prompt_words|item_centered|delta_mean_rho,0.16586637651154212,0.16186826706045787,0.16980919894910484,56110,2000,0,55205,56970,55205,56970
joint_difference|prompt_words|macro_within_level|delta_alpha_z,0.45843781067045825,0.451114885161731,0.46558460847914573,11222,2000,0,11041,11394,11041,11394
joint_difference|prompt_words|macro_within_level|delta_mean_rho,0.659944420830558,0.6482834394072893,0.6712783605649894,11222,2000,0,11041,11394,11041,11394
joint_difference|prompt_words|pooled|delta_alpha_z,0.22001102103627834,0.21601084617314,0.22389065120595533,56110,2000,0,55205,56970,55205,56970
joint_difference|prompt_words|pooled|delta_mean_rho,0.14414852760524732,0.13842825882056903,0.1502528450957154,56110,2000,0,55205,56970,55205,56970
joint_difference|rouge_l_recall|L1|delta_alpha_z,-0.015690543568967708,-0.02003492237402345,-0.012188129547877772,11222,2000,0,11041,11394,11041,11394
joint_difference|rouge_l_recall|L1|delta_mean_rho,-0.030830217200723653,-0.0366748393986894,-0.02518741634915131,11222,2000,0,11041,11394,11041,11394
joint_difference|rouge_l_recall|L2|delta_alpha_z,-0.06117024089430245,-0.06957074602361388,-0.05324561285101179,11222,2000,0,11041,11394,11041,11394
joint_difference|rouge_l_recall|L2|delta_mean_rho,-0.08018444839681582,-0.09302809926465068,-0.06766625462307235,11222,2000,0,11041,11394,11041,11394
joint_difference|rouge_l_recall|L3|delta_alpha_z,-0.008697318055568282,-0.010227831865662312,-0.007194356960974877,11222,2000,0,11041,11394,11041,11394
joint_difference|rouge_l_recall|L3|delta_mean_rho,-0.023292274418497128,-0.026415692864853867,-0.020408543009396134,11222,2000,0,11041,11394,11041,11394
joint_difference|rouge_l_recall|L4|delta_alpha_z,-0.0013329731345346207,-0.0036780595084147855,0.0009259280133584223,11222,2000,0,11041,11394,11041,11394
joint_difference|rouge_l_recall|L4|delta_mean_rho,-0.006260586242498034,-0.009401991141381192,-0.003160695301299232,11222,2000,0,11041,11394,11041,11394
joint_difference|rouge_l_recall|L5|delta_alpha_z,0.05051449495518212,0.03934496338404964,0.06093947847485695,11222,2000,0,11041,11394,11041,11394
joint_difference|rouge_l_recall|L5|delta_mean_rho,-0.00014223855972717026,-0.004592328958938593,0.004213207221303802,11222,2000,0,11041,11394,11041,11394
joint_difference|rouge_l_recall|item_centered|delta_alpha_z,-0.005500445185779745,-0.006190711147164496,-0.004848137485133575,56110,2000,0,55205,56970,55205,56970
joint_difference|rouge_l_recall|item_centered|delta_mean_rho,-0.006465358102854313,-0.007575621321366058,-0.005541397244333066,56110,2000,0,55205,56970,55205,56970
joint_difference|rouge_l_recall|macro_within_level|delta_alpha_z,-0.007275316139638277,-0.010468751279529082,-0.004272980875354809,11222,2000,0,11041,11394,11041,11394
joint_difference|rouge_l_recall|macro_within_level|delta_mean_rho,-0.028141952963652295,-0.03159012250808979,-0.02484232454728692,11222,2000,0,11041,11394,11041,11394
joint_difference|rouge_l_recall|pooled|delta_alpha_z,-0.009003874672946499,-0.010022026246142101,-0.008126958101538044,56110,2000,0,55205,56970,55205,56970
joint_difference|rouge_l_recall|pooled|delta_mean_rho,-0.013354657786160962,-0.014902147298144744,-0.012164593131212062,56110,2000,0,55205,56970,55205,56970
joint_difference|word_bigram_coverage|L1|delta_alpha_z,0.009314465385252269,0.004564348496885024,0.013727568230634465,11222,2000,0,11041,11394,11041,11394
joint_difference|word_bigram_coverage|L1|delta_mean_rho,-0.017241575770319373,-0.02358007451386896,-0.011161213943936142,11222,2000,0,11041,11394,11041,11394
joint_difference|word_bigram_coverage|L2|delta_alpha_z,0.015679702904699333,0.007883013876278397,0.023383547735716884,11222,2000,0,11041,11394,11041,11394
joint_difference|word_bigram_coverage|L2|delta_mean_rho,0.03826068912492886,0.02754562856211841,0.049361049707739094,11222,2000,0,11041,11394,11041,11394
joint_difference|word_bigram_coverage|L3|delta_alpha_z,0.009362035833916482,0.00748083610714714,0.011183494055858974,11222,2000,0,11041,11394,11041,11394
joint_difference|word_bigram_coverage|L3|delta_mean_rho,0.017644241711999076,0.013688040923321895,0.02199842727030514,11222,2000,0,11041,11394,11041,11394
joint_difference|word_bigram_coverage|L4|delta_alpha_z,0.02467838896136909,0.021092122173800645,0.028319890009499242,11222,2000,0,11041,11394,11041,11394
joint_difference|word_bigram_coverage|L4|delta_mean_rho,0.04205273905991591,0.03592486350483614,0.04826689781412785,11222,2000,0,11041,11394,11041,11394
joint_difference|word_bigram_coverage|L5|delta_alpha_z,0.24378042790002763,0.22721906934464933,0.2603031276568677,11222,2000,0,11041,11394,11041,11394
joint_difference|word_bigram_coverage|L5|delta_mean_rho,0.4720960677260283,0.44676756514342164,0.49670802936528585,11222,2000,0,11041,11394,11041,11394
joint_difference|word_bigram_coverage|item_centered|delta_alpha_z,0.029088621121518332,0.028036805117798963,0.030253288277771233,56110,2000,0,55205,56970,55205,56970
joint_difference|word_bigram_coverage|item_centered|delta_mean_rho,0.030582885063583976,0.0291142973031363,0.032208921803789245,56110,2000,0,55205,56970,55205,56970
joint_difference|word_bigram_coverage|macro_within_level|delta_alpha_z,0.06056300419705296,0.05653935137388285,0.0646508599911465,11222,2000,0,11041,11394,11041,11394
joint_difference|word_bigram_coverage|macro_within_level|delta_mean_rho,0.11056243237051055,0.10447400696618155,0.11665469123165338,11222,2000,0,11041,11394,11041,11394
joint_difference|word_bigram_coverage|pooled|delta_alpha_z,0.026396529254834933,0.025228566865500957,0.027625700597842612,56110,2000,0,55205,56970,55205,56970
joint_difference|word_bigram_coverage|pooled|delta_mean_rho,0.027349954251395636,0.02557110181800089,0.029040822414893648,56110,2000,0,55205,56970,55205,56970
joint_difference|word_token_coverage|L1|delta_alpha_z,-0.00267884859365064,-0.007155553533332901,0.001055649313795453,11222,2000,0,11041,11394,11041,11394
joint_difference|word_token_coverage|L1|delta_mean_rho,-0.007710765404323472,-0.014356524393879402,-0.0016918709331195947,11222,2000,0,11041,11394,11041,11394
joint_difference|word_token_coverage|L2|delta_alpha_z,0.048201295347785056,0.039105802514924536,0.057377256331790555,11222,2000,0,11041,11394,11041,11394
joint_difference|word_token_coverage|L2|delta_mean_rho,0.10330895990733768,0.09027296549032798,0.1177131410890942,11222,2000,0,11041,11394,11041,11394
joint_difference|word_token_coverage|L3|delta_alpha_z,0.0016156204265507235,0.00032507444136418984,0.00297270413068636,11222,2000,0,11041,11394,11041,11394
joint_difference|word_token_coverage|L3|delta_mean_rho,0.004345397971130871,0.0015764814873872352,0.007200228518967904,11222,2000,0,11041,11394,11041,11394
joint_difference|word_token_coverage|L4|delta_alpha_z,0.01911049088113581,0.016716297756467467,0.021485288586788876,11222,2000,0,11041,11394,11041,11394
joint_difference|word_token_coverage|L4|delta_mean_rho,0.031415812528687415,0.0281512820309747,0.03473912583002427,11222,2000,0,11041,11394,11041,11394
joint_difference|word_token_coverage|L5|delta_alpha_z,0.02098365031419913,0.013774867981631495,0.02739954165719077,11222,2000,0,11041,11394,11041,11394
joint_difference|word_token_coverage|L5|delta_mean_rho,-0.01799058460734826,-0.02203386639894401,-0.013980547469338552,11222,2000,0,11041,11394,11041,11394
joint_difference|word_token_coverage|item_centered|delta_alpha_z,-0.0088854745384086,-0.009690579995077794,-0.008107750537149608,56110,2000,0,55205,56970,55205,56970
joint_difference|word_token_coverage|item_centered|delta_mean_rho,-0.005324054803308331,-0.0064470715628417415,-0.004374967799065069,56110,2000,0,55205,56970,55205,56970
joint_difference|word_token_coverage|macro_within_level|delta_alpha_z,0.017446441675203928,0.01443505941569658,0.020271604953267686,11222,2000,0,11041,11394,11041,11394
joint_difference|word_token_coverage|macro_within_level|delta_mean_rho,0.022673764079096825,0.019086982485790688,0.026300245543391408,11222,2000,0,11041,11394,11041,11394
joint_difference|word_token_coverage|pooled|delta_alpha_z,-0.009700604583281924,-0.010802238431578182,-0.008684037355460179,56110,2000,0,55205,56970,55205,56970
joint_difference|word_token_coverage|pooled|delta_mean_rho,-0.007935171438471222,-0.009532877807204387,-0.006749139142797997,56110,2000,0,55205,56970,55205,56970
joint_difference|word_type_coverage|L1|delta_alpha_z,-0.013103928316038238,-0.017401654188938288,-0.009446397216839698,11222,2000,0,11041,11394,11041,11394
joint_difference|word_type_coverage|L1|delta_mean_rho,-0.025922543733189918,-0.032140325048970936,-0.019875534712794782,11222,2000,0,11041,11394,11041,11394
joint_difference|word_type_coverage|L2|delta_alpha_z,0.03026314404020769,0.02202205460734633,0.038139109952953165,11222,2000,0,11041,11394,11041,11394
joint_difference|word_type_coverage|L2|delta_mean_rho,0.0691994335603685,0.05759378465441358,0.08168744414047352,11222,2000,0,11041,11394,11041,11394
joint_difference|word_type_coverage|L3|delta_alpha_z,0.002424236387826184,0.0009910813480605934,0.0038655526897068636,11222,2000,0,11041,11394,11041,11394
joint_difference|word_type_coverage|L3|delta_mean_rho,0.0004951833658318749,-0.0021348580075550736,0.0032891815450104456,11222,2000,0,11041,11394,11041,11394
joint_difference|word_type_coverage|L4|delta_alpha_z,-0.006696261335463971,-0.008851288755733197,-0.004561382231363793,11222,2000,0,11041,11394,11041,11394
joint_difference|word_type_coverage|L4|delta_mean_rho,-0.009893799054010444,-0.013175849418585886,-0.006709669831684435,11222,2000,0,11041,11394,11041,11394
joint_difference|word_type_coverage|L5|delta_alpha_z,0.010162766378749577,0.003398615895386223,0.016425286458603153,11222,2000,0,11041,11394,11041,11394
joint_difference|word_type_coverage|L5|delta_mean_rho,-0.036346477033568636,-0.044582131046786724,-0.02872541619971695,11222,2000,0,11041,11394,11041,11394
joint_difference|word_type_coverage|item_centered|delta_alpha_z,-0.003409174498742007,-0.0041100348582319675,-0.002782079147810393,56110,2000,0,55205,56970,55205,56970
joint_difference|word_type_coverage|item_centered|delta_mean_rho,-0.001121104192406519,-0.002198120016300387,-0.00024051954688581256,56110,2000,0,55205,56970,55205,56970
joint_difference|word_type_coverage|macro_within_level|delta_alpha_z,0.004609991431056115,0.0019021635643055423,0.0071217629380599745,11222,2000,0,11041,11394,11041,11394
joint_difference|word_type_coverage|macro_within_level|delta_mean_rho,-0.0004936405789136566,-0.004218024450796548,0.0031449321117314557,11222,2000,0,11041,11394,11041,11394
joint_difference|word_type_coverage|pooled|delta_alpha_z,-0.004352549225456803,-0.005394987035486004,-0.0034729088096468103,56110,2000,0,55205,56970,55205,56970
joint_difference|word_type_coverage|pooled|delta_mean_rho,-4.3887150173560485e-05,-0.0015287080065250758,0.0010479196646397343,56110,2000,0,55205,56970,55205,56970
joint|blackbox_actual_ratio|L1|alpha_z,0.9319208739895687,0.9266781066767185,0.9364921187045628,11222,2000,0,11041,11394,11041,11394
joint|blackbox_actual_ratio|L1|mean_rho,0.8731209910648016,0.8662471718819762,0.879901998660853,11222,2000,0,11041,11394,11041,11394
joint|blackbox_actual_ratio|L2|alpha_z,0.6862947850364223,0.6738298571351488,0.6987354153576578,11222,2000,0,11041,11394,11041,11394
joint|blackbox_actual_ratio|L2|mean_rho,0.5581367529658791,0.538683508100309,0.5778639221418131,11222,2000,0,11041,11394,11041,11394
joint|blackbox_actual_ratio|L3|alpha_z,0.9190487576216679,0.9158463830980385,0.9219630369273429,11222,2000,0,11041,11394,11041,11394
joint|blackbox_actual_ratio|L3|mean_rho,0.8607341790698726,0.855366730591763,0.8655677855952729,11222,2000,0,11041,11394,11041,11394
joint|blackbox_actual_ratio|L4|alpha_z,0.8744307906248545,0.8695941067087533,0.8792207757622432,11222,2000,0,11041,11394,11041,11394
joint|blackbox_actual_ratio|L4|mean_rho,0.846592418876716,0.840034758320051,0.8528795696089025,11222,2000,0,11041,11394,11041,11394
joint|blackbox_actual_ratio|L5|alpha_z,0.746821238856169,0.7369460930990259,0.7567676083491367,11222,2000,0,11041,11394,11041,11394
joint|blackbox_actual_ratio|L5|mean_rho,0.6877161881311702,0.6782077136233007,0.6972716686604679,11222,2000,0,11041,11394,11041,11394
joint|blackbox_actual_ratio|item_centered|alpha_z,0.9718995252204775,0.9708181249522566,0.9729149600175401,56110,2000,0,55205,56970,55205,56970
joint|blackbox_actual_ratio|item_centered|mean_rho,0.9651036627285151,0.9637680772297709,0.9663625371015544,56110,2000,0,55205,56970,55205,56970
joint|blackbox_actual_ratio|macro_within_level|alpha_z,0.8317032892257364,0.827677475277354,0.8357814461656285,11222,2000,0,11041,11394,11041,11394
joint|blackbox_actual_ratio|macro_within_level|mean_rho,0.7652601060216879,0.7601803895363664,0.7702727044520596,11222,2000,0,11041,11394,11041,11394
joint|blackbox_actual_ratio|pooled|alpha_z,0.9627472962462155,0.961424565485153,0.9640122223589793,56110,2000,0,55205,56970,55205,56970
joint|blackbox_actual_ratio|pooled|mean_rho,0.9566555680210975,0.955008566388482,0.9581401604689288,56110,2000,0,55205,56970,55205,56970
joint|char3_coverage|L1|alpha_z,0.9326712388092586,0.9281920020645541,0.9365874770495419,11222,2000,0,11041,11394,11041,11394
joint|char3_coverage|L1|mean_rho,0.8759232084864034,0.869486046036803,0.8821336630751985,11222,2000,0,11041,11394,11041,11394
joint|char3_coverage|L2|alpha_z,0.6088296644746648,0.595593760141029,0.6219792494465598,11222,2000,0,11041,11394,11041,11394
joint|char3_coverage|L2|mean_rho,0.4022320626438893,0.38206294578656674,0.42231844750005937,11222,2000,0,11041,11394,11041,11394
joint|char3_coverage|L3|alpha_z,0.9145714721308805,0.9112067716002583,0.9176935610543909,11222,2000,0,11041,11394,11041,11394
joint|char3_coverage|L3|mean_rho,0.848188024574178,0.8424459336940311,0.8535047560144768,11222,2000,0,11041,11394,11041,11394
joint|char3_coverage|L4|alpha_z,0.8280599067247896,0.8209868146694523,0.8343946815237587,11222,2000,0,11041,11394,11041,11394
joint|char3_coverage|L4|mean_rho,0.755993341545133,0.7466663284599607,0.764738285475601,11222,2000,0,11041,11394,11041,11394
joint|char3_coverage|L5|alpha_z,0.7262438993522979,0.7156767549754807,0.736423616824685,11222,2000,0,11041,11394,11041,11394
joint|char3_coverage|L5|mean_rho,0.6826525686859639,0.6728272955982414,0.6920995944525137,11222,2000,0,11041,11394,11041,11394
joint|char3_coverage|item_centered|alpha_z,0.9770351977242719,0.9764488391217961,0.9775585985117368,56110,2000,0,55205,56970,55205,56970
joint|char3_coverage|item_centered|mean_rho,0.9674202852566807,0.9666298740349011,0.9681490931922346,56110,2000,0,55205,56970,55205,56970
joint|char3_coverage|macro_within_level|alpha_z,0.8020752362983783,0.7979947264893815,0.8062304426109165,11222,2000,0,11041,11394,11041,11394
joint|char3_coverage|macro_within_level|mean_rho,0.7129978411871135,0.7075676955751952,0.7186855096146476,11222,2000,0,11041,11394,11041,11394
joint|char3_coverage|pooled|alpha_z,0.969564000915436,0.9688372725327226,0.9702329134806893,56110,2000,0,55205,56970,55205,56970
joint|char3_coverage|pooled|mean_rho,0.9597814309530405,0.9589049696529429,0.9605783928476611,56110,2000,0,55205,56970,55205,56970
joint|char5_coverage|L1|alpha_z,0.9358434965701362,0.9312258907262762,0.9397947484405955,11222,2000,0,11041,11394,11041,11394
joint|char5_coverage|L1|mean_rho,0.882165979160286,0.8757781454031491,0.8882180390301482,11222,2000,0,11041,11394,11041,11394
joint|char5_coverage|L2|alpha_z,0.6373275991461915,0.6247180624475469,0.6499982579263002,11222,2000,0,11041,11394,11041,11394
joint|char5_coverage|L2|mean_rho,0.47386024958835404,0.45445114547464294,0.4939645130110221,11222,2000,0,11041,11394,11041,11394
joint|char5_coverage|L3|alpha_z,0.9224192406297139,0.9194268553534738,0.9251683056033859,11222,2000,0,11041,11394,11041,11394
joint|char5_coverage|L3|mean_rho,0.8689366955032123,0.8636381410746672,0.8737071500699823,11222,2000,0,11041,11394,11041,11394
joint|char5_coverage|L4|alpha_z,0.8751795517906376,0.8701627604978699,0.8801042475371026,11222,2000,0,11041,11394,11041,11394
joint|char5_coverage|L4|mean_rho,0.8448016092373387,0.8379599484089655,0.851285702974276,11222,2000,0,11041,11394,11041,11394
joint|char5_coverage|L5|alpha_z,0.671803026595287,0.6593268950086033,0.6838303539787752,11222,2000,0,11041,11394,11041,11394
joint|char5_coverage|L5|mean_rho,0.6052453181956229,0.5918431394409138,0.6183949045741755,11222,2000,0,11041,11394,11041,11394
joint|char5_coverage|item_centered|alpha_z,0.971509147412734,0.9703758885907188,0.9725594644870024,56110,2000,0,55205,56970,55205,56970
joint|char5_coverage|item_centered|mean_rho,0.9619823642720162,0.9607778764043936,0.9631633688165075,56110,2000,0,55205,56970,55205,56970
joint|char5_coverage|macro_within_level|alpha_z,0.8085145829463933,0.8046860445763024,0.8125609349492511,11222,2000,0,11041,11394,11041,11394
joint|char5_coverage|macro_within_level|mean_rho,0.7350019703369628,0.7294100964384101,0.7406109339092022,11222,2000,0,11041,11394,11041,11394
joint|char5_coverage|pooled|alpha_z,0.9631742643173715,0.9619662286352544,0.9643540044117265,56110,2000,0,55205,56970,55205,56970
joint|char5_coverage|pooled|mean_rho,0.9554520380167274,0.9542682714993119,0.956605515812633,56110,2000,0,55205,56970,55205,56970
joint|char8_coverage|L1|alpha_z,0.9194015639662668,0.9141966029439516,0.9240431088194496,11222,2000,0,11041,11394,11041,11394
joint|char8_coverage|L1|mean_rho,0.8727634893722098,0.8660086313119512,0.8793477360329093,11222,2000,0,11041,11394,11041,11394
joint|char8_coverage|L2|alpha_z,0.65359486537768,0.6411890963992519,0.6660580144603326,11222,2000,0,11041,11394,11041,11394
joint|char8_coverage|L2|mean_rho,0.5004380336491476,0.48001006444890304,0.5204386076696648,11222,2000,0,11041,11394,11041,11394
joint|char8_coverage|L3|alpha_z,0.9139436006508372,0.9105817408414245,0.9170023884814849,11222,2000,0,11041,11394,11041,11394
joint|char8_coverage|L3|mean_rho,0.8506219043178977,0.8446815320578733,0.8565326015702024,11222,2000,0,11041,11394,11041,11394
joint|char8_coverage|L4|alpha_z,0.8694497516025443,0.8646305777254788,0.8743501068210604,11222,2000,0,11041,11394,11041,11394
joint|char8_coverage|L4|mean_rho,0.8376602812219857,0.8313148714564345,0.844123382623644,11222,2000,0,11041,11394,11041,11394
joint|char8_coverage|L5|alpha_z,0.568294893633621,0.552475774157355,0.583795261611801,11222,2000,0,11041,11394,11041,11394
joint|char8_coverage|L5|mean_rho,0.35989716069597744,0.33701199922280406,0.3817278999544233,11222,2000,0,11041,11394,11041,11394
joint|char8_coverage|item_centered|alpha_z,0.9447524127362704,0.9428244424687855,0.9464938338953831,56110,2000,0,55205,56970,55205,56970
joint|char8_coverage|item_centered|mean_rho,0.9333190504860596,0.9307025406150898,0.9357772945537796,56110,2000,0,55205,56970,55205,56970
joint|char8_coverage|macro_within_level|alpha_z,0.7849369350461899,0.7801884797743963,0.7895639148557112,11222,2000,0,11041,11394,11041,11394
joint|char8_coverage|macro_within_level|mean_rho,0.6842761738514437,0.6771906202666895,0.6917648142993146,11222,2000,0,11041,11394,11041,11394
joint|char8_coverage|pooled|alpha_z,0.936735641618679,0.9347796422891486,0.9386047733963733,56110,2000,0,55205,56970,55205,56970
joint|char8_coverage|pooled|mean_rho,0.9247056760416661,0.9221114269257404,0.9272383711273172,56110,2000,0,55205,56970,55205,56970
joint|output_bigram_repeat_fraction|L1|alpha_z,0.10434417723174128,0.09172915691845406,0.11665629669235598,11222,2000,0,11041,11394,11041,11394
joint|output_bigram_repeat_fraction|L1|mean_rho,-0.25625482719868214,-0.27480851959471,-0.23701371100998522,11222,2000,0,11041,11394,11041,11394
joint|output_bigram_repeat_fraction|L2|alpha_z,0.397567331728916,0.3839723552601692,0.41222461019973655,11222,2000,0,11041,11394,11041,11394
joint|output_bigram_repeat_fraction|L2|mean_rho,0.10927243465210115,0.08474608870447024,0.1338956856866725,11222,2000,0,11041,11394,11041,11394
joint|output_bigram_repeat_fraction|L3|alpha_z,0.2601396766148547,0.2447061043767404,0.2749561775503961,11222,2000,0,11041,11394,11041,11394
joint|output_bigram_repeat_fraction|L3|mean_rho,-0.16914888702478698,-0.19145889805022873,-0.1476205473889306,11222,2000,0,11041,11394,11041,11394
joint|output_bigram_repeat_fraction|L4|alpha_z,0.2167427717399114,0.2029864564443585,0.230562569887752,11222,2000,0,11041,11394,11041,11394
joint|output_bigram_repeat_fraction|L4|mean_rho,-0.14805697586108696,-0.16957586605819774,-0.12767107263121472,11222,2000,0,11041,11394,11041,11394
joint|output_bigram_repeat_fraction|L5|alpha_z,-0.012878101940409614,-0.022766637930190792,-0.002496355150935782,11222,2000,0,11041,11394,11041,11394
joint|output_bigram_repeat_fraction|L5|mean_rho,-0.4363171365364843,-0.45220239008087765,-0.41964892396812953,11222,2000,0,11041,11394,11041,11394
joint|output_bigram_repeat_fraction|item_centered|alpha_z,0.4556368196545689,0.44277744366447414,0.46810877741315715,56110,2000,0,55205,56970,55205,56970
joint|output_bigram_repeat_fraction|item_centered|mean_rho,0.12344346006700739,0.10375816112655727,0.14188756094742186,56110,2000,0,55205,56970,55205,56970
joint|output_bigram_repeat_fraction|macro_within_level|alpha_z,0.19318317107500277,0.18455227052681542,0.2013178377804657,11222,2000,0,11041,11394,11041,11394
joint|output_bigram_repeat_fraction|macro_within_level|mean_rho,-0.18010107839378783,-0.1925994921560495,-0.16806372203667772,11222,2000,0,11041,11394,11041,11394
joint|output_bigram_repeat_fraction|pooled|alpha_z,0.4019301045774061,0.3913851625020531,0.4118324504136693,56110,2000,0,55205,56970,55205,56970
joint|output_bigram_repeat_fraction|pooled|mean_rho,0.0569686875999116,0.039317476815194444,0.07334634389377144,56110,2000,0,55205,56970,55205,56970
joint|output_bytes|L1|alpha_z,0.15113734615947927,0.13513875443055942,0.16661896438315207,11222,2000,0,11041,11394,11041,11394
joint|output_bytes|L1|mean_rho,-0.24507946854760282,-0.2686978321291016,-0.22128508752597278,11222,2000,0,11041,11394,11041,11394
joint|output_bytes|L2|alpha_z,0.25529421495875226,0.24236797563919923,0.26888607289626026,11222,2000,0,11041,11394,11041,11394
joint|output_bytes|L2|mean_rho,-0.16170863930566765,-0.1827838912114801,-0.14012936912238713,11222,2000,0,11041,11394,11041,11394
joint|output_bytes|L3|alpha_z,-0.12498405648475686,-0.1295943067692498,-0.12034008919985385,11222,2000,0,11041,11394,11041,11394
joint|output_bytes|L3|mean_rho,-0.7184684485244561,-0.7275496249249408,-0.7093050587715343,11222,2000,0,11041,11394,11041,11394
joint|output_bytes|L4|alpha_z,-0.0531740121529134,-0.05982433795521152,-0.04624379581157644,11222,2000,0,11041,11394,11041,11394
joint|output_bytes|L4|mean_rho,-0.6124186892441328,-0.6246189077311138,-0.5998317115712805,11222,2000,0,11041,11394,11041,11394
joint|output_bytes|L5|alpha_z,-0.12244103737539369,-0.12942985652211048,-0.11548954047346621,11222,2000,0,11041,11394,11041,11394
joint|output_bytes|L5|mean_rho,-0.625722136343184,-0.639113627600437,-0.6127414040752241,11222,2000,0,11041,11394,11041,11394
joint|output_bytes|item_centered|alpha_z,0.16359670765009193,0.15379389744479377,0.1744310006790111,56110,2000,0,55205,56970,55205,56970
joint|output_bytes|item_centered|mean_rho,-0.19191946076653338,-0.21062300285481395,-0.17161001214161622,56110,2000,0,55205,56970,55205,56970
joint|output_bytes|macro_within_level|alpha_z,0.021166491021033518,0.016254352575501164,0.026289296815726268,11222,2000,0,11041,11394,11041,11394
joint|output_bytes|macro_within_level|mean_rho,-0.4726794763930087,-0.4803147684777122,-0.46457579878649624,11222,2000,0,11041,11394,11041,11394
joint|output_bytes|pooled|alpha_z,0.13190874762552884,0.12326396624748223,0.14138667068264987,56110,2000,0,55205,56970,55205,56970
joint|output_bytes|pooled|mean_rho,-0.28497565685611403,-0.3016903301232701,-0.26702701941759477,56110,2000,0,55205,56970,55205,56970
joint|output_self_bits_per_byte|L1|alpha_z,0.5149527178502857,0.5019042129821171,0.5274172000030115,11222,2000,0,11041,11394,11041,11394
joint|output_self_bits_per_byte|L1|mean_rho,0.24414717528068364,0.2247895375778181,0.2631215415852451,11222,2000,0,11041,11394,11041,11394
joint|output_self_bits_per_byte|L2|alpha_z,0.3437332768697168,0.3256661206615177,0.3615311652788978,11222,2000,0,11041,11394,11041,11394
joint|output_self_bits_per_byte|L2|mean_rho,0.022149716413517435,-0.0036888544224568383,0.04666634133815149,11222,2000,0,11041,11394,11041,11394
joint|output_self_bits_per_byte|L3|alpha_z,0.6125513936169159,0.5993541411510996,0.6260288198827446,11222,2000,0,11041,11394,11041,11394
joint|output_self_bits_per_byte|L3|mean_rho,0.4040723083285933,0.38470631349122847,0.42440340671851723,11222,2000,0,11041,11394,11041,11394
joint|output_self_bits_per_byte|L4|alpha_z,0.48320322676500926,0.46940097705512657,0.49627367710495884,11222,2000,0,11041,11394,11041,11394
joint|output_self_bits_per_byte|L4|mean_rho,0.2275421822438115,0.20738264948925364,0.24721820830409544,11222,2000,0,11041,11394,11041,11394
joint|output_self_bits_per_byte|L5|alpha_z,0.6892190273525671,0.678115939584041,0.7003234592842215,11222,2000,0,11041,11394,11041,11394
joint|output_self_bits_per_byte|L5|mean_rho,0.5709172718435014,0.5560052833630502,0.5855568115390548,11222,2000,0,11041,11394,11041,11394
joint|output_self_bits_per_byte|item_centered|alpha_z,0.40200114754024097,0.38878061650648005,0.4156712690231882,56110,2000,0,55205,56970,55205,56970
joint|output_self_bits_per_byte|item_centered|mean_rho,0.11639005376169961,0.09850034678977963,0.13388105443347595,56110,2000,0,55205,56970,55205,56970
joint|output_self_bits_per_byte|macro_within_level|alpha_z,0.528731928490899,0.5206714739568965,0.5368286558531746,11222,2000,0,11041,11394,11041,11394
joint|output_self_bits_per_byte|macro_within_level|mean_rho,0.29376573082202145,0.2818590107691134,0.3057656888539709,11222,2000,0,11041,11394,11041,11394
joint|output_self_bits_per_byte|pooled|alpha_z,0.4177885494038974,0.40640994239161954,0.42901776486866977,56110,2000,0,55205,56970,55205,56970
joint|output_self_bits_per_byte|pooled|mean_rho,0.12173405026362583,0.10395854764988735,0.13886328325470915,56110,2000,0,55205,56970,55205,56970
joint|output_type_token_ratio|L1|alpha_z,0.47675243961180147,0.4643961183047146,0.4885500139543817,11222,2000,0,11041,11394,11041,11394
joint|output_type_token_ratio|L1|mean_rho,0.16686149195612038,0.1461244885619003,0.18711709148493721,11222,2000,0,11041,11394,11041,11394
joint|output_type_token_ratio|L2|alpha_z,0.2586507268230678,0.2419029360309105,0.27484086907648625,11222,2000,0,11041,11394,11041,11394
joint|output_type_token_ratio|L2|mean_rho,-0.08100775805824584,-0.10701651848954989,-0.05681851439328522,11222,2000,0,11041,11394,11041,11394
joint|output_type_token_ratio|L3|alpha_z,0.5518273141406329,0.5379314860558502,0.5660187823789071,11222,2000,0,11041,11394,11041,11394
joint|output_type_token_ratio|L3|mean_rho,0.33584703125482757,0.3155863868723972,0.3566608727967533,11222,2000,0,11041,11394,11041,11394
joint|output_type_token_ratio|L4|alpha_z,0.5236568900132068,0.5104474624001633,0.5363685207975322,11222,2000,0,11041,11394,11041,11394
joint|output_type_token_ratio|L4|mean_rho,0.29067179451905023,0.2709834142292474,0.3097829039006175,11222,2000,0,11041,11394,11041,11394
joint|output_type_token_ratio|L5|alpha_z,0.6664891271822759,0.6568007152582953,0.6758604218736163,11222,2000,0,11041,11394,11041,11394
joint|output_type_token_ratio|L5|mean_rho,0.559980303222159,0.5477733927528837,0.5719779929899517,11222,2000,0,11041,11394,11041,11394
joint|output_type_token_ratio|item_centered|alpha_z,0.34598178945931657,0.3322775625201171,0.360402355556494,56110,2000,0,55205,56970,55205,56970
joint|output_type_token_ratio|item_centered|mean_rho,0.01880424510207343,-0.000666552379755053,0.038766658227945436,56110,2000,0,55205,56970,55205,56970
joint|output_type_token_ratio|macro_within_level|alpha_z,0.495475299554197,0.48762694263967454,0.5035420255437776,11222,2000,0,11041,11394,11041,11394
joint|output_type_token_ratio|macro_within_level|mean_rho,0.25447057257878225,0.24283270724920542,0.26596383780674127,11222,2000,0,11041,11394,11041,11394
joint|output_type_token_ratio|pooled|alpha_z,0.36218457150765604,0.3508396424108801,0.37412770554667585,56110,2000,0,55205,56970,55205,56970
joint|output_type_token_ratio|pooled|mean_rho,0.04041827331222039,0.023236636462242385,0.05841414700179985,56110,2000,0,55205,56970,55205,56970
joint|output_words|L1|alpha_z,0.2000402782140912,0.18408843402828132,0.21509103460330448,11222,2000,0,11041,11394,11041,11394
joint|output_words|L1|mean_rho,-0.17800793939220902,-0.2015877962970531,-0.15433626484133764,11222,2000,0,11041,11394,11041,11394
joint|output_words|L2|alpha_z,0.2777771096528504,0.26491125072889954,0.29133357040861224,11222,2000,0,11041,11394,11041,11394
joint|output_words|L2|mean_rho,-0.11777082001498193,-0.13860089780339888,-0.09545552525686977,11222,2000,0,11041,11394,11041,11394
joint|output_words|L3|alpha_z,-0.1372725609239498,-0.14149765713724943,-0.1327800967164263,11222,2000,0,11041,11394,11041,11394
joint|output_words|L3|mean_rho,-0.7239001579455758,-0.7324368838308875,-0.7150512429332004,11222,2000,0,11041,11394,11041,11394
joint|output_words|L4|alpha_z,-0.07895211880281927,-0.08502246933895084,-0.07248796610466927,11222,2000,0,11041,11394,11041,11394
joint|output_words|L4|mean_rho,-0.6580653420830421,-0.66834484687629,-0.6466472997897793,11222,2000,0,11041,11394,11041,11394
joint|output_words|L5|alpha_z,-0.13831952781710766,-0.14502479376484956,-0.1317685195715613,11222,2000,0,11041,11394,11041,11394
joint|output_words|L5|mean_rho,-0.6397174446007546,-0.6524326152743642,-0.6275303433670688,11222,2000,0,11041,11394,11041,11394
joint|output_words|item_centered|alpha_z,0.1847992238622661,0.17362589498273615,0.1969655210337436,56110,2000,0,55205,56970,55205,56970
joint|output_words|item_centered|mean_rho,-0.16050534954977622,-0.18020232136824413,-0.13948219635340048,56110,2000,0,55205,56970,55205,56970
joint|output_words|macro_within_level|alpha_z,0.02465463606461298,0.01972623807811136,0.029804235340075497,11222,2000,0,11041,11394,11041,11394
joint|output_words|macro_within_level|mean_rho,-0.4634923408073127,-0.4711167292960606,-0.45516410407125646,11222,2000,0,11041,11394,11041,11394
joint|output_words|pooled|alpha_z,0.15313901695593302,0.14317261097632525,0.16417702980548632,56110,2000,0,55205,56970,55205,56970
joint|output_words|pooled|mean_rho,-0.260346715728321,-0.2769507505677462,-0.2416288845104778,56110,2000,0,55205,56970,55205,56970
joint|prompt_bytes|L1|alpha_z,0.4793899747742678,0.4707349403704038,0.4880815216502308,11222,2000,0,11041,11394,11041,11394
joint|prompt_bytes|L1|mean_rho,0.22943398173029905,0.21247064690779838,0.24629674491954304,11222,2000,0,11041,11394,11041,11394
joint|prompt_bytes|L2|alpha_z,0.2639982303259525,0.25161690444027796,0.27709038904728633,11222,2000,0,11041,11394,11041,11394
joint|prompt_bytes|L2|mean_rho,-0.09886905322763688,-0.11918740864940243,-0.07938577416516181,11222,2000,0,11041,11394,11041,11394
joint|prompt_bytes|L3|alpha_z,0.31472231323725597,0.30201988983890904,0.32635447448627924,11222,2000,0,11041,11394,11041,11394
joint|prompt_bytes|L3|mean_rho,0.016849166883132073,-0.001873031030432179,0.0354889669744425,11222,2000,0,11041,11394,11041,11394
joint|prompt_bytes|L4|alpha_z,0.3158593357936794,0.3042910493856989,0.32839386624618516,11222,2000,0,11041,11394,11041,11394
joint|prompt_bytes|L4|mean_rho,-0.018769737511538803,-0.03620223013786643,-0.0003112139115257769,11222,2000,0,11041,11394,11041,11394
joint|prompt_bytes|L5|alpha_z,0.39636546993361677,0.3796920947392018,0.4134892498184452,11222,2000,0,11041,11394,11041,11394
joint|prompt_bytes|L5|mean_rho,0.1979886426158304,0.1723327252147055,0.2239016825680854,11222,2000,0,11041,11394,11041,11394
joint|prompt_bytes|item_centered|alpha_z,0.797231690018926,0.7940702941353086,0.8006548261056503,56110,2000,0,55205,56970,55205,56970
joint|prompt_bytes|item_centered|mean_rho,0.7992968987911855,0.7956930728765209,0.802980416431999,56110,2000,0,55205,56970,55205,56970
joint|prompt_bytes|macro_within_level|alpha_z,0.3540670648129545,0.34765440127962416,0.3606248320791492,11222,2000,0,11041,11394,11041,11394
joint|prompt_bytes|macro_within_level|mean_rho,0.06532660009801718,0.05472016662042198,0.07560158901558682,11222,2000,0,11041,11394,11041,11394
joint|prompt_bytes|pooled|alpha_z,0.7409372476492655,0.7374137846325336,0.7448757722956909,56110,2000,0,55205,56970,55205,56970
joint|prompt_bytes|pooled|mean_rho,0.8024444669722545,0.7966982760808972,0.807886935205716,56110,2000,0,55205,56970,55205,56970
joint|prompt_to_output_byte_ratio|L1|alpha_z,0.8443605574263076,0.8314974459495096,0.856400889730015,11222,2000,0,11041,11394,11041,11394
joint|prompt_to_output_byte_ratio|L1|mean_rho,0.6313999673292683,0.6194295055467247,0.6435190478731574,11222,2000,0,11041,11394,11041,11394
joint|prompt_to_output_byte_ratio|L2|alpha_z,0.3956784235493479,0.3678687817953978,0.4230599644049556,11222,2000,0,11041,11394,11041,11394
joint|prompt_to_output_byte_ratio|L2|mean_rho,0.16577726357570163,0.14123173127851588,0.18871883927953048,11222,2000,0,11041,11394,11041,11394
joint|prompt_to_output_byte_ratio|L3|alpha_z,0.8994623303944613,0.8956966037158839,0.9030888935179057,11222,2000,0,11041,11394,11041,11394
joint|prompt_to_output_byte_ratio|L3|mean_rho,0.8216145271464579,0.8148680351968524,0.82795688371242,11222,2000,0,11041,11394,11041,11394
joint|prompt_to_output_byte_ratio|L4|alpha_z,0.775785138645186,0.7662340868098538,0.7846331734149504,11222,2000,0,11041,11394,11041,11394
joint|prompt_to_output_byte_ratio|L4|mean_rho,0.6839837723952135,0.672078921190487,0.6955384005783722,11222,2000,0,11041,11394,11041,11394
joint|prompt_to_output_byte_ratio|L5|alpha_z,0.7152099462305606,0.7000933416451592,0.7287674724360643,11222,2000,0,11041,11394,11041,11394
joint|prompt_to_output_byte_ratio|L5|mean_rho,0.6703614459246762,0.6598453187004194,0.6813380989424183,11222,2000,0,11041,11394,11041,11394
joint|prompt_to_output_byte_ratio|item_centered|alpha_z,0.9300227005691523,0.9271116750876685,0.9327153421233901,56110,2000,0,55205,56970,55205,56970
joint|prompt_to_output_byte_ratio|item_centered|mean_rho,0.9162237362202853,0.9146869429240957,0.9178064988395092,56110,2000,0,55205,56970,55205,56970
joint|prompt_to_output_byte_ratio|macro_within_level|alpha_z,0.7260992792491726,0.7189639436732067,0.733383546646194,11222,2000,0,11041,11394,11041,11394
joint|prompt_to_output_byte_ratio|macro_within_level|mean_rho,0.5946273952742634,0.5878203899518047,0.6010510055926037,11222,2000,0,11041,11394,11041,11394
joint|prompt_to_output_byte_ratio|pooled|alpha_z,0.9197078396899541,0.9163495351847573,0.9226882368302703,56110,2000,0,55205,56970,55205,56970
joint|prompt_to_output_byte_ratio|pooled|mean_rho,0.9225650156060329,0.9211098470015301,0.9239415600322938,56110,2000,0,55205,56970,55205,56970
joint|prompt_words|L1|alpha_z,0.48012435822066735,0.471308957651711,0.48876047823180746,11222,2000,0,11041,11394,11041,11394
joint|prompt_words|L1|mean_rho,0.23947367396121944,0.22307231541054656,0.2559689607913666,11222,2000,0,11041,11394,11041,11394
joint|prompt_words|L2|alpha_z,0.2637413010175095,0.25119397751428907,0.276916867411762,11222,2000,0,11041,11394,11041,11394
joint|prompt_words|L2|mean_rho,-0.0964127910325315,-0.11688278392425293,-0.07627022776679514,11222,2000,0,11041,11394,11041,11394
joint|prompt_words|L3|alpha_z,0.3425171833834251,0.32942695476455375,0.35475391686820623,11222,2000,0,11041,11394,11041,11394
joint|prompt_words|L3|mean_rho,0.05833530991304405,0.03915671070151187,0.07639625076348144,11222,2000,0,11041,11394,11041,11394
joint|prompt_words|L4|alpha_z,0.34621885858966417,0.33391253921066916,0.3587699441487742,11222,2000,0,11041,11394,11041,11394
joint|prompt_words|L4|mean_rho,0.023569820248259484,0.006350393142460915,0.04218099989200536,11222,2000,0,11041,11394,11041,11394
joint|prompt_words|L5|alpha_z,0.4337256915651251,0.41859709936261474,0.44872791256295885,11222,2000,0,11041,11394,11041,11394
joint|prompt_words|L5|mean_rho,0.3016124128656579,0.2786632468397378,0.3246896116600555,11222,2000,0,11041,11394,11041,11394
joint|prompt_words|item_centered|alpha_z,0.799165302949723,0.7960092142280274,0.802516901713292,56110,2000,0,55205,56970,55205,56970
joint|prompt_words|item_centered|mean_rho,0.799237286216973,0.7958391140381146,0.8027783102821292,56110,2000,0,55205,56970,55205,56970
joint|prompt_words|macro_within_level|alpha_z,0.3732654785552782,0.36679431112529703,0.3798884644066366,11222,2000,0,11041,11394,11041,11394
joint|prompt_words|macro_within_level|mean_rho,0.10531568519112985,0.09484887041864924,0.1155168315599078,11222,2000,0,11041,11394,11041,11394
joint|prompt_words|pooled|alpha_z,0.7427362752099371,0.7390987589734743,0.7465044780836275,56110,2000,0,55205,56970,55205,56970
joint|prompt_words|pooled|mean_rho,0.8125070404158502,0.8068757961064841,0.8179141932898618,56110,2000,0,55205,56970,55205,56970
joint|rouge_l_recall|L1|alpha_z,0.9476114175585364,0.9429377983513437,0.9519057666769234,11222,2000,0,11041,11394,11041,11394
joint|rouge_l_recall|L1|mean_rho,0.9039512082655252,0.8973078301376731,0.9101140514318816,11222,2000,0,11041,11394,11041,11394
joint|rouge_l_recall|L2|alpha_z,0.7474650259307247,0.738359029114382,0.7565931471303663,11222,2000,0,11041,11394,11041,11394
joint|rouge_l_recall|L2|mean_rho,0.6383212013626949,0.6237275133283762,0.6530573911168912,11222,2000,0,11041,11394,11041,11394
joint|rouge_l_recall|L3|alpha_z,0.9277460756772362,0.9249140000054412,0.9303044307078021,11222,2000,0,11041,11394,11041,11394
joint|rouge_l_recall|L3|mean_rho,0.8840264534883697,0.8791752943186243,0.8883628612835324,11222,2000,0,11041,11394,11041,11394
joint|rouge_l_recall|L4|alpha_z,0.8757637637593891,0.8707893355961397,0.8808398970845158,11222,2000,0,11041,11394,11041,11394
joint|rouge_l_recall|L4|mean_rho,0.852853005119214,0.8463857239997162,0.8589676063805561,11222,2000,0,11041,11394,11041,11394
joint|rouge_l_recall|L5|alpha_z,0.6963067439009869,0.6827542212992337,0.7104533543530547,11222,2000,0,11041,11394,11041,11394
joint|rouge_l_recall|L5|mean_rho,0.6878584266908974,0.6787541718915313,0.6973869417102787,11222,2000,0,11041,11394,11041,11394
joint|rouge_l_recall|item_centered|alpha_z,0.9773999704062573,0.976574799491446,0.9781889149331152,56110,2000,0,55205,56970,55205,56970
joint|rouge_l_recall|item_centered|mean_rho,0.9715690208313694,0.9706948947225218,0.9723917543730374,56110,2000,0,55205,56970,55205,56970
joint|rouge_l_recall|macro_within_level|alpha_z,0.8389786053653747,0.835331630967883,0.8428337690418706,11222,2000,0,11041,11394,11041,11394
joint|rouge_l_recall|macro_within_level|mean_rho,0.7934020589853402,0.7892474956969663,0.797595491121299,11222,2000,0,11041,11394,11041,11394
joint|rouge_l_recall|pooled|alpha_z,0.971751170919162,0.970817833556693,0.972601245408094,56110,2000,0,55205,56970,55205,56970
joint|rouge_l_recall|pooled|mean_rho,0.9700102258072585,0.9692123661224744,0.9707523713159861,56110,2000,0,55205,56970,55205,56970
joint|word_bigram_coverage|L1|alpha_z,0.9226064086043164,0.916725393008695,0.9281278617499622,11222,2000,0,11041,11394,11041,11394
joint|word_bigram_coverage|L1|mean_rho,0.8903625668351209,0.8832402311664546,0.8970457757390767,11222,2000,0,11041,11394,11041,11394
joint|word_bigram_coverage|L2|alpha_z,0.6706150821317229,0.6593985266414767,0.6817428541867694,11222,2000,0,11041,11394,11041,11394
joint|word_bigram_coverage|L2|mean_rho,0.5198760638409502,0.5019751603310055,0.5379105230520039,11222,2000,0,11041,11394,11041,11394
joint|word_bigram_coverage|L3|alpha_z,0.9096867217877515,0.9061640390749998,0.9129218622518703,11222,2000,0,11041,11394,11041,11394
joint|word_bigram_coverage|L3|mean_rho,0.8430899373578735,0.8366141230710825,0.8491513910022556,11222,2000,0,11041,11394,11041,11394
joint|word_bigram_coverage|L4|alpha_z,0.8497524016634854,0.8439465318331726,0.8555035418540101,11222,2000,0,11041,11394,11041,11394
joint|word_bigram_coverage|L4|mean_rho,0.8045396798168001,0.7966991000644686,0.8122867161785697,11222,2000,0,11041,11394,11041,11394
joint|word_bigram_coverage|L5|alpha_z,0.5030408109561414,0.4863837525751737,0.520050979410926,11222,2000,0,11041,11394,11041,11394
joint|word_bigram_coverage|L5|mean_rho,0.2156201204051419,0.19329920953173335,0.23801927034507608,11222,2000,0,11041,11394,11041,11394
joint|word_bigram_coverage|item_centered|alpha_z,0.9428109040989592,0.9408994005908866,0.9444894985692253,56110,2000,0,55205,56970,55205,56970
joint|word_bigram_coverage|item_centered|mean_rho,0.9345207776649311,0.9322451836123544,0.9366410761961961,56110,2000,0,55205,56970,55205,56970
joint|word_bigram_coverage|macro_within_level|alpha_z,0.7711402850286835,0.76614306323388,0.7757755013085356,11222,2000,0,11041,11394,11041,11394
joint|word_bigram_coverage|macro_within_level|mean_rho,0.6546976736511774,0.6472864483699822,0.6618187894270234,11222,2000,0,11041,11394,11041,11394
joint|word_bigram_coverage|pooled|alpha_z,0.9363507669913805,0.9344208957156632,0.9381097272452732,56110,2000,0,55205,56970,55205,56970
joint|word_bigram_coverage|pooled|mean_rho,0.9293056137697019,0.9272168445280147,0.9313601087255402,56110,2000,0,55205,56970,55205,56970
joint|word_token_coverage|L1|alpha_z,0.9345997225832193,0.9299865681440187,0.9388703223222356,11222,2000,0,11041,11394,11041,11394
joint|word_token_coverage|L1|mean_rho,0.880831756469125,0.8736488903342826,0.8876469821604454,11222,2000,0,11041,11394,11041,11394
joint|word_token_coverage|L2|alpha_z,0.6380934896886372,0.6257957349723994,0.6502378465510277,11222,2000,0,11041,11394,11041,11394
joint|word_token_coverage|L2|mean_rho,0.4548277930585414,0.43566072264295,0.47423360206821347,11222,2000,0,11041,11394,11041,11394
joint|word_token_coverage|L3|alpha_z,0.9174331371951172,0.9141684377799291,0.9202889282955607,11222,2000,0,11041,11394,11041,11394
joint|word_token_coverage|L3|mean_rho,0.8563887810987417,0.8507265882909262,0.8614460913263126,11222,2000,0,11041,11394,11041,11394
joint|word_token_coverage|L4|alpha_z,0.8553202997437187,0.8492600845009004,0.8610283906835061,11222,2000,0,11041,11394,11041,11394
joint|word_token_coverage|L4|mean_rho,0.8151766063480286,0.8075209319780401,0.8226526798369359,11222,2000,0,11041,11394,11041,11394
joint|word_token_coverage|L5|alpha_z,0.7258375885419699,0.7151613578593281,0.7364618432821073,11222,2000,0,11041,11394,11041,11394
joint|word_token_coverage|L5|mean_rho,0.7057067727385185,0.6970630683957111,0.7149797066180609,11222,2000,0,11041,11394,11041,11394
joint|word_token_coverage|item_centered|alpha_z,0.9807849997588861,0.9800993973781031,0.9813590337929485,56110,2000,0,55205,56970,55205,56970
joint|word_token_coverage|item_centered|mean_rho,0.9704277175318234,0.9695884218615156,0.9712093441430094,56110,2000,0,55205,56970,55205,56970
joint|word_token_coverage|macro_within_level|alpha_z,0.8142568475505325,0.8102823013833274,0.8183132242975636,11222,2000,0,11041,11394,11041,11394
joint|word_token_coverage|macro_within_level|mean_rho,0.7425863419425911,0.7375095587894464,0.747990784817749,11222,2000,0,11041,11394,11041,11394
joint|word_token_coverage|pooled|alpha_z,0.9724479008294974,0.9716143798229618,0.9731791803939638,56110,2000,0,55205,56970,55205,56970
joint|word_token_coverage|pooled|mean_rho,0.9645907394595687,0.963721330897447,0.9653864725614106,56110,2000,0,55205,56970,55205,56970
joint|word_type_coverage|L1|alpha_z,0.9450248023056069,0.9402998244978301,0.9494735824267072,11222,2000,0,11041,11394,11041,11394
joint|word_type_coverage|L1|mean_rho,0.8990435347979915,0.8922928193509395,0.905320775424701,11222,2000,0,11041,11394,11041,11394
joint|word_type_coverage|L2|alpha_z,0.6560316409962146,0.644137189362563,0.6674223206293398,11222,2000,0,11041,11394,11041,11394
joint|word_type_coverage|L2|mean_rho,0.48893731940551055,0.47084626299117033,0.5065390676825255,11222,2000,0,11041,11394,11041,11394
joint|word_type_coverage|L3|alpha_z,0.9166245212338417,0.9131950848076779,0.9196349348041423,11222,2000,0,11041,11394,11041,11394
joint|word_type_coverage|L3|mean_rho,0.8602389957040407,0.8545662953314885,0.8655924910388165,11222,2000,0,11041,11394,11041,11394
joint|word_type_coverage|L4|alpha_z,0.8811270519603185,0.8765195795066115,0.8856262894402694,11222,2000,0,11041,11394,11041,11394
joint|word_type_coverage|L4|mean_rho,0.8564862179307264,0.8503668222604681,0.8620488782644239,11222,2000,0,11041,11394,11041,11394
joint|word_type_coverage|L5|alpha_z,0.7366584724774194,0.726501148961175,0.7462606407495226,11222,2000,0,11041,11394,11041,11394
joint|word_type_coverage|L5|mean_rho,0.7240626651647388,0.7151915888306559,0.733060635874069,11222,2000,0,11041,11394,11041,11394
joint|word_type_coverage|item_centered|alpha_z,0.9753086997192195,0.9744574124593963,0.9760782704829197,56110,2000,0,55205,56970,55205,56970
joint|word_type_coverage|item_centered|mean_rho,0.9662247669209216,0.9652277635773071,0.9671109678785257,56110,2000,0,55205,56970,55205,56970
joint|word_type_coverage|macro_within_level|alpha_z,0.8270932977946803,0.8232726941976348,0.8307887812623993,11222,2000,0,11041,11394,11041,11394
joint|word_type_coverage|macro_within_level|mean_rho,0.7657537466006016,0.7607095535676451,0.7707486971783892,11222,2000,0,11041,11394,11041,11394
joint|word_type_coverage|pooled|alpha_z,0.9670998454716723,0.9661396427453738,0.9680138195327312,56110,2000,0,55205,56970,55205,56970
joint|word_type_coverage|pooled|mean_rho,0.9566994551712711,0.9555530521086089,0.9577908877461977,56110,2000,0,55205,56970,55205,56970
subgroup|domain|arxiv|convergence|llama|blackbox_actual_ratio|macro_within_level|alpha_z,0.8197255466050418,0.8075741411565914,0.830991624191041,2937,2000,0,2562,3272,2562,3272
subgroup|domain|arxiv|convergence|llama|blackbox_actual_ratio|macro_within_level|rho,0.7951311456513206,0.7856242553467127,0.8039865429823915,2937,2000,0,2562,3272,2562,3272
subgroup|domain|arxiv|convergence|llama|char3_coverage|macro_within_level|alpha_z,0.7971788632433056,0.7851347119588239,0.8089928877010795,2937,2000,0,2562,3272,2562,3272
subgroup|domain|arxiv|convergence|llama|char3_coverage|macro_within_level|rho,0.7601325103677857,0.7502670320034145,0.769688349229996,2937,2000,0,2562,3272,2562,3272
subgroup|domain|arxiv|convergence|llama|char5_coverage|macro_within_level|alpha_z,0.7790790579960959,0.7668650780575832,0.7923498776930128,2937,2000,0,2562,3272,2562,3272
subgroup|domain|arxiv|convergence|llama|char5_coverage|macro_within_level|rho,0.7509060815095412,0.7402652625609933,0.7609738935865703,2937,2000,0,2562,3272,2562,3272
subgroup|domain|arxiv|convergence|llama|char8_coverage|macro_within_level|alpha_z,0.7456449014804747,0.7330088755727485,0.7577899007893721,2937,2000,0,2562,3272,2562,3272
subgroup|domain|arxiv|convergence|llama|char8_coverage|macro_within_level|rho,0.6934459650555558,0.6798086297123944,0.7067916252859694,2937,2000,0,2562,3272,2562,3272
subgroup|domain|arxiv|convergence|llama|output_bigram_repeat_fraction|macro_within_level|alpha_z,-0.4402125007903518,-0.4599552976656695,-0.42089632812812755,2937,2000,0,2562,3272,2562,3272
subgroup|domain|arxiv|convergence|llama|output_bigram_repeat_fraction|macro_within_level|rho,-0.39410178083072583,-0.41432357865148906,-0.374857708557588,2937,2000,0,2562,3272,2562,3272
subgroup|domain|arxiv|convergence|llama|output_bytes|macro_within_level|alpha_z,-0.6042201734952861,-0.6189308984679258,-0.5892399176144856,2937,2000,0,2562,3272,2562,3272
subgroup|domain|arxiv|convergence|llama|output_bytes|macro_within_level|rho,-0.5958981389554101,-0.6122748899432975,-0.5786832766798697,2937,2000,0,2562,3272,2562,3272
subgroup|domain|arxiv|convergence|llama|output_self_bits_per_byte|macro_within_level|alpha_z,0.5490120164791195,0.5269850495944176,0.5701416557676878,2937,2000,0,2562,3272,2562,3272
subgroup|domain|arxiv|convergence|llama|output_self_bits_per_byte|macro_within_level|rho,0.5095447779544774,0.4908310193621022,0.5283588437308977,2937,2000,0,2562,3272,2562,3272
subgroup|domain|arxiv|convergence|llama|output_type_token_ratio|macro_within_level|alpha_z,0.5184297346082469,0.49954162988894457,0.5387047477680829,2937,2000,0,2562,3272,2562,3272
subgroup|domain|arxiv|convergence|llama|output_type_token_ratio|macro_within_level|rho,0.48007605774273826,0.46186101123253576,0.4997195505768783,2937,2000,0,2562,3272,2562,3272
subgroup|domain|arxiv|convergence|llama|output_words|macro_within_level|alpha_z,-0.5944739908222015,-0.6097408755373769,-0.5789803091230993,2937,2000,0,2562,3272,2562,3272
subgroup|domain|arxiv|convergence|llama|output_words|macro_within_level|rho,-0.5894737477551181,-0.6063905952932693,-0.5722704420961087,2937,2000,0,2562,3272,2562,3272
subgroup|domain|arxiv|convergence|llama|prompt_bytes|macro_within_level|alpha_z,0.04495551793215258,0.019017310335454334,0.07039065766293384,2937,2000,0,2562,3272,2562,3272
subgroup|domain|arxiv|convergence|llama|prompt_bytes|macro_within_level|rho,0.03807866887956483,0.0114857991827975,0.06390330682825343,2937,2000,0,2562,3272,2562,3272
subgroup|domain|arxiv|convergence|llama|prompt_to_output_byte_ratio|macro_within_level|alpha_z,0.740286893151129,0.7205097187892467,0.7594451330939516,2937,2000,0,2562,3272,2562,3272
subgroup|domain|arxiv|convergence|llama|prompt_to_output_byte_ratio|macro_within_level|rho,0.7100425081458022,0.6987723000367781,0.7213241684378391,2937,2000,0,2562,3272,2562,3272
subgroup|domain|arxiv|convergence|llama|prompt_words|macro_within_level|alpha_z,0.08164694325963104,0.057425436474017544,0.10600848231591993,2937,2000,0,2562,3272,2562,3272
subgroup|domain|arxiv|convergence|llama|prompt_words|macro_within_level|rho,0.08065292704609076,0.05460531172603463,0.10634272675480404,2937,2000,0,2562,3272,2562,3272
subgroup|domain|arxiv|convergence|llama|rouge_l_recall|macro_within_level|alpha_z,0.8054657830966111,0.793161073960697,0.8195115284106697,2937,2000,0,2562,3272,2562,3272
subgroup|domain|arxiv|convergence|llama|rouge_l_recall|macro_within_level|rho,0.7873900809680358,0.7779285187646988,0.7957747190525027,2937,2000,0,2562,3272,2562,3272
subgroup|domain|arxiv|convergence|llama|word_bigram_coverage|macro_within_level|alpha_z,0.6938975731465524,0.6817564799660781,0.707224957121859,2937,2000,0,2562,3272,2562,3272
subgroup|domain|arxiv|convergence|llama|word_bigram_coverage|macro_within_level|rho,0.6403709577082138,0.626691939202774,0.6535205983660077,2937,2000,0,2562,3272,2562,3272
subgroup|domain|arxiv|convergence|llama|word_token_coverage|macro_within_level|alpha_z,0.7894812433150008,0.7772058201542019,0.8018998865700492,2937,2000,0,2562,3272,2562,3272
subgroup|domain|arxiv|convergence|llama|word_token_coverage|macro_within_level|rho,0.7590356777089583,0.7489985358092516,0.7682867199139147,2937,2000,0,2562,3272,2562,3272
subgroup|domain|arxiv|convergence|llama|word_type_coverage|macro_within_level|alpha_z,0.7876669137892961,0.7760869751489307,0.7989105404653698,2937,2000,0,2562,3272,2562,3272
subgroup|domain|arxiv|convergence|llama|word_type_coverage|macro_within_level|rho,0.7582322370164553,0.7477612431101577,0.7677885224219745,2937,2000,0,2562,3272,2562,3272
subgroup|domain|arxiv|convergence|mixtral|blackbox_actual_ratio|macro_within_level|alpha_z,0.8342834689957865,0.8246693851789693,0.8429195206178546,2937,2000,0,2562,3272,2562,3272
subgroup|domain|arxiv|convergence|mixtral|blackbox_actual_ratio|macro_within_level|rho,0.8104264365881024,0.8008246450919884,0.8191415534420337,2937,2000,0,2562,3272,2562,3272
subgroup|domain|arxiv|convergence|mixtral|char3_coverage|macro_within_level|alpha_z,0.8171983785981982,0.8089172444280358,0.825420429500999,2937,2000,0,2562,3272,2562,3272
subgroup|domain|arxiv|convergence|mixtral|char3_coverage|macro_within_level|rho,0.7810011180451765,0.7714777163743144,0.7896212063456673,2937,2000,0,2562,3272,2562,3272
subgroup|domain|arxiv|convergence|mixtral|char5_coverage|macro_within_level|alpha_z,0.8070641388408575,0.7978425330395392,0.8153369030508041,2937,2000,0,2562,3272,2562,3272
subgroup|domain|arxiv|convergence|mixtral|char5_coverage|macro_within_level|rho,0.773212071528442,0.7628137306464141,0.7827354515886668,2937,2000,0,2562,3272,2562,3272
subgroup|domain|arxiv|convergence|mixtral|char8_coverage|macro_within_level|alpha_z,0.7667962466959073,0.7540956045827271,0.7784404995167277,2937,2000,0,2562,3272,2562,3272
subgroup|domain|arxiv|convergence|mixtral|char8_coverage|macro_within_level|rho,0.7132263629293195,0.6999208239053549,0.7254616572649953,2937,2000,0,2562,3272,2562,3272
subgroup|domain|arxiv|convergence|mixtral|output_bigram_repeat_fraction|macro_within_level|alpha_z,-0.4307830333944661,-0.4506362880103917,-0.41141345713446303,2937,2000,0,2562,3272,2562,3272
subgroup|domain|arxiv|convergence|mixtral|output_bigram_repeat_fraction|macro_within_level|rho,-0.38867805537756356,-0.40870547131071894,-0.36844815877191295,2937,2000,0,2562,3272,2562,3272
subgroup|domain|arxiv|convergence|mixtral|output_bytes|macro_within_level|alpha_z,-0.6136623768675372,-0.6285864524942921,-0.5978457091985399,2937,2000,0,2562,3272,2562,3272
subgroup|domain|arxiv|convergence|mixtral|output_bytes|macro_within_level|rho,-0.6077008734299206,-0.623985583524864,-0.5914112714223947,2937,2000,0,2562,3272,2562,3272
subgroup|domain|arxiv|convergence|mixtral|output_self_bits_per_byte|macro_within_level|alpha_z,0.5494463445487764,0.5290816563321659,0.5690224146245407,2937,2000,0,2562,3272,2562,3272
subgroup|domain|arxiv|convergence|mixtral|output_self_bits_per_byte|macro_within_level|rho,0.5084304815572784,0.4903864443470158,0.5263556809153018,2937,2000,0,2562,3272,2562,3272
subgroup|domain|arxiv|convergence|mixtral|output_type_token_ratio|macro_within_level|alpha_z,0.511895293237479,0.49322107048331093,0.5312035759522813,2937,2000,0,2562,3272,2562,3272
subgroup|domain|arxiv|convergence|mixtral|output_type_token_ratio|macro_within_level|rho,0.47369793060160026,0.45552762489981136,0.49329454076347,2937,2000,0,2562,3272,2562,3272
subgroup|domain|arxiv|convergence|mixtral|output_words|macro_within_level|alpha_z,-0.6020596882049342,-0.6173752284446894,-0.5861432505729889,2937,2000,0,2562,3272,2562,3272
subgroup|domain|arxiv|convergence|mixtral|output_words|macro_within_level|rho,-0.5992931826372244,-0.6154631892829828,-0.5826725126973421,2937,2000,0,2562,3272,2562,3272
subgroup|domain|arxiv|convergence|mixtral|prompt_bytes|macro_within_level|alpha_z,0.02377380349479017,-0.0002518994639768505,0.04770286556434183,2937,2000,0,2562,3272,2562,3272
subgroup|domain|arxiv|convergence|mixtral|prompt_bytes|macro_within_level|rho,0.03070530547426149,0.006816577573277282,0.05406492879744261,2937,2000,0,2562,3272,2562,3272
subgroup|domain|arxiv|convergence|mixtral|prompt_to_output_byte_ratio|macro_within_level|alpha_z,0.7468015112074113,0.7297337755512532,0.7623609744272883,2937,2000,0,2562,3272,2562,3272
subgroup|domain|arxiv|convergence|mixtral|prompt_to_output_byte_ratio|macro_within_level|rho,0.7186526165298229,0.7073253917309882,0.7295160568596958,2937,2000,0,2562,3272,2562,3272
subgroup|domain|arxiv|convergence|mixtral|prompt_words|macro_within_level|alpha_z,0.05161325395280929,0.028330947367449993,0.07511060189329305,2937,2000,0,2562,3272,2562,3272
subgroup|domain|arxiv|convergence|mixtral|prompt_words|macro_within_level|rho,0.05920615921549727,0.03494868102864595,0.08239299967584632,2937,2000,0,2562,3272,2562,3272
subgroup|domain|arxiv|convergence|mixtral|rouge_l_recall|macro_within_level|alpha_z,0.8172601357064057,0.808117511137504,0.8263790494777363,2937,2000,0,2562,3272,2562,3272
subgroup|domain|arxiv|convergence|mixtral|rouge_l_recall|macro_within_level|rho,0.7937736497458003,0.7844508664205827,0.8023200009798315,2937,2000,0,2562,3272,2562,3272
subgroup|domain|arxiv|convergence|mixtral|word_bigram_coverage|macro_within_level|alpha_z,0.7117232010713839,0.6971520330120239,0.7252886442680596,2937,2000,0,2562,3272,2562,3272
subgroup|domain|arxiv|convergence|mixtral|word_bigram_coverage|macro_within_level|rho,0.6592473213867844,0.6465039723286923,0.6720327682453562,2937,2000,0,2562,3272,2562,3272
subgroup|domain|arxiv|convergence|mixtral|word_token_coverage|macro_within_level|alpha_z,0.8040769112628394,0.7944302401019451,0.8129004799951155,2937,2000,0,2562,3272,2562,3272
subgroup|domain|arxiv|convergence|mixtral|word_token_coverage|macro_within_level|rho,0.7696329967307365,0.7601555991255995,0.778949482333521,2937,2000,0,2562,3272,2562,3272
subgroup|domain|arxiv|convergence|mixtral|word_type_coverage|macro_within_level|alpha_z,0.8068454719058213,0.7976131348567215,0.8157527685175106,2937,2000,0,2562,3272,2562,3272
subgroup|domain|arxiv|convergence|mixtral|word_type_coverage|macro_within_level|rho,0.7780144730449468,0.7679926951249803,0.7878574958195868,2937,2000,0,2562,3272,2562,3272
subgroup|domain|arxiv|direct|char3_coverage|macro_within_level|alpha_z,0.9122897479986012,0.9053414996182633,0.9185375862592414,2937,2000,0,2562,3272,2562,3272
subgroup|domain|arxiv|direct|char3_coverage|macro_within_level|rho,0.9107453438318711,0.9030299705916309,0.9173162964815939,2937,2000,0,2562,3272,2562,3272
subgroup|domain|arxiv|direct|char5_coverage|macro_within_level|alpha_z,0.9082234518223616,0.899193411880276,0.916481338390602,2937,2000,0,2562,3272,2562,3272
subgroup|domain|arxiv|direct|char5_coverage|macro_within_level|rho,0.89392597012439,0.886408139968201,0.9007797029673287,2937,2000,0,2562,3272,2562,3272
subgroup|domain|arxiv|direct|char8_coverage|macro_within_level|alpha_z,0.8561707707578602,0.8422710103280427,0.8685788229253103,2937,2000,0,2562,3272,2562,3272
subgroup|domain|arxiv|direct|char8_coverage|macro_within_level|rho,0.8017481956095805,0.7907412155910742,0.8122756479605003,2937,2000,0,2562,3272,2562,3272
subgroup|domain|arxiv|direct|output_bigram_repeat_fraction|macro_within_level|alpha_z,-0.4662998851942389,-0.4880560708595095,-0.44540733471189203,2937,2000,0,2562,3272,2562,3272
subgroup|domain|arxiv|direct|output_bigram_repeat_fraction|macro_within_level|rho,-0.46635527063453963,-0.48750621266463295,-0.44513151336933127,2937,2000,0,2562,3272,2562,3272
subgroup|domain|arxiv|direct|output_bytes|macro_within_level|alpha_z,-0.7214766317865017,-0.733413860714238,-0.7089858795006881,2937,2000,0,2562,3272,2562,3272
subgroup|domain|arxiv|direct|output_bytes|macro_within_level|rho,-0.7841230020734893,-0.7969444414426661,-0.7708250885411246,2937,2000,0,2562,3272,2562,3272
subgroup|domain|arxiv|direct|output_self_bits_per_byte|macro_within_level|alpha_z,0.719256942966911,0.7040065023904625,0.7337860502707996,2937,2000,0,2562,3272,2562,3272
subgroup|domain|arxiv|direct|output_self_bits_per_byte|macro_within_level|rho,0.6779534805878139,0.6611529005893352,0.6940587803914169,2937,2000,0,2562,3272,2562,3272
subgroup|domain|arxiv|direct|output_type_token_ratio|macro_within_level|alpha_z,0.6227885260849744,0.6048846346082711,0.6409033147991281,2937,2000,0,2562,3272,2562,3272
subgroup|domain|arxiv|direct|output_type_token_ratio|macro_within_level|rho,0.6019726596897155,0.5836531335748,0.620520229211989,2937,2000,0,2562,3272,2562,3272
subgroup|domain|arxiv|direct|output_words|macro_within_level|alpha_z,-0.7103683762151508,-0.7228006437996702,-0.6974093331253783,2937,2000,0,2562,3272,2562,3272
subgroup|domain|arxiv|direct|output_words|macro_within_level|rho,-0.7739531526238062,-0.7871403686127165,-0.7602129371106428,2937,2000,0,2562,3272,2562,3272
subgroup|domain|arxiv|direct|prompt_bytes|macro_within_level|alpha_z,-0.1069850143291523,-0.12794220562112557,-0.08485902833313697,2937,2000,0,2562,3272,2562,3272
subgroup|domain|arxiv|direct|prompt_bytes|macro_within_level|rho,-0.09950347190869753,-0.12177043699129567,-0.07642663718755155,2937,2000,0,2562,3272,2562,3272
subgroup|domain|arxiv|direct|prompt_to_output_byte_ratio|macro_within_level|alpha_z,0.905879273280758,0.8999614141940787,0.9123900769918946,2937,2000,0,2562,3272,2562,3272
subgroup|domain|arxiv|direct|prompt_to_output_byte_ratio|macro_within_level|rho,0.893198946625837,0.8861259405394297,0.8996723119014151,2937,2000,0,2562,3272,2562,3272
subgroup|domain|arxiv|direct|prompt_words|macro_within_level|alpha_z,-0.08010970682949776,-0.10093633412565885,-0.05849863327670852,2937,2000,0,2562,3272,2562,3272
subgroup|domain|arxiv|direct|prompt_words|macro_within_level|rho,-0.07537815477485109,-0.09666472290473205,-0.05307698397469223,2937,2000,0,2562,3272,2562,3272
subgroup|domain|arxiv|direct|rouge_l_recall|macro_within_level|alpha_z,0.9097676940266943,0.9028899767607873,0.9169843148330904,2937,2000,0,2562,3272,2562,3272
subgroup|domain|arxiv|direct|rouge_l_recall|macro_within_level|rho,0.9064268944858715,0.8992896812692835,0.912810156005178,2937,2000,0,2562,3272,2562,3272
subgroup|domain|arxiv|direct|word_bigram_coverage|macro_within_level|alpha_z,0.8012584148642758,0.7840011609337699,0.8179530624495536,2937,2000,0,2562,3272,2562,3272
subgroup|domain|arxiv|direct|word_bigram_coverage|macro_within_level|rho,0.7433617844765575,0.73176461067001,0.7550484428826703,2937,2000,0,2562,3272,2562,3272
subgroup|domain|arxiv|direct|word_token_coverage|macro_within_level|alpha_z,0.9075892813718596,0.9003680236379111,0.9142615521718777,2937,2000,0,2562,3272,2562,3272
subgroup|domain|arxiv|direct|word_token_coverage|macro_within_level|rho,0.9023407916018311,0.8948846825070195,0.9089473226728307,2937,2000,0,2562,3272,2562,3272
subgroup|domain|arxiv|direct|word_type_coverage|macro_within_level|alpha_z,0.9178408079087422,0.9114112282509986,0.9239159444478242,2937,2000,0,2562,3272,2562,3272
subgroup|domain|arxiv|direct|word_type_coverage|macro_within_level|rho,0.9088324336926721,0.9025033090953312,0.9146534687122431,2937,2000,0,2562,3272,2562,3272
subgroup|domain|news|convergence|llama|blackbox_actual_ratio|macro_within_level|alpha_z,0.8218265367431764,0.8138225787550999,0.8297609831861714,2856,2000,0,2544,3177,2544,3177
subgroup|domain|news|convergence|llama|blackbox_actual_ratio|macro_within_level|rho,0.795782670976072,0.7880724234052036,0.8036997487436075,2856,2000,0,2544,3177,2544,3177
subgroup|domain|news|convergence|llama|char3_coverage|macro_within_level|alpha_z,0.7809459967882398,0.7723458401190131,0.7894343493525496,2856,2000,0,2544,3177,2544,3177
subgroup|domain|news|convergence|llama|char3_coverage|macro_within_level|rho,0.7592920458122612,0.7510178459728784,0.7676021251796786,2856,2000,0,2544,3177,2544,3177
subgroup|domain|news|convergence|llama|char5_coverage|macro_within_level|alpha_z,0.788268542236286,0.7792495846395187,0.7973304622180674,2856,2000,0,2544,3177,2544,3177
subgroup|domain|news|convergence|llama|char5_coverage|macro_within_level|rho,0.7726407446783643,0.7641924663641262,0.780743821983613,2856,2000,0,2544,3177,2544,3177
subgroup|domain|news|convergence|llama|char8_coverage|macro_within_level|alpha_z,0.7477415023596559,0.7363353674925951,0.7605532634847663,2856,2000,0,2544,3177,2544,3177
subgroup|domain|news|convergence|llama|char8_coverage|macro_within_level|rho,0.7301669010855316,0.7198395397685333,0.7405138550844133,2856,2000,0,2544,3177,2544,3177
subgroup|domain|news|convergence|llama|output_bigram_repeat_fraction|macro_within_level|alpha_z,-0.017288239530621374,-0.03550951780686492,0.0006753160046796293,2856,2000,0,2544,3177,2544,3177
subgroup|domain|news|convergence|llama|output_bigram_repeat_fraction|macro_within_level|rho,-0.007513505111491963,-0.025492281377913376,0.008774808235705216,2856,2000,0,2544,3177,2544,3177
subgroup|domain|news|convergence|llama|output_bytes|macro_within_level|alpha_z,-0.34242458263744247,-0.35605266375188827,-0.3287882981992875,2856,2000,0,2544,3177,2544,3177
subgroup|domain|news|convergence|llama|output_bytes|macro_within_level|rho,-0.3552790558498205,-0.3699316451257217,-0.3412123806207723,2856,2000,0,2544,3177,2544,3177
subgroup|domain|news|convergence|llama|output_self_bits_per_byte|macro_within_level|alpha_z,0.22421276719788588,0.20867846276103288,0.23903338022048887,2856,2000,0,2544,3177,2544,3177
subgroup|domain|news|convergence|llama|output_self_bits_per_byte|macro_within_level|rho,0.18619719399752505,0.16993921157907377,0.2018939196301173,2856,2000,0,2544,3177,2544,3177
subgroup|domain|news|convergence|llama|output_type_token_ratio|macro_within_level|alpha_z,0.07452599914026573,0.05869840199276359,0.08974402039076144,2856,2000,0,2544,3177,2544,3177
subgroup|domain|news|convergence|llama|output_type_token_ratio|macro_within_level|rho,0.04458963998078534,0.0286966441798875,0.0602914688210622,2856,2000,0,2544,3177,2544,3177
subgroup|domain|news|convergence|llama|output_words|macro_within_level|alpha_z,-0.2977111835859561,-0.31103210780971124,-0.2846767130321816,2856,2000,0,2544,3177,2544,3177
subgroup|domain|news|convergence|llama|output_words|macro_within_level|rho,-0.3117082712027296,-0.3259921120166671,-0.2977841892953445,2856,2000,0,2544,3177,2544,3177
subgroup|domain|news|convergence|llama|prompt_bytes|macro_within_level|alpha_z,0.058278532450863854,0.04040933888441073,0.07637873273801893,2856,2000,0,2544,3177,2544,3177
subgroup|domain|news|convergence|llama|prompt_bytes|macro_within_level|rho,0.0674703141826511,0.04888789069302505,0.08486729276857408,2856,2000,0,2544,3177,2544,3177
subgroup|domain|news|convergence|llama|prompt_to_output_byte_ratio|macro_within_level|alpha_z,0.43227178912813163,0.4130636092004794,0.45747256144781945,2856,2000,0,2544,3177,2544,3177
subgroup|domain|news|convergence|llama|prompt_to_output_byte_ratio|macro_within_level|rho,0.49266474315797043,0.47956662173952536,0.5047292935504741,2856,2000,0,2544,3177,2544,3177
subgroup|domain|news|convergence|llama|prompt_words|macro_within_level|alpha_z,,,,2856,0,2000,2544,3177,,
subgroup|domain|news|convergence|llama|prompt_words|macro_within_level|rho,,,,2856,0,2000,2544,3177,,
subgroup|domain|news|convergence|llama|rouge_l_recall|macro_within_level|alpha_z,0.839554116050744,0.8323190330544129,0.8467754388823504,2856,2000,0,2544,3177,2544,3177
subgroup|domain|news|convergence|llama|rouge_l_recall|macro_within_level|rho,0.8265984200902773,0.8197526325643615,0.8333872674112669,2856,2000,0,2544,3177,2544,3177
subgroup|domain|news|convergence|llama|word_bigram_coverage|macro_within_level|alpha_z,0.7154355149054992,0.7039355488721926,0.727494536274959,2856,2000,0,2544,3177,2544,3177
subgroup|domain|news|convergence|llama|word_bigram_coverage|macro_within_level|rho,0.6930350062936077,0.6823637046889882,0.7034792711644714,2856,2000,0,2544,3177,2544,3177
subgroup|domain|news|convergence|llama|word_token_coverage|macro_within_level|alpha_z,0.8095737611280956,0.8015650853310704,0.817525905684304,2856,2000,0,2544,3177,2544,3177
subgroup|domain|news|convergence|llama|word_token_coverage|macro_within_level|rho,0.7873767094535339,0.779763444428282,0.7947778427531573,2856,2000,0,2544,3177,2544,3177
subgroup|domain|news|convergence|llama|word_type_coverage|macro_within_level|alpha_z,0.8016317688810283,0.793729255623907,0.8096931255910128,2856,2000,0,2544,3177,2544,3177
subgroup|domain|news|convergence|llama|word_type_coverage|macro_within_level|rho,0.7840400295817392,0.7764303701574218,0.791816747812615,2856,2000,0,2544,3177,2544,3177
subgroup|domain|news|convergence|mixtral|blackbox_actual_ratio|macro_within_level|alpha_z,0.8414482907534957,0.833573919409031,0.8490863253355575,2856,2000,0,2544,3177,2544,3177
subgroup|domain|news|convergence|mixtral|blackbox_actual_ratio|macro_within_level|rho,0.828396942778814,0.8205510189827275,0.8360900940616794,2856,2000,0,2544,3177,2544,3177
subgroup|domain|news|convergence|mixtral|char3_coverage|macro_within_level|alpha_z,0.8072878594528909,0.799693945998554,0.8152094864180534,2856,2000,0,2544,3177,2544,3177
subgroup|domain|news|convergence|mixtral|char3_coverage|macro_within_level|rho,0.7983532372505744,0.7902875676145106,0.8065027717126071,2856,2000,0,2544,3177,2544,3177
subgroup|domain|news|convergence|mixtral|char5_coverage|macro_within_level|alpha_z,0.8131325949080713,0.8052548511353573,0.8211764444904418,2856,2000,0,2544,3177,2544,3177
subgroup|domain|news|convergence|mixtral|char5_coverage|macro_within_level|rho,0.8046212355312553,0.7960977998925942,0.8126205434851785,2856,2000,0,2544,3177,2544,3177
subgroup|domain|news|convergence|mixtral|char8_coverage|macro_within_level|alpha_z,0.7656254401450924,0.7548835165381835,0.77665599064849,2856,2000,0,2544,3177,2544,3177
subgroup|domain|news|convergence|mixtral|char8_coverage|macro_within_level|rho,0.7452772321906963,0.7344864527479655,0.7557573886062552,2856,2000,0,2544,3177,2544,3177
subgroup|domain|news|convergence|mixtral|output_bigram_repeat_fraction|macro_within_level|alpha_z,-0.03811407063809931,-0.0563352805806137,-0.021408805667704537,2856,2000,0,2544,3177,2544,3177
subgroup|domain|news|convergence|mixtral|output_bigram_repeat_fraction|macro_within_level|rho,-0.03280004578659721,-0.049979673231504235,-0.01640088970084333,2856,2000,0,2544,3177,2544,3177
subgroup|domain|news|convergence|mixtral|output_bytes|macro_within_level|alpha_z,-0.38012476309316623,-0.39331765807926145,-0.3673228112952984,2856,2000,0,2544,3177,2544,3177
subgroup|domain|news|convergence|mixtral|output_bytes|macro_within_level|rho,-0.40008821363520825,-0.41365567641769796,-0.3875018076172695,2856,2000,0,2544,3177,2544,3177
subgroup|domain|news|convergence|mixtral|output_self_bits_per_byte|macro_within_level|alpha_z,0.24981250395590546,0.2347116538009899,0.26413770328224967,2856,2000,0,2544,3177,2544,3177
subgroup|domain|news|convergence|mixtral|output_self_bits_per_byte|macro_within_level|rho,0.22638969457581487,0.2108186380766457,0.24110946963280422,2856,2000,0,2544,3177,2544,3177
subgroup|domain|news|convergence|mixtral|output_type_token_ratio|macro_within_level|alpha_z,0.09857776702493368,0.08357987562106385,0.11360442157038672,2856,2000,0,2544,3177,2544,3177
subgroup|domain|news|convergence|mixtral|output_type_token_ratio|macro_within_level|rho,0.07449162125564636,0.05936083488111009,0.0891908700576748,2856,2000,0,2544,3177,2544,3177
subgroup|domain|news|convergence|mixtral|output_words|macro_within_level|alpha_z,-0.3329501990342364,-0.3460257361179051,-0.32089900035637425,2856,2000,0,2544,3177,2544,3177
subgroup|domain|news|convergence|mixtral|output_words|macro_within_level|rho,-0.35437842915795015,-0.36766887022917305,-0.34166518072449453,2856,2000,0,2544,3177,2544,3177
subgroup|domain|news|convergence|mixtral|prompt_bytes|macro_within_level|alpha_z,0.03324921200838622,0.01677940895729005,0.049757116887688226,2856,2000,0,2544,3177,2544,3177
subgroup|domain|news|convergence|mixtral|prompt_bytes|macro_within_level|rho,0.03879216973299322,0.02274593803525474,0.055592329689423944,2856,2000,0,2544,3177,2544,3177
subgroup|domain|news|convergence|mixtral|prompt_to_output_byte_ratio|macro_within_level|alpha_z,0.45737800315204147,0.4392089065147487,0.48142465096473175,2856,2000,0,2544,3177,2544,3177
subgroup|domain|news|convergence|mixtral|prompt_to_output_byte_ratio|macro_within_level|rho,0.5336935694802175,0.5211616391485907,0.5458476593859609,2856,2000,0,2544,3177,2544,3177
subgroup|domain|news|convergence|mixtral|prompt_words|macro_within_level|alpha_z,,,,2856,0,2000,2544,3177,,
subgroup|domain|news|convergence|mixtral|prompt_words|macro_within_level|rho,,,,2856,0,2000,2544,3177,,
subgroup|domain|news|convergence|mixtral|rouge_l_recall|macro_within_level|alpha_z,0.8583556519190629,0.8509839347902516,0.8653595798792191,2856,2000,0,2544,3177,2544,3177
subgroup|domain|news|convergence|mixtral|rouge_l_recall|macro_within_level|rho,0.8572368227048874,0.8502086878533203,0.8636558147223943,2856,2000,0,2544,3177,2544,3177
subgroup|domain|news|convergence|mixtral|word_bigram_coverage|macro_within_level|alpha_z,0.7386258024332016,0.7277728237794603,0.7490897366783301,2856,2000,0,2544,3177,2544,3177
subgroup|domain|news|convergence|mixtral|word_bigram_coverage|macro_within_level|rho,0.7183149967528798,0.7064311269135743,0.7294538797882034,2856,2000,0,2544,3177,2544,3177
subgroup|domain|news|convergence|mixtral|word_token_coverage|macro_within_level|alpha_z,0.8288708843129274,0.8209977317076598,0.8362255851678967,2856,2000,0,2544,3177,2544,3177
subgroup|domain|news|convergence|mixtral|word_token_coverage|macro_within_level|rho,0.8213467705336276,0.8137306013117216,0.8284995955037275,2856,2000,0,2544,3177,2544,3177
subgroup|domain|news|convergence|mixtral|word_type_coverage|macro_within_level|alpha_z,0.8256293918871658,0.8182685555642618,0.8328844732485826,2856,2000,0,2544,3177,2544,3177
subgroup|domain|news|convergence|mixtral|word_type_coverage|macro_within_level|rho,0.816216551910685,0.8087820550510472,0.8236214263818709,2856,2000,0,2544,3177,2544,3177
subgroup|domain|news|direct|char3_coverage|macro_within_level|alpha_z,0.9444783503055556,0.9416887165728974,0.947226839049037,2856,2000,0,2544,3177,2544,3177
subgroup|domain|news|direct|char3_coverage|macro_within_level|rho,0.9439267056389322,0.9407906206741576,0.9466730699490554,2856,2000,0,2544,3177,2544,3177
subgroup|domain|news|direct|char5_coverage|macro_within_level|alpha_z,0.9400857379763761,0.9363024788145169,0.943885130932823,2856,2000,0,2544,3177,2544,3177
subgroup|domain|news|direct|char5_coverage|macro_within_level|rho,0.9446016553912298,0.9410380475905776,0.9479945751297411,2856,2000,0,2544,3177,2544,3177
subgroup|domain|news|direct|char8_coverage|macro_within_level|alpha_z,0.8824402373693438,0.8747185199667983,0.890388693455496,2856,2000,0,2544,3177,2544,3177
subgroup|domain|news|direct|char8_coverage|macro_within_level|rho,0.8772850167506411,0.869709593559045,0.884637866149197,2856,2000,0,2544,3177,2544,3177
subgroup|domain|news|direct|output_bigram_repeat_fraction|macro_within_level|alpha_z,-0.03275378257917485,-0.05301424943301069,-0.014263870610376513,2856,2000,0,2544,3177,2544,3177
subgroup|domain|news|direct|output_bigram_repeat_fraction|macro_within_level|rho,-0.029184803622584177,-0.04891145238782807,-0.01216435535239022,2856,2000,0,2544,3177,2544,3177
subgroup|domain|news|direct|output_bytes|macro_within_level|alpha_z,-0.5298131868949859,-0.5459734920683644,-0.5140188204527726,2856,2000,0,2544,3177,2544,3177
subgroup|domain|news|direct|output_bytes|macro_within_level|rho,-0.5708790457771021,-0.5870156677782787,-0.5553673117300658,2856,2000,0,2544,3177,2544,3177
subgroup|domain|news|direct|output_self_bits_per_byte|macro_within_level|alpha_z,0.33755482243545337,0.32164656013922605,0.35465926021643013,2856,2000,0,2544,3177,2544,3177
subgroup|domain|news|direct|output_self_bits_per_byte|macro_within_level|rho,0.30831716842323975,0.2918595824044889,0.324645957447911,2856,2000,0,2544,3177,2544,3177
subgroup|domain|news|direct|output_type_token_ratio|macro_within_level|alpha_z,0.1665123185148747,0.15106230541107113,0.18293663304313593,2856,2000,0,2544,3177,2544,3177
subgroup|domain|news|direct|output_type_token_ratio|macro_within_level|rho,0.14122839258361303,0.12525074513419973,0.15709693469588915,2856,2000,0,2544,3177,2544,3177
subgroup|domain|news|direct|output_words|macro_within_level|alpha_z,-0.4956221981256867,-0.5119160618781391,-0.4801386290676614,2856,2000,0,2544,3177,2544,3177
subgroup|domain|news|direct|output_words|macro_within_level|rho,-0.5392484490917673,-0.555196092403428,-0.5234025371130082,2856,2000,0,2544,3177,2544,3177
subgroup|domain|news|direct|prompt_bytes|macro_within_level|alpha_z,-0.05297020865637327,-0.07234458787934905,-0.03280593060652284,2856,2000,0,2544,3177,2544,3177
subgroup|domain|news|direct|prompt_bytes|macro_within_level|rho,-0.05162146535590312,-0.07067727392038345,-0.03286067972293548,2856,2000,0,2544,3177,2544,3177
subgroup|domain|news|direct|prompt_to_output_byte_ratio|macro_within_level|alpha_z,0.6093393202044892,0.5964570532556094,0.6305490676925194,2856,2000,0,2544,3177,2544,3177
subgroup|domain|news|direct|prompt_to_output_byte_ratio|macro_within_level|rho,0.6894137590101042,0.6771891360096817,0.7009332112998146,2856,2000,0,2544,3177,2544,3177
subgroup|domain|news|direct|prompt_words|macro_within_level|alpha_z,,,,2856,0,2000,2544,3177,,
subgroup|domain|news|direct|prompt_words|macro_within_level|rho,,,,2856,0,2000,2544,3177,,
subgroup|domain|news|direct|rouge_l_recall|macro_within_level|alpha_z,0.9295836351864688,0.926573080157497,0.9327660139778227,2856,2000,0,2544,3177,2544,3177
subgroup|domain|news|direct|rouge_l_recall|macro_within_level|rho,0.9314108164619259,0.9283249655044757,0.9340893340571463,2856,2000,0,2544,3177,2544,3177
subgroup|domain|news|direct|word_bigram_coverage|macro_within_level|alpha_z,0.8490638135980456,0.8392651441547865,0.8589096659630058,2856,2000,0,2544,3177,2544,3177
subgroup|domain|news|direct|word_bigram_coverage|macro_within_level|rho,0.83216049372229,0.8229982503699715,0.8407038809857054,2856,2000,0,2544,3177,2544,3177
subgroup|domain|news|direct|word_token_coverage|macro_within_level|alpha_z,0.9519486124087523,0.9498993420757298,0.9540577040959584,2856,2000,0,2544,3177,2544,3177
subgroup|domain|news|direct|word_token_coverage|macro_within_level|rho,0.948413671431082,0.9460424878105221,0.9505330793185033,2856,2000,0,2544,3177,2544,3177
subgroup|domain|news|direct|word_type_coverage|macro_within_level|alpha_z,0.9454486063645394,0.942967444491348,0.9478299972850046,2856,2000,0,2544,3177,2544,3177
subgroup|domain|news|direct|word_type_coverage|macro_within_level|rho,0.944909406656129,0.9426364203126905,0.9470027471429942,2856,2000,0,2544,3177,2544,3177
subgroup|domain|patent|convergence|llama|blackbox_actual_ratio|macro_within_level|alpha_z,0.834962274807572,0.8275992653876735,0.8418783383867373,2760,2000,0,2394,3157,2394,3157
subgroup|domain|patent|convergence|llama|blackbox_actual_ratio|macro_within_level|rho,0.8032760548235723,0.795991240918765,0.8098620643418221,2760,2000,0,2394,3157,2394,3157
subgroup|domain|patent|convergence|llama|char3_coverage|macro_within_level|alpha_z,0.8132113623770039,0.8045372900687751,0.8218016967382752,2760,2000,0,2394,3157,2394,3157
subgroup|domain|patent|convergence|llama|char3_coverage|macro_within_level|rho,0.779924890752055,0.7715073538821725,0.7878905018315165,2760,2000,0,2394,3157,2394,3157
subgroup|domain|patent|convergence|llama|char5_coverage|macro_within_level|alpha_z,0.8102511514075988,0.8008514038706273,0.8195301661502845,2760,2000,0,2394,3157,2394,3157
subgroup|domain|patent|convergence|llama|char5_coverage|macro_within_level|rho,0.796447031351055,0.7867427793497463,0.805558380156518,2760,2000,0,2394,3157,2394,3157
subgroup|domain|patent|convergence|llama|char8_coverage|macro_within_level|alpha_z,0.795138513822749,0.7849923210286485,0.8063680540367356,2760,2000,0,2394,3157,2394,3157
subgroup|domain|patent|convergence|llama|char8_coverage|macro_within_level|rho,0.7912992438001047,0.780700901621592,0.8018772206646866,2760,2000,0,2394,3157,2394,3157
subgroup|domain|patent|convergence|llama|output_bigram_repeat_fraction|macro_within_level|alpha_z,-0.011428126163694218,-0.0292466983784606,0.0069682640966641654,2760,2000,0,2394,3157,2394,3157
subgroup|domain|patent|convergence|llama|output_bigram_repeat_fraction|macro_within_level|rho,0.02553620682691975,0.006473425750777317,0.04640309140870619,2760,2000,0,2394,3157,2394,3157
subgroup|domain|patent|convergence|llama|output_bytes|macro_within_level|alpha_z,-0.5927702367140081,-0.6055650723872036,-0.5800477524777997,2760,2000,0,2394,3157,2394,3157
subgroup|domain|patent|convergence|llama|output_bytes|macro_within_level|rho,-0.546822667221921,-0.5607652426330539,-0.5324141599181736,2760,2000,0,2394,3157,2394,3157
subgroup|domain|patent|convergence|llama|output_self_bits_per_byte|macro_within_level|alpha_z,0.22711955690539765,0.20959782798798646,0.24431897561679267,2760,2000,0,2394,3157,2394,3157
subgroup|domain|patent|convergence|llama|output_self_bits_per_byte|macro_within_level|rho,0.14556043434406563,0.1269494739651681,0.16337259780866883,2760,2000,0,2394,3157,2394,3157
subgroup|domain|patent|convergence|llama|output_type_token_ratio|macro_within_level|alpha_z,0.1396215839669725,0.12225055150667422,0.1571380497320572,2760,2000,0,2394,3157,2394,3157
subgroup|domain|patent|convergence|llama|output_type_token_ratio|macro_within_level|rho,0.08880235261225931,0.07004416718271295,0.10651877386952974,2760,2000,0,2394,3157,2394,3157
subgroup|domain|patent|convergence|llama|output_words|macro_within_level|alpha_z,-0.5709365838317695,-0.5836929407400497,-0.5582622279104843,2760,2000,0,2394,3157,2394,3157
subgroup|domain|patent|convergence|llama|output_words|macro_within_level|rho,-0.5245839798795104,-0.5382490583680397,-0.5101587212582325,2760,2000,0,2394,3157,2394,3157
subgroup|domain|patent|convergence|llama|prompt_bytes|macro_within_level|alpha_z,0.03362176789850661,0.01718451766388336,0.05026328321458103,2760,2000,0,2394,3157,2394,3157
subgroup|domain|patent|convergence|llama|prompt_bytes|macro_within_level|rho,0.051633239746927385,0.034210303305231206,0.06873932993366151,2760,2000,0,2394,3157,2394,3157
subgroup|domain|patent|convergence|llama|prompt_to_output_byte_ratio|macro_within_level|alpha_z,0.6912188873119991,0.6785236085984443,0.7034744115447304,2760,2000,0,2394,3157,2394,3157
subgroup|domain|patent|convergence|llama|prompt_to_output_byte_ratio|macro_within_level|rho,0.6211431486451243,0.6097567228172929,0.6315385810691327,2760,2000,0,2394,3157,2394,3157
subgroup|domain|patent|convergence|llama|prompt_words|macro_within_level|alpha_z,0.0472129512484077,0.030303222315987036,0.06321887597117469,2760,2000,0,2394,3157,2394,3157
subgroup|domain|patent|convergence|llama|prompt_words|macro_within_level|rho,0.06001313760349235,0.04216548671183585,0.07775513077902135,2760,2000,0,2394,3157,2394,3157
subgroup|domain|patent|convergence|llama|rouge_l_recall|macro_within_level|alpha_z,0.8251258654053615,0.8163594561937397,0.8345224226625392,2760,2000,0,2394,3157,2394,3157
subgroup|domain|patent|convergence|llama|rouge_l_recall|macro_within_level|rho,0.8152651756437546,0.8078659948689533,0.8223521194409978,2760,2000,0,2394,3157,2394,3157
subgroup|domain|patent|convergence|llama|word_bigram_coverage|macro_within_level|alpha_z,0.7648514396025312,0.753248015386065,0.77735372615339,2760,2000,0,2394,3157,2394,3157
subgroup|domain|patent|convergence|llama|word_bigram_coverage|macro_within_level|rho,0.7521768944789835,0.7412060928524574,0.7637288271023321,2760,2000,0,2394,3157,2394,3157
subgroup|domain|patent|convergence|llama|word_token_coverage|macro_within_level|alpha_z,0.8183557221962566,0.8101317512826356,0.8268634950322623,2760,2000,0,2394,3157,2394,3157
subgroup|domain|patent|convergence|llama|word_token_coverage|macro_within_level|rho,0.7931642566708641,0.7858464453740784,0.7999566658105662,2760,2000,0,2394,3157,2394,3157
subgroup|domain|patent|convergence|llama|word_type_coverage|macro_within_level|alpha_z,0.8190447548553499,0.8118116113895136,0.8266752763852071,2760,2000,0,2394,3157,2394,3157
subgroup|domain|patent|convergence|llama|word_type_coverage|macro_within_level|rho,0.8115643512746121,0.8048489392650687,0.8180346287771836,2760,2000,0,2394,3157,2394,3157
subgroup|domain|patent|convergence|mixtral|blackbox_actual_ratio|macro_within_level|alpha_z,0.8604730949006442,0.8539161245519784,0.8666759397811893,2760,2000,0,2394,3157,2394,3157
subgroup|domain|patent|convergence|mixtral|blackbox_actual_ratio|macro_within_level|rho,0.8214549472164752,0.8141270784473286,0.8284621465238349,2760,2000,0,2394,3157,2394,3157
subgroup|domain|patent|convergence|mixtral|char3_coverage|macro_within_level|alpha_z,0.841519709543322,0.834246166539477,0.8490267378723039,2760,2000,0,2394,3157,2394,3157
subgroup|domain|patent|convergence|mixtral|char3_coverage|macro_within_level|rho,0.7948062993786309,0.785986356111062,0.8030510275017558,2760,2000,0,2394,3157,2394,3157
subgroup|domain|patent|convergence|mixtral|char5_coverage|macro_within_level|alpha_z,0.851611979814049,0.8439748656284903,0.8595953281662272,2760,2000,0,2394,3157,2394,3157
subgroup|domain|patent|convergence|mixtral|char5_coverage|macro_within_level|rho,0.8142121185003383,0.8053888271053751,0.8224666290998273,2760,2000,0,2394,3157,2394,3157
subgroup|domain|patent|convergence|mixtral|char8_coverage|macro_within_level|alpha_z,0.825690507205287,0.8167705730178098,0.8353615734270036,2760,2000,0,2394,3157,2394,3157
subgroup|domain|patent|convergence|mixtral|char8_coverage|macro_within_level|rho,0.8022134474218572,0.7914985122996324,0.8124477837403788,2760,2000,0,2394,3157,2394,3157
subgroup|domain|patent|convergence|mixtral|output_bigram_repeat_fraction|macro_within_level|alpha_z,-0.000721881466362495,-0.019058334262237072,0.01772276585212307,2760,2000,0,2394,3157,2394,3157
subgroup|domain|patent|convergence|mixtral|output_bigram_repeat_fraction|macro_within_level|rho,0.035374142789596705,0.01706795349989013,0.05429919627969508,2760,2000,0,2394,3157,2394,3157
subgroup|domain|patent|convergence|mixtral|output_bytes|macro_within_level|alpha_z,-0.5953688335069328,-0.6080461517807025,-0.582820861436928,2760,2000,0,2394,3157,2394,3157
subgroup|domain|patent|convergence|mixtral|output_bytes|macro_within_level|rho,-0.5590301473360928,-0.5729625508997025,-0.5441680265407224,2760,2000,0,2394,3157,2394,3157
subgroup|domain|patent|convergence|mixtral|output_self_bits_per_byte|macro_within_level|alpha_z,0.25054480416495534,0.2332783333815559,0.267546301606978,2760,2000,0,2394,3157,2394,3157
subgroup|domain|patent|convergence|mixtral|output_self_bits_per_byte|macro_within_level|rho,0.15820128444387568,0.13989589878860284,0.17573692402453114,2760,2000,0,2394,3157,2394,3157
subgroup|domain|patent|convergence|mixtral|output_type_token_ratio|macro_within_level|alpha_z,0.13505693945479208,0.1176329298805563,0.1525455604765851,2760,2000,0,2394,3157,2394,3157
subgroup|domain|patent|convergence|mixtral|output_type_token_ratio|macro_within_level|rho,0.07657034032649519,0.058476009087993455,0.09388992842477763,2760,2000,0,2394,3157,2394,3157
subgroup|domain|patent|convergence|mixtral|output_words|macro_within_level|alpha_z,-0.5658695839507718,-0.578578469881808,-0.5528610864900843,2760,2000,0,2394,3157,2394,3157
subgroup|domain|patent|convergence|mixtral|output_words|macro_within_level|rho,-0.5280380898692675,-0.5416258059877048,-0.5130397903674951,2760,2000,0,2394,3157,2394,3157
subgroup|domain|patent|convergence|mixtral|prompt_bytes|macro_within_level|alpha_z,-0.014883825634255188,-0.03239809979960945,0.0030943960213892685,2760,2000,0,2394,3157,2394,3157
subgroup|domain|patent|convergence|mixtral|prompt_bytes|macro_within_level|rho,0.009907526967132346,-0.007822610435651661,0.027700045840638513,2760,2000,0,2394,3157,2394,3157
subgroup|domain|patent|convergence|mixtral|prompt_to_output_byte_ratio|macro_within_level|alpha_z,0.695611412038223,0.6834456735731006,0.7068804320185406,2760,2000,0,2394,3157,2394,3157
subgroup|domain|patent|convergence|mixtral|prompt_to_output_byte_ratio|macro_within_level|rho,0.6268702591535767,0.6144069935585733,0.638107021800193,2760,2000,0,2394,3157,2394,3157
subgroup|domain|patent|convergence|mixtral|prompt_words|macro_within_level|alpha_z,0.0012692369493793043,-0.01708738144660362,0.018154561804490942,2760,2000,0,2394,3157,2394,3157
subgroup|domain|patent|convergence|mixtral|prompt_words|macro_within_level|rho,0.02030429703695812,0.0018615063522583058,0.03786528691222893,2760,2000,0,2394,3157,2394,3157
subgroup|domain|patent|convergence|mixtral|rouge_l_recall|macro_within_level|alpha_z,0.8578366011649475,0.8512931581939142,0.8644208912210593,2760,2000,0,2394,3157,2394,3157
subgroup|domain|patent|convergence|mixtral|rouge_l_recall|macro_within_level|rho,0.8267717511151241,0.8188365882155159,0.8344583577778735,2760,2000,0,2394,3157,2394,3157
subgroup|domain|patent|convergence|mixtral|word_bigram_coverage|macro_within_level|alpha_z,0.8070429403021728,0.7967156031944495,0.8175764303292823,2760,2000,0,2394,3157,2394,3157
subgroup|domain|patent|convergence|mixtral|word_bigram_coverage|macro_within_level|rho,0.7668856919626015,0.7566374568707771,0.7774252243009472,2760,2000,0,2394,3157,2394,3157
subgroup|domain|patent|convergence|mixtral|word_token_coverage|macro_within_level|alpha_z,0.8532267690405488,0.847364319369367,0.8590572416844049,2760,2000,0,2394,3157,2394,3157
subgroup|domain|patent|convergence|mixtral|word_token_coverage|macro_within_level|rho,0.8079012631485348,0.7999574681927684,0.8152322958279122,2760,2000,0,2394,3157,2394,3157
subgroup|domain|patent|convergence|mixtral|word_type_coverage|macro_within_level|alpha_z,0.8644865875710966,0.8589035419041894,0.8700635821946887,2760,2000,0,2394,3157,2394,3157
subgroup|domain|patent|convergence|mixtral|word_type_coverage|macro_within_level|rho,0.8337056991844289,0.8268085766536288,0.8401822063617118,2760,2000,0,2394,3157,2394,3157
subgroup|domain|patent|direct|char3_coverage|macro_within_level|alpha_z,0.9539089867342984,0.9516989806946157,0.9562374155613181,2760,2000,0,2394,3157,2394,3157
subgroup|domain|patent|direct|char3_coverage|macro_within_level|rho,0.9587423704038509,0.9566400293617683,0.9605027724563773,2760,2000,0,2394,3157,2394,3157
subgroup|domain|patent|direct|char5_coverage|macro_within_level|alpha_z,0.9441437504030741,0.9393863867603417,0.9482789254810077,2760,2000,0,2394,3157,2394,3157
subgroup|domain|patent|direct|char5_coverage|macro_within_level|rho,0.9178945519439294,0.9131030350841645,0.9224230439036437,2760,2000,0,2394,3157,2394,3157
subgroup|domain|patent|direct|char8_coverage|macro_within_level|alpha_z,0.8972764382956917,0.8893947051657848,0.9046943422577594,2760,2000,0,2394,3157,2394,3157
subgroup|domain|patent|direct|char8_coverage|macro_within_level|rho,0.8335899152184837,0.8254627838418996,0.8410398259072056,2760,2000,0,2394,3157,2394,3157
subgroup|domain|patent|direct|output_bigram_repeat_fraction|macro_within_level|alpha_z,-0.01544756303684951,-0.03489263750791878,0.0038252429031789604,2760,2000,0,2394,3157,2394,3157
subgroup|domain|patent|direct|output_bigram_repeat_fraction|macro_within_level|rho,-0.006405197801845593,-0.023359704464547878,0.01099356213267816,2760,2000,0,2394,3157,2394,3157
subgroup|domain|patent|direct|output_bytes|macro_within_level|alpha_z,-0.7122099325603721,-0.722665341852962,-0.7013357480744523,2760,2000,0,2394,3157,2394,3157
subgroup|domain|patent|direct|output_bytes|macro_within_level|rho,-0.7637381291003732,-0.7748202096353646,-0.7531293036297663,2760,2000,0,2394,3157,2394,3157
subgroup|domain|patent|direct|output_self_bits_per_byte|macro_within_level|alpha_z,0.3315395625204853,0.3158060460562563,0.3477529498274839,2760,2000,0,2394,3157,2394,3157
subgroup|domain|patent|direct|output_self_bits_per_byte|macro_within_level|rho,0.27928253881846177,0.26376291254235934,0.2950043911781509,2760,2000,0,2394,3157,2394,3157
subgroup|domain|patent|direct|output_type_token_ratio|macro_within_level|alpha_z,0.1905076139544467,0.17357191358544527,0.2069945941869961,2760,2000,0,2394,3157,2394,3157
subgroup|domain|patent|direct|output_type_token_ratio|macro_within_level|rho,0.1552788688694209,0.13805831092612714,0.17186237582407288,2760,2000,0,2394,3157,2394,3157
subgroup|domain|patent|direct|output_words|macro_within_level|alpha_z,-0.6897363955233231,-0.7002073819919599,-0.6788736999211092,2760,2000,0,2394,3157,2394,3157
subgroup|domain|patent|direct|output_words|macro_within_level|rho,-0.7378567846492124,-0.7488849732635429,-0.727102208281543,2760,2000,0,2394,3157,2394,3157
subgroup|domain|patent|direct|prompt_bytes|macro_within_level|alpha_z,-0.14777217488971645,-0.1639473952126133,-0.13011898375137274,2760,2000,0,2394,3157,2394,3157
subgroup|domain|patent|direct|prompt_bytes|macro_within_level|rho,-0.1512140386703036,-0.1676271330516718,-0.1338128297197316,2760,2000,0,2394,3157,2394,3157
subgroup|domain|patent|direct|prompt_to_output_byte_ratio|macro_within_level|alpha_z,0.8380981205041701,0.831152065834909,0.8450079960353127,2760,2000,0,2394,3157,2394,3157
subgroup|domain|patent|direct|prompt_to_output_byte_ratio|macro_within_level|rho,0.8150237339845013,0.8073596141106096,0.8226808404680062,2760,2000,0,2394,3157,2394,3157
subgroup|domain|patent|direct|prompt_words|macro_within_level|alpha_z,-0.14565192702485133,-0.16312554533991427,-0.12842844397472858,2760,2000,0,2394,3157,2394,3157
subgroup|domain|patent|direct|prompt_words|macro_within_level|rho,-0.1509186689778042,-0.16733556605285907,-0.13414934086901056,2760,2000,0,2394,3157,2394,3157
subgroup|domain|patent|direct|rouge_l_recall|macro_within_level|alpha_z,0.9381906039737128,0.9351847555910813,0.94166691302644,2760,2000,0,2394,3157,2394,3157
subgroup|domain|patent|direct|rouge_l_recall|macro_within_level|rho,0.9447333264450801,0.9421035478781207,0.9470808603565843,2760,2000,0,2394,3157,2394,3157
subgroup|domain|patent|direct|word_bigram_coverage|macro_within_level|alpha_z,0.8602870788747662,0.8479075574362218,0.8716090054450248,2760,2000,0,2394,3157,2394,3157
subgroup|domain|patent|direct|word_bigram_coverage|macro_within_level|rho,0.787151745130061,0.7785931440059282,0.7950313126790909,2760,2000,0,2394,3157,2394,3157
subgroup|domain|patent|direct|word_token_coverage|macro_within_level|alpha_z,0.9453259376967027,0.9430683447409874,0.947721133244473,2760,2000,0,2394,3157,2394,3157
subgroup|domain|patent|direct|word_token_coverage|macro_within_level|rho,0.946064193135556,0.9436757541312758,0.9481257417267469,2760,2000,0,2394,3157,2394,3157
subgroup|domain|patent|direct|word_type_coverage|macro_within_level|alpha_z,0.946985770615101,0.9435742709825727,0.9502538589768718,2760,2000,0,2394,3157,2394,3157
subgroup|domain|patent|direct|word_type_coverage|macro_within_level|rho,0.9428067440555525,0.939866164530997,0.9453341794353421,2760,2000,0,2394,3157,2394,3157
subgroup|domain|poetry|convergence|llama|blackbox_actual_ratio|macro_within_level|alpha_z,0.8093854890268416,0.7955497661308306,0.8217726128527454,2669,2000,0,2318,3027,2318,3027
subgroup|domain|poetry|convergence|llama|blackbox_actual_ratio|macro_within_level|rho,0.8030851614808541,0.7934234844733019,0.8122057789483874,2669,2000,0,2318,3027,2318,3027
subgroup|domain|poetry|convergence|llama|char3_coverage|macro_within_level|alpha_z,0.7891521938700229,0.7795538143165126,0.7985612420196444,2669,2000,0,2318,3027,2318,3027
subgroup|domain|poetry|convergence|llama|char3_coverage|macro_within_level|rho,0.7706514791739416,0.7604606025952458,0.7804334951070145,2669,2000,0,2318,3027,2318,3027
subgroup|domain|poetry|convergence|llama|char5_coverage|macro_within_level|alpha_z,0.7967886050034462,0.7865157708546867,0.8062045448757512,2669,2000,0,2318,3027,2318,3027
subgroup|domain|poetry|convergence|llama|char5_coverage|macro_within_level|rho,0.7787483458378466,0.7689546373172302,0.7879374120722507,2669,2000,0,2318,3027,2318,3027
subgroup|domain|poetry|convergence|llama|char8_coverage|macro_within_level|alpha_z,0.7160481087976447,0.7023481033571295,0.7294461411826204,2669,2000,0,2318,3027,2318,3027
subgroup|domain|poetry|convergence|llama|char8_coverage|macro_within_level|rho,0.6834735072173829,0.6717484509407659,0.6950961160582312,2669,2000,0,2318,3027,2318,3027
subgroup|domain|poetry|convergence|llama|output_bigram_repeat_fraction|macro_within_level|alpha_z,-0.2836654837480968,-0.2999547571644178,-0.2664542959371838,2669,2000,0,2318,3027,2318,3027
subgroup|domain|poetry|convergence|llama|output_bigram_repeat_fraction|macro_within_level|rho,-0.2769096540513245,-0.29403331419157697,-0.2582295000317808,2669,2000,0,2318,3027,2318,3027
subgroup|domain|poetry|convergence|llama|output_bytes|macro_within_level|alpha_z,-0.5429685825010544,-0.5591344449736816,-0.5275546008242227,2669,2000,0,2318,3027,2318,3027
subgroup|domain|poetry|convergence|llama|output_bytes|macro_within_level|rho,-0.5660291463476266,-0.5811517777084674,-0.5510904652359231,2669,2000,0,2318,3027,2318,3027
subgroup|domain|poetry|convergence|llama|output_self_bits_per_byte|macro_within_level|alpha_z,0.44879821685259474,0.4271222770263701,0.47067306376512297,2669,2000,0,2318,3027,2318,3027
subgroup|domain|poetry|convergence|llama|output_self_bits_per_byte|macro_within_level|rho,0.42538157091719053,0.40783737084112515,0.4427124128517185,2669,2000,0,2318,3027,2318,3027
subgroup|domain|poetry|convergence|llama|output_type_token_ratio|macro_within_level|alpha_z,0.3808217305551095,0.36463851251661106,0.3977508430427673,2669,2000,0,2318,3027,2318,3027
subgroup|domain|poetry|convergence|llama|output_type_token_ratio|macro_within_level|rho,0.350575518071244,0.33427894655886503,0.3666162165442898,2669,2000,0,2318,3027,2318,3027
subgroup|domain|poetry|convergence|llama|output_words|macro_within_level|alpha_z,-0.5330675626073165,-0.5494419584730854,-0.5174930959891453,2669,2000,0,2318,3027,2318,3027
subgroup|domain|poetry|convergence|llama|output_words|macro_within_level|rho,-0.5571380454352659,-0.5723832087757745,-0.5425695573432602,2669,2000,0,2318,3027,2318,3027
subgroup|domain|poetry|convergence|llama|prompt_bytes|macro_within_level|alpha_z,-0.0029414011502411964,-0.024549630068233283,0.017586012701339096,2669,2000,0,2318,3027,2318,3027
subgroup|domain|poetry|convergence|llama|prompt_bytes|macro_within_level|rho,-0.01236205560409407,-0.032422133921703365,0.006559158253835337,2669,2000,0,2318,3027,2318,3027
subgroup|domain|poetry|convergence|llama|prompt_to_output_byte_ratio|macro_within_level|alpha_z,0.5802894055515097,0.5539151585349308,0.6203484776767108,2669,2000,0,2318,3027,2318,3027
subgroup|domain|poetry|convergence|llama|prompt_to_output_byte_ratio|macro_within_level|rho,0.6468358432879752,0.6338705853864847,0.659565959303312,2669,2000,0,2318,3027,2318,3027
subgroup|domain|poetry|convergence|llama|prompt_words|macro_within_level|alpha_z,0.0074898780575776815,-0.01496727964302879,0.02959023000658977,2669,2000,0,2318,3027,2318,3027
subgroup|domain|poetry|convergence|llama|prompt_words|macro_within_level|rho,0.0015720533443699379,-0.01961057008845604,0.022446813740951664,2669,2000,0,2318,3027,2318,3027
subgroup|domain|poetry|convergence|llama|rouge_l_recall|macro_within_level|alpha_z,0.8289676893688516,0.8194123192088566,0.8377884538501056,2669,2000,0,2318,3027,2318,3027
subgroup|domain|poetry|convergence|llama|rouge_l_recall|macro_within_level|rho,0.821534465682673,0.8129984728556489,0.8298588060594672,2669,2000,0,2318,3027,2318,3027
subgroup|domain|poetry|convergence|llama|word_bigram_coverage|macro_within_level|alpha_z,0.6892339970513761,0.6757007917569986,0.7032622365332655,2669,2000,0,2318,3027,2318,3027
subgroup|domain|poetry|convergence|llama|word_bigram_coverage|macro_within_level|rho,0.6526024445806371,0.6406350596259327,0.6642730557513005,2669,2000,0,2318,3027,2318,3027
subgroup|domain|poetry|convergence|llama|word_token_coverage|macro_within_level|alpha_z,0.8003903243768283,0.7893492421974986,0.810121664530708,2669,2000,0,2318,3027,2318,3027
subgroup|domain|poetry|convergence|llama|word_token_coverage|macro_within_level|rho,0.790951767629396,0.7804155258086354,0.8003111770951894,2669,2000,0,2318,3027,2318,3027
subgroup|domain|poetry|convergence|llama|word_type_coverage|macro_within_level|alpha_z,0.8076177724923459,0.7968587903188165,0.8175411646995943,2669,2000,0,2318,3027,2318,3027
subgroup|domain|poetry|convergence|llama|word_type_coverage|macro_within_level|rho,0.7960002304981414,0.7858529280962546,0.8051698585468554,2669,2000,0,2318,3027,2318,3027
subgroup|domain|poetry|convergence|mixtral|blackbox_actual_ratio|macro_within_level|alpha_z,0.8065623139266023,0.7918051380522996,0.820111791269052,2669,2000,0,2318,3027,2318,3027
subgroup|domain|poetry|convergence|mixtral|blackbox_actual_ratio|macro_within_level|rho,0.8118487922807793,0.8012748454960109,0.8213344906539297,2669,2000,0,2318,3027,2318,3027
subgroup|domain|poetry|convergence|mixtral|char3_coverage|macro_within_level|alpha_z,0.7697541715444365,0.7590374917338222,0.7800145907422394,2669,2000,0,2318,3027,2318,3027
subgroup|domain|poetry|convergence|mixtral|char3_coverage|macro_within_level|rho,0.7518353745637952,0.7406283950516334,0.7622733755980384,2669,2000,0,2318,3027,2318,3027
subgroup|domain|poetry|convergence|mixtral|char5_coverage|macro_within_level|alpha_z,0.7997992786302813,0.7892576070555847,0.810202037715144,2669,2000,0,2318,3027,2318,3027
subgroup|domain|poetry|convergence|mixtral|char5_coverage|macro_within_level|rho,0.7824124507455082,0.7714842523764938,0.7930168649562509,2669,2000,0,2318,3027,2318,3027
subgroup|domain|poetry|convergence|mixtral|char8_coverage|macro_within_level|alpha_z,0.7385522192472066,0.7255090957576297,0.7511778887578602,2669,2000,0,2318,3027,2318,3027
subgroup|domain|poetry|convergence|mixtral|char8_coverage|macro_within_level|rho,0.705961643432663,0.6932792971391812,0.7183094764280411,2669,2000,0,2318,3027,2318,3027
subgroup|domain|poetry|convergence|mixtral|output_bigram_repeat_fraction|macro_within_level|alpha_z,-0.2703023991854859,-0.2864613821924324,-0.25298459327799794,2669,2000,0,2318,3027,2318,3027
subgroup|domain|poetry|convergence|mixtral|output_bigram_repeat_fraction|macro_within_level|rho,-0.2643399984554594,-0.28106273339368354,-0.24606667457088838,2669,2000,0,2318,3027,2318,3027
subgroup|domain|poetry|convergence|mixtral|output_bytes|macro_within_level|alpha_z,-0.544770749286464,-0.5606067746151313,-0.5295598749752842,2669,2000,0,2318,3027,2318,3027
subgroup|domain|poetry|convergence|mixtral|output_bytes|macro_within_level|rho,-0.5680862541262345,-0.5836790003645126,-0.5521192459035417,2669,2000,0,2318,3027,2318,3027
subgroup|domain|poetry|convergence|mixtral|output_self_bits_per_byte|macro_within_level|alpha_z,0.4429178773535565,0.4223264885727543,0.46366444689120506,2669,2000,0,2318,3027,2318,3027
subgroup|domain|poetry|convergence|mixtral|output_self_bits_per_byte|macro_within_level|rho,0.42184110154097426,0.4043965016497875,0.4393588423698061,2669,2000,0,2318,3027,2318,3027
subgroup|domain|poetry|convergence|mixtral|output_type_token_ratio|macro_within_level|alpha_z,0.371702223055636,0.35529674898606267,0.38844064937765027,2669,2000,0,2318,3027,2318,3027
subgroup|domain|poetry|convergence|mixtral|output_type_token_ratio|macro_within_level|rho,0.3414467575159982,0.3246025006385729,0.3575404284474819,2669,2000,0,2318,3027,2318,3027
subgroup|domain|poetry|convergence|mixtral|output_words|macro_within_level|alpha_z,-0.5347018159119659,-0.5504745659893547,-0.5190792263329753,2669,2000,0,2318,3027,2318,3027
subgroup|domain|poetry|convergence|mixtral|output_words|macro_within_level|rho,-0.559468178330676,-0.5748939214595322,-0.5436728540520761,2669,2000,0,2318,3027,2318,3027
subgroup|domain|poetry|convergence|mixtral|prompt_bytes|macro_within_level|alpha_z,-0.044331406616687906,-0.06639557245730938,-0.022937551857874272,2669,2000,0,2318,3027,2318,3027
subgroup|domain|poetry|convergence|mixtral|prompt_bytes|macro_within_level|rho,-0.0560010407731746,-0.07651266439447578,-0.036097159241615696,2669,2000,0,2318,3027,2318,3027
subgroup|domain|poetry|convergence|mixtral|prompt_to_output_byte_ratio|macro_within_level|alpha_z,0.5594719774847945,0.5346897229189346,0.598063196686657,2669,2000,0,2318,3027,2318,3027
subgroup|domain|poetry|convergence|mixtral|prompt_to_output_byte_ratio|macro_within_level|rho,0.629914004273721,0.615946709370184,0.6432765914226978,2669,2000,0,2318,3027,2318,3027
subgroup|domain|poetry|convergence|mixtral|prompt_words|macro_within_level|alpha_z,-0.036022680763186064,-0.059088346149920166,-0.01342182680724542,2669,2000,0,2318,3027,2318,3027
subgroup|domain|poetry|convergence|mixtral|prompt_words|macro_within_level|rho,-0.04520162380143871,-0.06653258133077682,-0.023832185829696657,2669,2000,0,2318,3027,2318,3027
subgroup|domain|poetry|convergence|mixtral|rouge_l_recall|macro_within_level|alpha_z,0.8136167185963631,0.8025688380015313,0.8236590471854822,2669,2000,0,2318,3027,2318,3027
subgroup|domain|poetry|convergence|mixtral|rouge_l_recall|macro_within_level|rho,0.8110821291281699,0.8008407951317709,0.8206138834053607,2669,2000,0,2318,3027,2318,3027
subgroup|domain|poetry|convergence|mixtral|word_bigram_coverage|macro_within_level|alpha_z,0.7186641605960726,0.7037961190610091,0.7324881961666172,2669,2000,0,2318,3027,2318,3027
subgroup|domain|poetry|convergence|mixtral|word_bigram_coverage|macro_within_level|rho,0.6825066687141012,0.6698170907280784,0.6953574873882334,2669,2000,0,2318,3027,2318,3027
subgroup|domain|poetry|convergence|mixtral|word_token_coverage|macro_within_level|alpha_z,0.7842217102688837,0.7718626133482442,0.7953573497474427,2669,2000,0,2318,3027,2318,3027
subgroup|domain|poetry|convergence|mixtral|word_token_coverage|macro_within_level|rho,0.7772327992603772,0.7655885659497905,0.7878844173554898,2669,2000,0,2318,3027,2318,3027
subgroup|domain|poetry|convergence|mixtral|word_type_coverage|macro_within_level|alpha_z,0.7982129929286194,0.7862471234919624,0.8091584046246636,2669,2000,0,2318,3027,2318,3027
subgroup|domain|poetry|convergence|mixtral|word_type_coverage|macro_within_level|rho,0.7910831550732784,0.7802059003217583,0.8014252571542381,2669,2000,0,2318,3027,2318,3027
subgroup|domain|poetry|direct|char3_coverage|macro_within_level|alpha_z,0.9169556281188204,0.9060445576585213,0.9242147765048813,2669,2000,0,2318,3027,2318,3027
subgroup|domain|poetry|direct|char3_coverage|macro_within_level|rho,0.9061730423167683,0.8987946639512677,0.9118555805889788,2669,2000,0,2318,3027,2318,3027
subgroup|domain|poetry|direct|char5_coverage|macro_within_level|alpha_z,0.9213131219646205,0.9085015812865325,0.9303007086342567,2669,2000,0,2318,3027,2318,3027
subgroup|domain|poetry|direct|char5_coverage|macro_within_level|rho,0.9137131212227582,0.9061078558610619,0.9196744309452729,2669,2000,0,2318,3027,2318,3027
subgroup|domain|poetry|direct|char8_coverage|macro_within_level|alpha_z,0.8269101871696648,0.810260703298208,0.8398304177403866,2669,2000,0,2318,3027,2318,3027
subgroup|domain|poetry|direct|char8_coverage|macro_within_level|rho,0.7940496465054185,0.783640753424766,0.8035675833610179,2669,2000,0,2318,3027,2318,3027
subgroup|domain|poetry|direct|output_bigram_repeat_fraction|macro_within_level|alpha_z,-0.3015188195748218,-0.3204953225294212,-0.28375604254014164,2669,2000,0,2318,3027,2318,3027
subgroup|domain|poetry|direct|output_bigram_repeat_fraction|macro_within_level|rho,-0.2928990207096553,-0.30893545320352783,-0.276148534088754,2669,2000,0,2318,3027,2318,3027
subgroup|domain|poetry|direct|output_bytes|macro_within_level|alpha_z,-0.6709902856392504,-0.6835645779868889,-0.6583417333572154,2669,2000,0,2318,3027,2318,3027
subgroup|domain|poetry|direct|output_bytes|macro_within_level|rho,-0.7191607666593349,-0.7322170600672878,-0.7060137148161725,2669,2000,0,2318,3027,2318,3027
subgroup|domain|poetry|direct|output_self_bits_per_byte|macro_within_level|alpha_z,0.5887390685654659,0.5731847318171612,0.6037101159284247,2669,2000,0,2318,3027,2318,3027
subgroup|domain|poetry|direct|output_self_bits_per_byte|macro_within_level|rho,0.5422300127303142,0.5267924402398565,0.5588836603299627,2669,2000,0,2318,3027,2318,3027
subgroup|domain|poetry|direct|output_type_token_ratio|macro_within_level|alpha_z,0.46050795131597877,0.4460968706893647,0.4751307114967157,2669,2000,0,2318,3027,2318,3027
subgroup|domain|poetry|direct|output_type_token_ratio|macro_within_level|rho,0.4250787725517465,0.40990015673898655,0.4398482926698549,2669,2000,0,2318,3027,2318,3027
subgroup|domain|poetry|direct|output_words|macro_within_level|alpha_z,-0.6613313024531872,-0.6741212760214164,-0.6484820464586185,2669,2000,0,2318,3027,2318,3027
subgroup|domain|poetry|direct|output_words|macro_within_level|rho,-0.7079058862035514,-0.7207111404119365,-0.6946578688331422,2669,2000,0,2318,3027,2318,3027
subgroup|domain|poetry|direct|prompt_bytes|macro_within_level|alpha_z,-0.1040080551150497,-0.12448716320854543,-0.08348305578077014,2669,2000,0,2318,3027,2318,3027
subgroup|domain|poetry|direct|prompt_bytes|macro_within_level|rho,-0.11816667894317275,-0.13736394713246233,-0.0984230286950885,2669,2000,0,2318,3027,2318,3027
subgroup|domain|poetry|direct|prompt_to_output_byte_ratio|macro_within_level|alpha_z,0.7382532337632005,0.7258502045044115,0.7580749935875505,2669,2000,0,2318,3027,2318,3027
subgroup|domain|poetry|direct|prompt_to_output_byte_ratio|macro_within_level|rho,0.7768046213211562,0.7658491919457692,0.7872213071152359,2669,2000,0,2318,3027,2318,3027
subgroup|domain|poetry|direct|prompt_words|macro_within_level|alpha_z,-0.08293646134618964,-0.10441642683147578,-0.06059706170434036,2669,2000,0,2318,3027,2318,3027
subgroup|domain|poetry|direct|prompt_words|macro_within_level|rho,-0.10019067312503369,-0.12018580582028524,-0.07901377315367879,2669,2000,0,2318,3027,2318,3027
subgroup|domain|poetry|direct|rouge_l_recall|macro_within_level|alpha_z,0.9239206896791412,0.9126661021913072,0.9317816823351074,2669,2000,0,2318,3027,2318,3027
subgroup|domain|poetry|direct|rouge_l_recall|macro_within_level|rho,0.9237264147390476,0.916784781382528,0.9290719908878263,2669,2000,0,2318,3027,2318,3027
subgroup|domain|poetry|direct|word_bigram_coverage|macro_within_level|alpha_z,0.7988035229100463,0.7830601024211844,0.8119323086810042,2669,2000,0,2318,3027,2318,3027
subgroup|domain|poetry|direct|word_bigram_coverage|macro_within_level|rho,0.7559052964401471,0.7451564098901505,0.7657098183685499,2669,2000,0,2318,3027,2318,3027
subgroup|domain|poetry|direct|word_token_coverage|macro_within_level|alpha_z,0.9290200533124977,0.9186573272396876,0.9363280103236991,2669,2000,0,2318,3027,2318,3027
subgroup|domain|poetry|direct|word_token_coverage|macro_within_level|rho,0.9238580656082842,0.917239836428444,0.9289299824637874,2669,2000,0,2318,3027,2318,3027
subgroup|domain|poetry|direct|word_type_coverage|macro_within_level|alpha_z,0.9330635618517491,0.9212637121927255,0.9408224509180318,2669,2000,0,2318,3027,2318,3027
subgroup|domain|poetry|direct|word_type_coverage|macro_within_level|rho,0.9252858232943432,0.9186934069327581,0.930127910444659,2669,2000,0,2318,3027,2318,3027
subgroup|generation_model|claude-opus-4-8|convergence|llama|blackbox_actual_ratio|macro_within_level|alpha_z,0.7172123934146127,0.690993829898755,0.741333155070185,1892,2000,0,1820,1968,1820,1968
subgroup|generation_model|claude-opus-4-8|convergence|llama|blackbox_actual_ratio|macro_within_level|rho,0.7378253224262531,0.725915075974461,0.7491020381643142,1892,2000,0,1820,1968,1820,1968
subgroup|generation_model|claude-opus-4-8|convergence|llama|char3_coverage|macro_within_level|alpha_z,0.6526280302784009,0.6319163056945617,0.6725342512368826,1892,2000,0,1820,1968,1820,1968
subgroup|generation_model|claude-opus-4-8|convergence|llama|char3_coverage|macro_within_level|rho,0.6460066274067718,0.6327155309129449,0.6594637801513805,1892,2000,0,1820,1968,1820,1968
subgroup|generation_model|claude-opus-4-8|convergence|llama|char5_coverage|macro_within_level|alpha_z,0.6910066610683946,0.6745397286037594,0.70774588560858,1892,2000,0,1820,1968,1820,1968
subgroup|generation_model|claude-opus-4-8|convergence|llama|char5_coverage|macro_within_level|rho,0.6756445506301696,0.6620814149227878,0.6884502309381709,1892,2000,0,1820,1968,1820,1968
subgroup|generation_model|claude-opus-4-8|convergence|llama|char8_coverage|macro_within_level|alpha_z,0.6715812561717963,0.6561394003179464,0.6864300608013332,1892,2000,0,1820,1968,1820,1968
subgroup|generation_model|claude-opus-4-8|convergence|llama|char8_coverage|macro_within_level|rho,0.6498674679116843,0.6364728777458071,0.6623739615714263,1892,2000,0,1820,1968,1820,1968
subgroup|generation_model|claude-opus-4-8|convergence|llama|output_bigram_repeat_fraction|macro_within_level|alpha_z,-0.13948634373602956,-0.16296464078636114,-0.11700583972931698,1892,2000,0,1820,1968,1820,1968
subgroup|generation_model|claude-opus-4-8|convergence|llama|output_bigram_repeat_fraction|macro_within_level|rho,-0.1425576203147843,-0.167548833009119,-0.119215950376155,1892,2000,0,1820,1968,1820,1968
subgroup|generation_model|claude-opus-4-8|convergence|llama|output_bytes|macro_within_level|alpha_z,-0.2591189475979344,-0.2757373344964746,-0.24184844067503433,1892,2000,0,1820,1968,1820,1968
subgroup|generation_model|claude-opus-4-8|convergence|llama|output_bytes|macro_within_level|rho,-0.30711495325014404,-0.3243766836164722,-0.2889032511495261,1892,2000,0,1820,1968,1820,1968
subgroup|generation_model|claude-opus-4-8|convergence|llama|output_self_bits_per_byte|macro_within_level|alpha_z,0.19849063918289872,0.1655687647163588,0.22926978302460166,1892,2000,0,1820,1968,1820,1968
subgroup|generation_model|claude-opus-4-8|convergence|llama|output_self_bits_per_byte|macro_within_level|rho,0.200821184449045,0.1792458922632002,0.2238496121009264,1892,2000,0,1820,1968,1820,1968
subgroup|generation_model|claude-opus-4-8|convergence|llama|output_type_token_ratio|macro_within_level|alpha_z,0.2089429648151621,0.18490733639374296,0.23274598022492266,1892,2000,0,1820,1968,1820,1968
subgroup|generation_model|claude-opus-4-8|convergence|llama|output_type_token_ratio|macro_within_level|rho,0.20163001648384088,0.18036359913972463,0.22386660241299375,1892,2000,0,1820,1968,1820,1968
subgroup|generation_model|claude-opus-4-8|convergence|llama|output_words|macro_within_level|alpha_z,-0.30056157730034616,-0.3167440584965517,-0.28390369774068186,1892,2000,0,1820,1968,1820,1968
subgroup|generation_model|claude-opus-4-8|convergence|llama|output_words|macro_within_level|rho,-0.3511543481930266,-0.36771207301709347,-0.334444932038396,1892,2000,0,1820,1968,1820,1968
subgroup|generation_model|claude-opus-4-8|convergence|llama|prompt_bytes|macro_within_level|alpha_z,0.23234819893603223,0.21356402169489122,0.2520694509035985,1892,2000,0,1820,1968,1820,1968
subgroup|generation_model|claude-opus-4-8|convergence|llama|prompt_bytes|macro_within_level|rho,0.22968297385079456,0.2101127635096138,0.24993895932080262,1892,2000,0,1820,1968,1820,1968
subgroup|generation_model|claude-opus-4-8|convergence|llama|prompt_to_output_byte_ratio|macro_within_level|alpha_z,0.5164393077224927,0.47442964090427836,0.5580186566948397,1892,2000,0,1820,1968,1820,1968
subgroup|generation_model|claude-opus-4-8|convergence|llama|prompt_to_output_byte_ratio|macro_within_level|rho,0.5506943760275573,0.5351051497426119,0.5664147559333582,1892,2000,0,1820,1968,1820,1968
subgroup|generation_model|claude-opus-4-8|convergence|llama|prompt_words|macro_within_level|alpha_z,0.2581709411185183,0.23990425812558439,0.2781950658785267,1892,2000,0,1820,1968,1820,1968
subgroup|generation_model|claude-opus-4-8|convergence|llama|prompt_words|macro_within_level|rho,0.25157183045781184,0.23146703630410964,0.2723499776282449,1892,2000,0,1820,1968,1820,1968
subgroup|generation_model|claude-opus-4-8|convergence|llama|rouge_l_recall|macro_within_level|alpha_z,0.717828872084554,0.6979507955465515,0.7374396772240452,1892,2000,0,1820,1968,1820,1968
subgroup|generation_model|claude-opus-4-8|convergence|llama|rouge_l_recall|macro_within_level|rho,0.7303160069474603,0.7190356670974485,0.7415988892331442,1892,2000,0,1820,1968,1820,1968
subgroup|generation_model|claude-opus-4-8|convergence|llama|word_bigram_coverage|macro_within_level|alpha_z,0.652743907722698,0.6397308057387288,0.6659604974923847,1892,2000,0,1820,1968,1820,1968
subgroup|generation_model|claude-opus-4-8|convergence|llama|word_bigram_coverage|macro_within_level|rho,0.622983004304945,0.6095812119075393,0.6357888956819917,1892,2000,0,1820,1968,1820,1968
subgroup|generation_model|claude-opus-4-8|convergence|llama|word_token_coverage|macro_within_level|alpha_z,0.675735354357448,0.6554889001620785,0.695872580939706,1892,2000,0,1820,1968,1820,1968
subgroup|generation_model|claude-opus-4-8|convergence|llama|word_token_coverage|macro_within_level|rho,0.6843087831577037,0.6719330475594109,0.6970304506456566,1892,2000,0,1820,1968,1820,1968
subgroup|generation_model|claude-opus-4-8|convergence|llama|word_type_coverage|macro_within_level|alpha_z,0.7110595767541266,0.6934274106032102,0.7276869492672691,1892,2000,0,1820,1968,1820,1968
subgroup|generation_model|claude-opus-4-8|convergence|llama|word_type_coverage|macro_within_level|rho,0.7095239015518322,0.6970679428578651,0.7219470059542933,1892,2000,0,1820,1968,1820,1968
subgroup|generation_model|claude-opus-4-8|convergence|mixtral|blackbox_actual_ratio|macro_within_level|alpha_z,0.7145845739771264,0.7011886872246464,0.7296249985372311,1892,2000,0,1820,1968,1820,1968
subgroup|generation_model|claude-opus-4-8|convergence|mixtral|blackbox_actual_ratio|macro_within_level|rho,0.6994263857094717,0.6866525385773322,0.711702415555837,1892,2000,0,1820,1968,1820,1968
subgroup|generation_model|claude-opus-4-8|convergence|mixtral|char3_coverage|macro_within_level|alpha_z,0.6628541879628596,0.6498675258833494,0.6763653338552997,1892,2000,0,1820,1968,1820,1968
subgroup|generation_model|claude-opus-4-8|convergence|mixtral|char3_coverage|macro_within_level|rho,0.6216044770215696,0.6075348686029162,0.6355787528990636,1892,2000,0,1820,1968,1820,1968
subgroup|generation_model|claude-opus-4-8|convergence|mixtral|char5_coverage|macro_within_level|alpha_z,0.6964636518720347,0.6846752929776967,0.7083472752917334,1892,2000,0,1820,1968,1820,1968
subgroup|generation_model|claude-opus-4-8|convergence|mixtral|char5_coverage|macro_within_level|rho,0.6556526111745006,0.641887316664855,0.6697158303244232,1892,2000,0,1820,1968,1820,1968
subgroup|generation_model|claude-opus-4-8|convergence|mixtral|char8_coverage|macro_within_level|alpha_z,0.6492956300298758,0.6356011681442625,0.6631996219285662,1892,2000,0,1820,1968,1820,1968
subgroup|generation_model|claude-opus-4-8|convergence|mixtral|char8_coverage|macro_within_level|rho,0.6222672257990146,0.6078463925358228,0.6364043727874988,1892,2000,0,1820,1968,1820,1968
subgroup|generation_model|claude-opus-4-8|convergence|mixtral|output_bigram_repeat_fraction|macro_within_level|alpha_z,-0.14231844338603636,-0.16411016811646045,-0.12129631059011864,1892,2000,0,1820,1968,1820,1968
subgroup|generation_model|claude-opus-4-8|convergence|mixtral|output_bigram_repeat_fraction|macro_within_level|rho,-0.16299287236441257,-0.18686883463906334,-0.1406130439401019,1892,2000,0,1820,1968,1820,1968
subgroup|generation_model|claude-opus-4-8|convergence|mixtral|output_bytes|macro_within_level|alpha_z,-0.2721898210076012,-0.28624477405165427,-0.2577717171427903,1892,2000,0,1820,1968,1820,1968
subgroup|generation_model|claude-opus-4-8|convergence|mixtral|output_bytes|macro_within_level|rho,-0.30591988508888535,-0.32275652427839224,-0.2890677538675326,1892,2000,0,1820,1968,1820,1968
subgroup|generation_model|claude-opus-4-8|convergence|mixtral|output_self_bits_per_byte|macro_within_level|alpha_z,0.24625507018060072,0.22465786465770604,0.27026099514530366,1892,2000,0,1820,1968,1820,1968
subgroup|generation_model|claude-opus-4-8|convergence|mixtral|output_self_bits_per_byte|macro_within_level|rho,0.24481924764776425,0.2241941184437319,0.2666734784308774,1892,2000,0,1820,1968,1820,1968
subgroup|generation_model|claude-opus-4-8|convergence|mixtral|output_type_token_ratio|macro_within_level|alpha_z,0.21516185906305293,0.19336753813855298,0.23694340901307,1892,2000,0,1820,1968,1820,1968
subgroup|generation_model|claude-opus-4-8|convergence|mixtral|output_type_token_ratio|macro_within_level|rho,0.20103439271825846,0.1801481436609563,0.22309441604120295,1892,2000,0,1820,1968,1820,1968
subgroup|generation_model|claude-opus-4-8|convergence|mixtral|output_words|macro_within_level|alpha_z,-0.30840561043356496,-0.3221230372241489,-0.2942013403677871,1892,2000,0,1820,1968,1820,1968
subgroup|generation_model|claude-opus-4-8|convergence|mixtral|output_words|macro_within_level|rho,-0.32794812199946083,-0.34345207036579434,-0.31119058315604686,1892,2000,0,1820,1968,1820,1968
subgroup|generation_model|claude-opus-4-8|convergence|mixtral|prompt_bytes|macro_within_level|alpha_z,0.16525762848897355,0.14441470786627555,0.185646881088209,1892,2000,0,1820,1968,1820,1968
subgroup|generation_model|claude-opus-4-8|convergence|mixtral|prompt_bytes|macro_within_level|rho,0.20011329906565484,0.17979984765156973,0.22007006201539964,1892,2000,0,1820,1968,1820,1968
subgroup|generation_model|claude-opus-4-8|convergence|mixtral|prompt_to_output_byte_ratio|macro_within_level|alpha_z,0.5058743737042172,0.48240693356227304,0.5347819047784966,1892,2000,0,1820,1968,1820,1968
subgroup|generation_model|claude-opus-4-8|convergence|mixtral|prompt_to_output_byte_ratio|macro_within_level|rho,0.507939381471721,0.49166025525658313,0.5231132917074391,1892,2000,0,1820,1968,1820,1968
subgroup|generation_model|claude-opus-4-8|convergence|mixtral|prompt_words|macro_within_level|alpha_z,0.1777524523125203,0.15653352163879608,0.1995832178385476,1892,2000,0,1820,1968,1820,1968
subgroup|generation_model|claude-opus-4-8|convergence|mixtral|prompt_words|macro_within_level|rho,0.2119238278033296,0.19019151508446033,0.23359536076113657,1892,2000,0,1820,1968,1820,1968
subgroup|generation_model|claude-opus-4-8|convergence|mixtral|rouge_l_recall|macro_within_level|alpha_z,0.7342255151336751,0.72263464981148,0.7466311218939579,1892,2000,0,1820,1968,1820,1968
subgroup|generation_model|claude-opus-4-8|convergence|mixtral|rouge_l_recall|macro_within_level|rho,0.7039510589136091,0.6912428131281673,0.7154954693452237,1892,2000,0,1820,1968,1820,1968
subgroup|generation_model|claude-opus-4-8|convergence|mixtral|word_bigram_coverage|macro_within_level|alpha_z,0.6443347031082503,0.6302964104107096,0.6589047930972759,1892,2000,0,1820,1968,1820,1968
subgroup|generation_model|claude-opus-4-8|convergence|mixtral|word_bigram_coverage|macro_within_level|rho,0.6048949675375136,0.5902113260314223,0.6199362319868864,1892,2000,0,1820,1968,1820,1968
subgroup|generation_model|claude-opus-4-8|convergence|mixtral|word_token_coverage|macro_within_level|alpha_z,0.6969130954653233,0.6852889965708352,0.7093072470003747,1892,2000,0,1820,1968,1820,1968
subgroup|generation_model|claude-opus-4-8|convergence|mixtral|word_token_coverage|macro_within_level|rho,0.6582419767562181,0.644736205543443,0.6712494755338593,1892,2000,0,1820,1968,1820,1968
subgroup|generation_model|claude-opus-4-8|convergence|mixtral|word_type_coverage|macro_within_level|alpha_z,0.7366513355567638,0.7254255286455309,0.7480289520970159,1892,2000,0,1820,1968,1820,1968
subgroup|generation_model|claude-opus-4-8|convergence|mixtral|word_type_coverage|macro_within_level|rho,0.6959851289247274,0.6831272814894527,0.7079601536537891,1892,2000,0,1820,1968,1820,1968
subgroup|generation_model|claude-opus-4-8|direct|char3_coverage|macro_within_level|alpha_z,0.890428828276572,0.8813870544506718,0.8980368789430417,1892,2000,0,1820,1968,1820,1968
subgroup|generation_model|claude-opus-4-8|direct|char3_coverage|macro_within_level|rho,0.8730663652810453,0.8662039962860577,0.8793686829800372,1892,2000,0,1820,1968,1820,1968
subgroup|generation_model|claude-opus-4-8|direct|char5_coverage|macro_within_level|alpha_z,0.9310180402972525,0.9195256570290822,0.9408287899448399,1892,2000,0,1820,1968,1820,1968
subgroup|generation_model|claude-opus-4-8|direct|char5_coverage|macro_within_level|rho,0.9131819621133325,0.9069754310722977,0.9188943350383636,1892,2000,0,1820,1968,1820,1968
subgroup|generation_model|claude-opus-4-8|direct|char8_coverage|macro_within_level|alpha_z,0.8822117888025891,0.8668880054912809,0.8978320059837875,1892,2000,0,1820,1968,1820,1968
subgroup|generation_model|claude-opus-4-8|direct|char8_coverage|macro_within_level|rho,0.8659871087260947,0.8572269549932952,0.87370686048698,1892,2000,0,1820,1968,1820,1968
subgroup|generation_model|claude-opus-4-8|direct|output_bigram_repeat_fraction|macro_within_level|alpha_z,-0.0987920702441211,-0.12089209008648923,-0.07724511686222056,1892,2000,0,1820,1968,1820,1968
subgroup|generation_model|claude-opus-4-8|direct|output_bigram_repeat_fraction|macro_within_level|rho,-0.09969145976221871,-0.12451723194705183,-0.07544870069664862,1892,2000,0,1820,1968,1820,1968
subgroup|generation_model|claude-opus-4-8|direct|output_bytes|macro_within_level|alpha_z,-0.31564674086673394,-0.3320872304809273,-0.3001459765506859,1892,2000,0,1820,1968,1820,1968
subgroup|generation_model|claude-opus-4-8|direct|output_bytes|macro_within_level|rho,-0.4376064769809241,-0.453102249673666,-0.42021517213210957,1892,2000,0,1820,1968,1820,1968
subgroup|generation_model|claude-opus-4-8|direct|output_self_bits_per_byte|macro_within_level|alpha_z,0.3046279770326616,0.28058504941601875,0.3270485164224861,1892,2000,0,1820,1968,1820,1968
subgroup|generation_model|claude-opus-4-8|direct|output_self_bits_per_byte|macro_within_level|rho,0.2473760519201842,0.2251379963572711,0.269325407335077,1892,2000,0,1820,1968,1820,1968
subgroup|generation_model|claude-opus-4-8|direct|output_type_token_ratio|macro_within_level|alpha_z,0.21828894308188201,0.1935923570202151,0.24084411170591954,1892,2000,0,1820,1968,1820,1968
subgroup|generation_model|claude-opus-4-8|direct|output_type_token_ratio|macro_within_level|rho,0.18091689430980432,0.1599652343458524,0.20242469479309105,1892,2000,0,1820,1968,1820,1968
subgroup|generation_model|claude-opus-4-8|direct|output_words|macro_within_level|alpha_z,-0.3625782879372341,-0.3771820702662681,-0.34876846947296636,1892,2000,0,1820,1968,1820,1968
subgroup|generation_model|claude-opus-4-8|direct|output_words|macro_within_level|rho,-0.4871649094710258,-0.501388387161893,-0.4713808701990989,1892,2000,0,1820,1968,1820,1968
subgroup|generation_model|claude-opus-4-8|direct|prompt_bytes|macro_within_level|alpha_z,0.20062225564722783,0.18040002723999193,0.22032748517407633,1892,2000,0,1820,1968,1820,1968
subgroup|generation_model|claude-opus-4-8|direct|prompt_bytes|macro_within_level|rho,0.19806223089043773,0.17677920868366162,0.2200276861301664,1892,2000,0,1820,1968,1820,1968
subgroup|generation_model|claude-opus-4-8|direct|prompt_to_output_byte_ratio|macro_within_level|alpha_z,0.7334960305916403,0.7164279848544527,0.7489847810325254,1892,2000,0,1820,1968,1820,1968
subgroup|generation_model|claude-opus-4-8|direct|prompt_to_output_byte_ratio|macro_within_level|rho,0.7155809487156801,0.7036622999930175,0.7268390997622696,1892,2000,0,1820,1968,1820,1968
subgroup|generation_model|claude-opus-4-8|direct|prompt_words|macro_within_level|alpha_z,0.21767713842194922,0.19680365551746243,0.23754282335875557,1892,2000,0,1820,1968,1820,1968
subgroup|generation_model|claude-opus-4-8|direct|prompt_words|macro_within_level|rho,0.19468475332067509,0.1728938719061913,0.21663196408440039,1892,2000,0,1820,1968,1820,1968
subgroup|generation_model|claude-opus-4-8|direct|rouge_l_recall|macro_within_level|alpha_z,0.9123332084037383,0.9042871510114036,0.9193576151568054,1892,2000,0,1820,1968,1820,1968
subgroup|generation_model|claude-opus-4-8|direct|rouge_l_recall|macro_within_level|rho,0.9016089138002213,0.8953601213899186,0.9071132090671891,1892,2000,0,1820,1968,1820,1968
subgroup|generation_model|claude-opus-4-8|direct|word_bigram_coverage|macro_within_level|alpha_z,0.8413262639473293,0.8225593609305565,0.8616710737473715,1892,2000,0,1820,1968,1820,1968
subgroup|generation_model|claude-opus-4-8|direct|word_bigram_coverage|macro_within_level|rho,0.8228866058744705,0.8125373983931704,0.8326161432035506,1892,2000,0,1820,1968,1820,1968
subgroup|generation_model|claude-opus-4-8|direct|word_token_coverage|macro_within_level|alpha_z,0.9062347086753773,0.9000313985540369,0.9123407969304053,1892,2000,0,1820,1968,1820,1968
subgroup|generation_model|claude-opus-4-8|direct|word_token_coverage|macro_within_level|rho,0.8954821631539737,0.8886845495324167,0.9015035048249144,1892,2000,0,1820,1968,1820,1968
subgroup|generation_model|claude-opus-4-8|direct|word_type_coverage|macro_within_level|alpha_z,0.9259426993231672,0.9198262416302657,0.9327865176110461,1892,2000,0,1820,1968,1820,1968
subgroup|generation_model|claude-opus-4-8|direct|word_type_coverage|macro_within_level|rho,0.9090532644022605,0.9038612375352029,0.91381061712578,1892,2000,0,1820,1968,1820,1968
subgroup|generation_model|claude-sonnet-5|convergence|llama|blackbox_actual_ratio|macro_within_level|alpha_z,0.7215733220178586,0.7092034625809882,0.7333079766266913,2320,2000,0,2267,2372,2267,2372
subgroup|generation_model|claude-sonnet-5|convergence|llama|blackbox_actual_ratio|macro_within_level|rho,0.7066527693374384,0.6959367320603366,0.7170585281739232,2320,2000,0,2267,2372,2267,2372
subgroup|generation_model|claude-sonnet-5|convergence|llama|char3_coverage|macro_within_level|alpha_z,0.6219422669619923,0.6062695371933822,0.6365425882394954,2320,2000,0,2267,2372,2267,2372
subgroup|generation_model|claude-sonnet-5|convergence|llama|char3_coverage|macro_within_level|rho,0.5804725717219568,0.5668804329367354,0.593309052044653,2320,2000,0,2267,2372,2267,2372
subgroup|generation_model|claude-sonnet-5|convergence|llama|char5_coverage|macro_within_level|alpha_z,0.6807588926269386,0.6665976583044702,0.6937592391317998,2320,2000,0,2267,2372,2267,2372
subgroup|generation_model|claude-sonnet-5|convergence|llama|char5_coverage|macro_within_level|rho,0.6424179725954187,0.6302184190875552,0.6532986602348834,2320,2000,0,2267,2372,2267,2372
subgroup|generation_model|claude-sonnet-5|convergence|llama|char8_coverage|macro_within_level|alpha_z,0.6482632438264767,0.6325008260517807,0.6632059513207008,2320,2000,0,2267,2372,2267,2372
subgroup|generation_model|claude-sonnet-5|convergence|llama|char8_coverage|macro_within_level|rho,0.6051844815582752,0.5920682024208213,0.6174897654797694,2320,2000,0,2267,2372,2267,2372
subgroup|generation_model|claude-sonnet-5|convergence|llama|output_bigram_repeat_fraction|macro_within_level|alpha_z,-0.13007255249187355,-0.15309796707545326,-0.10694924358579282,2320,2000,0,2267,2372,2267,2372
subgroup|generation_model|claude-sonnet-5|convergence|llama|output_bigram_repeat_fraction|macro_within_level|rho,-0.12307776621715043,-0.14503194349428752,-0.10055332908905006,2320,2000,0,2267,2372,2267,2372
subgroup|generation_model|claude-sonnet-5|convergence|llama|output_bytes|macro_within_level|alpha_z,-0.2840397597824789,-0.3005145986563776,-0.2674177076135865,2320,2000,0,2267,2372,2267,2372
subgroup|generation_model|claude-sonnet-5|convergence|llama|output_bytes|macro_within_level|rho,-0.326334043615072,-0.3449609689759307,-0.3076332165131475,2320,2000,0,2267,2372,2267,2372
subgroup|generation_model|claude-sonnet-5|convergence|llama|output_self_bits_per_byte|macro_within_level|alpha_z,0.22892446066776895,0.20539170290036426,0.25141948527777497,2320,2000,0,2267,2372,2267,2372
subgroup|generation_model|claude-sonnet-5|convergence|llama|output_self_bits_per_byte|macro_within_level|rho,0.19091092226360074,0.16822157629754653,0.21190575278638094,2320,2000,0,2267,2372,2267,2372
subgroup|generation_model|claude-sonnet-5|convergence|llama|output_type_token_ratio|macro_within_level|alpha_z,0.2410531900784198,0.21903829890788135,0.2619306115360115,2320,2000,0,2267,2372,2267,2372
subgroup|generation_model|claude-sonnet-5|convergence|llama|output_type_token_ratio|macro_within_level|rho,0.22615384810221922,0.2042559486252255,0.24598504936542478,2320,2000,0,2267,2372,2267,2372
subgroup|generation_model|claude-sonnet-5|convergence|llama|output_words|macro_within_level|alpha_z,-0.32226938220917606,-0.33771528603745693,-0.30604921767674875,2320,2000,0,2267,2372,2267,2372
subgroup|generation_model|claude-sonnet-5|convergence|llama|output_words|macro_within_level|rho,-0.36542271413893246,-0.3824854754200674,-0.34744198359135803,2320,2000,0,2267,2372,2267,2372
subgroup|generation_model|claude-sonnet-5|convergence|llama|prompt_bytes|macro_within_level|alpha_z,0.1861870148260671,0.16656047651883651,0.20740340083060546,2320,2000,0,2267,2372,2267,2372
subgroup|generation_model|claude-sonnet-5|convergence|llama|prompt_bytes|macro_within_level|rho,0.16708893363929217,0.14761131421205276,0.18783979612821683,2320,2000,0,2267,2372,2267,2372
subgroup|generation_model|claude-sonnet-5|convergence|llama|prompt_to_output_byte_ratio|macro_within_level|alpha_z,0.5105183199283838,0.4903197502776853,0.5298744426802068,2320,2000,0,2267,2372,2267,2372
subgroup|generation_model|claude-sonnet-5|convergence|llama|prompt_to_output_byte_ratio|macro_within_level|rho,0.5096793665793042,0.49479360678420903,0.5246240130358069,2320,2000,0,2267,2372,2267,2372
subgroup|generation_model|claude-sonnet-5|convergence|llama|prompt_words|macro_within_level|alpha_z,0.21166000153941433,0.19145075732288586,0.2331993937174618,2320,2000,0,2267,2372,2267,2372
subgroup|generation_model|claude-sonnet-5|convergence|llama|prompt_words|macro_within_level|rho,0.19272507753274187,0.17338960263529324,0.21320765143814968,2320,2000,0,2267,2372,2267,2372
subgroup|generation_model|claude-sonnet-5|convergence|llama|rouge_l_recall|macro_within_level|alpha_z,0.7306507417774649,0.7183798544519245,0.7428082460483971,2320,2000,0,2267,2372,2267,2372
subgroup|generation_model|claude-sonnet-5|convergence|llama|rouge_l_recall|macro_within_level|rho,0.714284682807739,0.7038573651936711,0.7240674319805069,2320,2000,0,2267,2372,2267,2372
subgroup|generation_model|claude-sonnet-5|convergence|llama|word_bigram_coverage|macro_within_level|alpha_z,0.6324684105322423,0.6158550138285679,0.6484328802909124,2320,2000,0,2267,2372,2267,2372
subgroup|generation_model|claude-sonnet-5|convergence|llama|word_bigram_coverage|macro_within_level|rho,0.5749347033854247,0.5619812129048312,0.5876755571725794,2320,2000,0,2267,2372,2267,2372
subgroup|generation_model|claude-sonnet-5|convergence|llama|word_token_coverage|macro_within_level|alpha_z,0.6766453134185617,0.662344969775672,0.6905138126947595,2320,2000,0,2267,2372,2267,2372
subgroup|generation_model|claude-sonnet-5|convergence|llama|word_token_coverage|macro_within_level|rho,0.6569826484353403,0.6452616375735744,0.6681382196552338,2320,2000,0,2267,2372,2267,2372
subgroup|generation_model|claude-sonnet-5|convergence|llama|word_type_coverage|macro_within_level|alpha_z,0.7076644319516776,0.6948472616747379,0.7202525589202017,2320,2000,0,2267,2372,2267,2372
subgroup|generation_model|claude-sonnet-5|convergence|llama|word_type_coverage|macro_within_level|rho,0.6846583728118378,0.6733613186470083,0.6955385265570677,2320,2000,0,2267,2372,2267,2372
subgroup|generation_model|claude-sonnet-5|convergence|mixtral|blackbox_actual_ratio|macro_within_level|alpha_z,0.7020540465052496,0.6891181711202434,0.7146156015046519,2320,2000,0,2267,2372,2267,2372
subgroup|generation_model|claude-sonnet-5|convergence|mixtral|blackbox_actual_ratio|macro_within_level|rho,0.631654446509023,0.6185227972928636,0.6444316801851563,2320,2000,0,2267,2372,2267,2372
subgroup|generation_model|claude-sonnet-5|convergence|mixtral|char3_coverage|macro_within_level|alpha_z,0.6074740155008611,0.5916223004821025,0.6220299611062857,2320,2000,0,2267,2372,2267,2372
subgroup|generation_model|claude-sonnet-5|convergence|mixtral|char3_coverage|macro_within_level|rho,0.5102060244469884,0.49487812354066996,0.525245486340573,2320,2000,0,2267,2372,2267,2372
subgroup|generation_model|claude-sonnet-5|convergence|mixtral|char5_coverage|macro_within_level|alpha_z,0.6646881073891109,0.6505369319547021,0.6773958170099824,2320,2000,0,2267,2372,2267,2372
subgroup|generation_model|claude-sonnet-5|convergence|mixtral|char5_coverage|macro_within_level|rho,0.5776994538112741,0.5639871957976756,0.5908624758363825,2320,2000,0,2267,2372,2267,2372
subgroup|generation_model|claude-sonnet-5|convergence|mixtral|char8_coverage|macro_within_level|alpha_z,0.6139724579195524,0.5967415265482523,0.6298283803303196,2320,2000,0,2267,2372,2267,2372
subgroup|generation_model|claude-sonnet-5|convergence|mixtral|char8_coverage|macro_within_level|rho,0.536363341034262,0.521953520556463,0.5504787212510098,2320,2000,0,2267,2372,2267,2372
subgroup|generation_model|claude-sonnet-5|convergence|mixtral|output_bigram_repeat_fraction|macro_within_level|alpha_z,-0.1330175740709762,-0.15548498077499026,-0.111726139746335,2320,2000,0,2267,2372,2267,2372
subgroup|generation_model|claude-sonnet-5|convergence|mixtral|output_bigram_repeat_fraction|macro_within_level|rho,-0.14428526705992886,-0.16636829083999852,-0.1230857358478798,2320,2000,0,2267,2372,2267,2372
subgroup|generation_model|claude-sonnet-5|convergence|mixtral|output_bytes|macro_within_level|alpha_z,-0.30352135704214916,-0.32002756229700113,-0.2869252573200658,2320,2000,0,2267,2372,2267,2372
subgroup|generation_model|claude-sonnet-5|convergence|mixtral|output_bytes|macro_within_level|rho,-0.31872647544936955,-0.33622323723974745,-0.30145484981071047,2320,2000,0,2267,2372,2267,2372
subgroup|generation_model|claude-sonnet-5|convergence|mixtral|output_self_bits_per_byte|macro_within_level|alpha_z,0.262731573670977,0.23976112327892704,0.2849002856141947,2320,2000,0,2267,2372,2267,2372
subgroup|generation_model|claude-sonnet-5|convergence|mixtral|output_self_bits_per_byte|macro_within_level|rho,0.21546025512818154,0.1946888662736164,0.23591008253603682,2320,2000,0,2267,2372,2267,2372
subgroup|generation_model|claude-sonnet-5|convergence|mixtral|output_type_token_ratio|macro_within_level|alpha_z,0.23590661203890692,0.2139907904316934,0.2565719001745359,2320,2000,0,2267,2372,2267,2372
subgroup|generation_model|claude-sonnet-5|convergence|mixtral|output_type_token_ratio|macro_within_level|rho,0.2158605888892488,0.19461208537686686,0.23635329686695475,2320,2000,0,2267,2372,2267,2372
subgroup|generation_model|claude-sonnet-5|convergence|mixtral|output_words|macro_within_level|alpha_z,-0.3285299355329171,-0.3445602393639635,-0.31156313321595486,2320,2000,0,2267,2372,2267,2372
subgroup|generation_model|claude-sonnet-5|convergence|mixtral|output_words|macro_within_level|rho,-0.3302441310671235,-0.3475944895383567,-0.31242978337461863,2320,2000,0,2267,2372,2267,2372
subgroup|generation_model|claude-sonnet-5|convergence|mixtral|prompt_bytes|macro_within_level|alpha_z,0.10197631833144102,0.08213751972928374,0.12430124055721554,2320,2000,0,2267,2372,2267,2372
subgroup|generation_model|claude-sonnet-5|convergence|mixtral|prompt_bytes|macro_within_level|rho,0.1259509331839685,0.10619528220026728,0.14581229317989633,2320,2000,0,2267,2372,2267,2372
subgroup|generation_model|claude-sonnet-5|convergence|mixtral|prompt_to_output_byte_ratio|macro_within_level|alpha_z,0.4991777527032283,0.4769767033802703,0.5199740764634265,2320,2000,0,2267,2372,2267,2372
subgroup|generation_model|claude-sonnet-5|convergence|mixtral|prompt_to_output_byte_ratio|macro_within_level|rho,0.44962236443488235,0.433040972023632,0.46606743327289296,2320,2000,0,2267,2372,2267,2372
subgroup|generation_model|claude-sonnet-5|convergence|mixtral|prompt_words|macro_within_level|alpha_z,0.12256232901588701,0.1017674787299354,0.14598057569781073,2320,2000,0,2267,2372,2267,2372
subgroup|generation_model|claude-sonnet-5|convergence|mixtral|prompt_words|macro_within_level|rho,0.1575767228082053,0.13787638065644597,0.1775803569481866,2320,2000,0,2267,2372,2267,2372
subgroup|generation_model|claude-sonnet-5|convergence|mixtral|rouge_l_recall|macro_within_level|alpha_z,0.7244184088816386,0.7118873043221782,0.7360442581919063,2320,2000,0,2267,2372,2267,2372
subgroup|generation_model|claude-sonnet-5|convergence|mixtral|rouge_l_recall|macro_within_level|rho,0.6435548665245544,0.6308111658602402,0.655748506218458,2320,2000,0,2267,2372,2267,2372
subgroup|generation_model|claude-sonnet-5|convergence|mixtral|word_bigram_coverage|macro_within_level|alpha_z,0.6242409106760747,0.6066607194382747,0.639811331541746,2320,2000,0,2267,2372,2267,2372
subgroup|generation_model|claude-sonnet-5|convergence|mixtral|word_bigram_coverage|macro_within_level|rho,0.5253265318778755,0.5110165333699634,0.5395007345503092,2320,2000,0,2267,2372,2267,2372
subgroup|generation_model|claude-sonnet-5|convergence|mixtral|word_token_coverage|macro_within_level|alpha_z,0.666537065064959,0.6522867587237803,0.6797590569759718,2320,2000,0,2267,2372,2267,2372
subgroup|generation_model|claude-sonnet-5|convergence|mixtral|word_token_coverage|macro_within_level|rho,0.5726326096204886,0.5586051967891685,0.5863291077554086,2320,2000,0,2267,2372,2267,2372
subgroup|generation_model|claude-sonnet-5|convergence|mixtral|word_type_coverage|macro_within_level|alpha_z,0.7024797828027892,0.6891841735604152,0.7142587884643448,2320,2000,0,2267,2372,2267,2372
subgroup|generation_model|claude-sonnet-5|convergence|mixtral|word_type_coverage|macro_within_level|rho,0.6153727978012515,0.6022923022833279,0.6280567044876559,2320,2000,0,2267,2372,2267,2372
subgroup|generation_model|claude-sonnet-5|direct|char3_coverage|macro_within_level|alpha_z,0.8567768029413525,0.8497771215596769,0.8630826388800217,2320,2000,0,2267,2372,2267,2372
subgroup|generation_model|claude-sonnet-5|direct|char3_coverage|macro_within_level|rho,0.8343045541191767,0.8273724248725882,0.8408329634141862,2320,2000,0,2267,2372,2267,2372
subgroup|generation_model|claude-sonnet-5|direct|char5_coverage|macro_within_level|alpha_z,0.9301175030376859,0.9245888872548371,0.9346617504501054,2320,2000,0,2267,2372,2267,2372
subgroup|generation_model|claude-sonnet-5|direct|char5_coverage|macro_within_level|rho,0.8877181399102314,0.8815955784850474,0.8932292445661797,2320,2000,0,2267,2372,2267,2372
subgroup|generation_model|claude-sonnet-5|direct|char8_coverage|macro_within_level|alpha_z,0.8643934830453095,0.851291282524016,0.8756570020074443,2320,2000,0,2267,2372,2267,2372
subgroup|generation_model|claude-sonnet-5|direct|char8_coverage|macro_within_level|rho,0.7990779210930078,0.7898072871515897,0.8073137380868061,2320,2000,0,2267,2372,2267,2372
subgroup|generation_model|claude-sonnet-5|direct|output_bigram_repeat_fraction|macro_within_level|alpha_z,-0.11134645530904348,-0.13243946374527374,-0.08753122829117704,2320,2000,0,2267,2372,2267,2372
subgroup|generation_model|claude-sonnet-5|direct|output_bigram_repeat_fraction|macro_within_level|rho,-0.1024976518868885,-0.1257447856898908,-0.07855081612565261,2320,2000,0,2267,2372,2267,2372
subgroup|generation_model|claude-sonnet-5|direct|output_bytes|macro_within_level|alpha_z,-0.37234339419531104,-0.3890526587721883,-0.35654244664993906,2320,2000,0,2267,2372,2267,2372
subgroup|generation_model|claude-sonnet-5|direct|output_bytes|macro_within_level|rho,-0.47751005418483333,-0.4936654664169763,-0.4605950291523884,2320,2000,0,2267,2372,2267,2372
subgroup|generation_model|claude-sonnet-5|direct|output_self_bits_per_byte|macro_within_level|alpha_z,0.33578390847244893,0.310907732250506,0.3597715964594097,2320,2000,0,2267,2372,2267,2372
subgroup|generation_model|claude-sonnet-5|direct|output_self_bits_per_byte|macro_within_level|rho,0.24168276749686735,0.2196375662653127,0.26395406313666586,2320,2000,0,2267,2372,2267,2372
subgroup|generation_model|claude-sonnet-5|direct|output_type_token_ratio|macro_within_level|alpha_z,0.2588391112375374,0.23673430800506193,0.2798475944230056,2320,2000,0,2267,2372,2267,2372
subgroup|generation_model|claude-sonnet-5|direct|output_type_token_ratio|macro_within_level|rho,0.21996485014749276,0.19804070979561467,0.24053753826708835,2320,2000,0,2267,2372,2267,2372
subgroup|generation_model|claude-sonnet-5|direct|output_words|macro_within_level|alpha_z,-0.41381909415512175,-0.428691807332405,-0.3992503610365162,2320,2000,0,2267,2372,2267,2372
subgroup|generation_model|claude-sonnet-5|direct|output_words|macro_within_level|rho,-0.5244640656073897,-0.539495387509623,-0.5086652916967795,2320,2000,0,2267,2372,2267,2372
subgroup|generation_model|claude-sonnet-5|direct|prompt_bytes|macro_within_level|alpha_z,0.11809930499897651,0.09859860396790332,0.14039057725997223,2320,2000,0,2267,2372,2267,2372
subgroup|generation_model|claude-sonnet-5|direct|prompt_bytes|macro_within_level|rho,0.1362758975533133,0.11649560043079142,0.15737409185633347,2320,2000,0,2267,2372,2267,2372
subgroup|generation_model|claude-sonnet-5|direct|prompt_to_output_byte_ratio|macro_within_level|alpha_z,0.7080295022542691,0.6955485105542165,0.7202879400858047,2320,2000,0,2267,2372,2267,2372
subgroup|generation_model|claude-sonnet-5|direct|prompt_to_output_byte_ratio|macro_within_level|rho,0.7032575231537708,0.6928096668134027,0.7135041423806697,2320,2000,0,2267,2372,2267,2372
subgroup|generation_model|claude-sonnet-5|direct|prompt_words|macro_within_level|alpha_z,0.13236601386775404,0.11147093174596459,0.1555940164927587,2320,2000,0,2267,2372,2267,2372
subgroup|generation_model|claude-sonnet-5|direct|prompt_words|macro_within_level|rho,0.1396246966041293,0.12001058596816568,0.16070623887310648,2320,2000,0,2267,2372,2267,2372
subgroup|generation_model|claude-sonnet-5|direct|rouge_l_recall|macro_within_level|alpha_z,0.8998961516413498,0.8940953924499797,0.9056893390166514,2320,2000,0,2267,2372,2267,2372
subgroup|generation_model|claude-sonnet-5|direct|rouge_l_recall|macro_within_level|rho,0.8720262878522499,0.8657198948170771,0.8775921313550442,2320,2000,0,2267,2372,2267,2372
subgroup|generation_model|claude-sonnet-5|direct|word_bigram_coverage|macro_within_level|alpha_z,0.8263672330672869,0.8118641632107712,0.8386943940096651,2320,2000,0,2267,2372,2267,2372
subgroup|generation_model|claude-sonnet-5|direct|word_bigram_coverage|macro_within_level|rho,0.7383036777103464,0.7278260266891093,0.7475606951465311,2320,2000,0,2267,2372,2267,2372
subgroup|generation_model|claude-sonnet-5|direct|word_token_coverage|macro_within_level|alpha_z,0.8960426176548955,0.8895021426102473,0.9019748578487645,2320,2000,0,2267,2372,2267,2372
subgroup|generation_model|claude-sonnet-5|direct|word_token_coverage|macro_within_level|rho,0.8744993887649322,0.8684129238793268,0.8800492811535237,2320,2000,0,2267,2372,2267,2372
subgroup|generation_model|claude-sonnet-5|direct|word_type_coverage|macro_within_level|alpha_z,0.9162080108173667,0.9111208965174685,0.9205444533001467,2320,2000,0,2267,2372,2267,2372
subgroup|generation_model|claude-sonnet-5|direct|word_type_coverage|macro_within_level|rho,0.8799022836362731,0.8738998539559379,0.8850970676537933,2320,2000,0,2267,2372,2267,2372
subgroup|generation_model|gemini-3.6-flash|convergence|llama|blackbox_actual_ratio|macro_within_level|alpha_z,0.712247932999779,0.6946866559939876,0.7283270556709759,2240,2000,0,2185,2291,2185,2291
subgroup|generation_model|gemini-3.6-flash|convergence|llama|blackbox_actual_ratio|macro_within_level|rho,0.6914081945038049,0.6792661544604546,0.7025568138169446,2240,2000,0,2185,2291,2185,2291
subgroup|generation_model|gemini-3.6-flash|convergence|llama|char3_coverage|macro_within_level|alpha_z,0.6529917827509629,0.6336957143456733,0.6726336781367688,2240,2000,0,2185,2291,2185,2291
subgroup|generation_model|gemini-3.6-flash|convergence|llama|char3_coverage|macro_within_level|rho,0.6253024159718581,0.6125627487970768,0.6369261022550324,2240,2000,0,2185,2291,2185,2291
subgroup|generation_model|gemini-3.6-flash|convergence|llama|char5_coverage|macro_within_level|alpha_z,0.6325508770223662,0.6091290866006317,0.658359374621935,2240,2000,0,2185,2291,2185,2291
subgroup|generation_model|gemini-3.6-flash|convergence|llama|char5_coverage|macro_within_level|rho,0.6076509525720386,0.5934733136525564,0.6207071504488765,2240,2000,0,2185,2291,2185,2291
subgroup|generation_model|gemini-3.6-flash|convergence|llama|char8_coverage|macro_within_level|alpha_z,0.5782185856518917,0.5562328614212293,0.6033469837820002,2240,2000,0,2185,2291,2185,2291
subgroup|generation_model|gemini-3.6-flash|convergence|llama|char8_coverage|macro_within_level|rho,0.5209304762956016,0.5043521154937185,0.53648266397801,2240,2000,0,2185,2291,2185,2291
subgroup|generation_model|gemini-3.6-flash|convergence|llama|output_bigram_repeat_fraction|macro_within_level|alpha_z,-0.38455493263207174,-0.4018331695595245,-0.3671428475326491,2240,2000,0,2185,2291,2185,2291
subgroup|generation_model|gemini-3.6-flash|convergence|llama|output_bigram_repeat_fraction|macro_within_level|rho,-0.407668381538005,-0.42490705827837205,-0.39030736261049853,2240,2000,0,2185,2291,2185,2291
subgroup|generation_model|gemini-3.6-flash|convergence|llama|output_bytes|macro_within_level|alpha_z,-0.28183691329885346,-0.2970366094039495,-0.26723383846241955,2240,2000,0,2185,2291,2185,2291
subgroup|generation_model|gemini-3.6-flash|convergence|llama|output_bytes|macro_within_level|rho,-0.3034571361332193,-0.31815735039630294,-0.28730876346492734,2240,2000,0,2185,2291,2185,2291
subgroup|generation_model|gemini-3.6-flash|convergence|llama|output_self_bits_per_byte|macro_within_level|alpha_z,0.46639215423266733,0.4488028633887504,0.4846099486730798,2240,2000,0,2185,2291,2185,2291
subgroup|generation_model|gemini-3.6-flash|convergence|llama|output_self_bits_per_byte|macro_within_level|rho,0.4626104470942865,0.4465001174317846,0.4778560990990459,2240,2000,0,2185,2291,2185,2291
subgroup|generation_model|gemini-3.6-flash|convergence|llama|output_type_token_ratio|macro_within_level|alpha_z,0.45872722502536084,0.44280686973924577,0.47461890073191215,2240,2000,0,2185,2291,2185,2291
subgroup|generation_model|gemini-3.6-flash|convergence|llama|output_type_token_ratio|macro_within_level|rho,0.46458509468875225,0.4488094833318234,0.47950268004216734,2240,2000,0,2185,2291,2185,2291
subgroup|generation_model|gemini-3.6-flash|convergence|llama|output_words|macro_within_level|alpha_z,-0.29063516277518975,-0.3053346901142211,-0.2765197816402804,2240,2000,0,2185,2291,2185,2291
subgroup|generation_model|gemini-3.6-flash|convergence|llama|output_words|macro_within_level|rho,-0.314956445760859,-0.3286357032510948,-0.3005863652120095,2240,2000,0,2185,2291,2185,2291
subgroup|generation_model|gemini-3.6-flash|convergence|llama|prompt_bytes|macro_within_level|alpha_z,0.2937455626823776,0.2776943030967541,0.31032012058843295,2240,2000,0,2185,2291,2185,2291
subgroup|generation_model|gemini-3.6-flash|convergence|llama|prompt_bytes|macro_within_level|rho,0.27378115378248696,0.2553301021078223,0.29222173907885074,2240,2000,0,2185,2291,2185,2291
subgroup|generation_model|gemini-3.6-flash|convergence|llama|prompt_to_output_byte_ratio|macro_within_level|alpha_z,0.5727525702467752,0.5545630713754722,0.5914498560626044,2240,2000,0,2185,2291,2185,2291
subgroup|generation_model|gemini-3.6-flash|convergence|llama|prompt_to_output_byte_ratio|macro_within_level|rho,0.5257378028635097,0.5112023100806434,0.5399281987705369,2240,2000,0,2185,2291,2185,2291
subgroup|generation_model|gemini-3.6-flash|convergence|llama|prompt_words|macro_within_level|alpha_z,0.32950386490635236,0.31275711722599664,0.346723851625574,2240,2000,0,2185,2291,2185,2291
subgroup|generation_model|gemini-3.6-flash|convergence|llama|prompt_words|macro_within_level|rho,0.33450574609768924,0.31585639100224266,0.3525420575657158,2240,2000,0,2185,2291,2185,2291
subgroup|generation_model|gemini-3.6-flash|convergence|llama|rouge_l_recall|macro_within_level|alpha_z,0.7353029903528163,0.719158059490934,0.7526111455730411,2240,2000,0,2185,2291,2185,2291
subgroup|generation_model|gemini-3.6-flash|convergence|llama|rouge_l_recall|macro_within_level|rho,0.7258894335947151,0.7149065834212829,0.7363573212534799,2240,2000,0,2185,2291,2185,2291
subgroup|generation_model|gemini-3.6-flash|convergence|llama|word_bigram_coverage|macro_within_level|alpha_z,0.5489272179034431,0.5087653794844148,0.5899694116659696,2240,2000,0,2185,2291,2185,2291
subgroup|generation_model|gemini-3.6-flash|convergence|llama|word_bigram_coverage|macro_within_level|rho,0.4584934576436178,0.4425850195740739,0.474619490598608,2240,2000,0,2185,2291,2185,2291
subgroup|generation_model|gemini-3.6-flash|convergence|llama|word_token_coverage|macro_within_level|alpha_z,0.6820218891023935,0.662422664778375,0.7016272847076893,2240,2000,0,2185,2291,2185,2291
subgroup|generation_model|gemini-3.6-flash|convergence|llama|word_token_coverage|macro_within_level|rho,0.6684120526187246,0.6562627954167867,0.6798613079284415,2240,2000,0,2185,2291,2185,2291
subgroup|generation_model|gemini-3.6-flash|convergence|llama|word_type_coverage|macro_within_level|alpha_z,0.7007677150007765,0.6814917275037481,0.719989270524346,2240,2000,0,2185,2291,2185,2291
subgroup|generation_model|gemini-3.6-flash|convergence|llama|word_type_coverage|macro_within_level|rho,0.6904054622212183,0.6781590541905483,0.7016947653753235,2240,2000,0,2185,2291,2185,2291
subgroup|generation_model|gemini-3.6-flash|convergence|mixtral|blackbox_actual_ratio|macro_within_level|alpha_z,0.6944239358461953,0.6800996620070713,0.7083076956259228,2240,2000,0,2185,2291,2185,2291
subgroup|generation_model|gemini-3.6-flash|convergence|mixtral|blackbox_actual_ratio|macro_within_level|rho,0.6620728715839574,0.649173093679375,0.6738023967130167,2240,2000,0,2185,2291,2185,2291
subgroup|generation_model|gemini-3.6-flash|convergence|mixtral|char3_coverage|macro_within_level|alpha_z,0.635420050055375,0.6206907634580656,0.6500632552080045,2240,2000,0,2185,2291,2185,2291
subgroup|generation_model|gemini-3.6-flash|convergence|mixtral|char3_coverage|macro_within_level|rho,0.5987948792102136,0.5858469835372522,0.6110016368972854,2240,2000,0,2185,2291,2185,2291
subgroup|generation_model|gemini-3.6-flash|convergence|mixtral|char5_coverage|macro_within_level|alpha_z,0.6168988149136586,0.5982212492330443,0.6349668900577651,2240,2000,0,2185,2291,2185,2291
subgroup|generation_model|gemini-3.6-flash|convergence|mixtral|char5_coverage|macro_within_level|rho,0.5789747995001095,0.564346975336111,0.5919261152673072,2240,2000,0,2185,2291,2185,2291
subgroup|generation_model|gemini-3.6-flash|convergence|mixtral|char8_coverage|macro_within_level|alpha_z,0.5573450851274646,0.5324709696127868,0.5796668078624568,2240,2000,0,2185,2291,2185,2291
subgroup|generation_model|gemini-3.6-flash|convergence|mixtral|char8_coverage|macro_within_level|rho,0.4847838883380843,0.4686186438410623,0.5001778332681872,2240,2000,0,2185,2291,2185,2291
subgroup|generation_model|gemini-3.6-flash|convergence|mixtral|output_bigram_repeat_fraction|macro_within_level|alpha_z,-0.3755538857803458,-0.39256886927580165,-0.3585285586364615,2240,2000,0,2185,2291,2185,2291
subgroup|generation_model|gemini-3.6-flash|convergence|mixtral|output_bigram_repeat_fraction|macro_within_level|rho,-0.4087911358182675,-0.42530804652860177,-0.3908286964233706,2240,2000,0,2185,2291,2185,2291
subgroup|generation_model|gemini-3.6-flash|convergence|mixtral|output_bytes|macro_within_level|alpha_z,-0.31766737439424897,-0.3318269158505166,-0.30338636347667625,2240,2000,0,2185,2291,2185,2291
subgroup|generation_model|gemini-3.6-flash|convergence|mixtral|output_bytes|macro_within_level|rho,-0.3268775304261756,-0.34173553387903044,-0.31146021281804653,2240,2000,0,2185,2291,2185,2291
subgroup|generation_model|gemini-3.6-flash|convergence|mixtral|output_self_bits_per_byte|macro_within_level|alpha_z,0.4773516123935365,0.4586646084821313,0.4947621672666985,2240,2000,0,2185,2291,2185,2291
subgroup|generation_model|gemini-3.6-flash|convergence|mixtral|output_self_bits_per_byte|macro_within_level|rho,0.4724221027454284,0.4562805857391782,0.48777543108384863,2240,2000,0,2185,2291,2185,2291
subgroup|generation_model|gemini-3.6-flash|convergence|mixtral|output_type_token_ratio|macro_within_level|alpha_z,0.4573203516668505,0.44156779678593516,0.473118470927931,2240,2000,0,2185,2291,2185,2291
subgroup|generation_model|gemini-3.6-flash|convergence|mixtral|output_type_token_ratio|macro_within_level|rho,0.4665205121087787,0.4504337324788466,0.4824796429367308,2240,2000,0,2185,2291,2185,2291
subgroup|generation_model|gemini-3.6-flash|convergence|mixtral|output_words|macro_within_level|alpha_z,-0.3190745456688219,-0.33291588766910263,-0.3052969535803663,2240,2000,0,2185,2291,2185,2291
subgroup|generation_model|gemini-3.6-flash|convergence|mixtral|output_words|macro_within_level|rho,-0.3317374476642321,-0.34504436891503487,-0.31771771645415703,2240,2000,0,2185,2291,2185,2291
subgroup|generation_model|gemini-3.6-flash|convergence|mixtral|prompt_bytes|macro_within_level|alpha_z,0.22843867571069149,0.21107859578170934,0.245209353714488,2240,2000,0,2185,2291,2185,2291
subgroup|generation_model|gemini-3.6-flash|convergence|mixtral|prompt_bytes|macro_within_level|rho,0.22931553959913864,0.21131151500143047,0.24691394231401861,2240,2000,0,2185,2291,2185,2291
subgroup|generation_model|gemini-3.6-flash|convergence|mixtral|prompt_to_output_byte_ratio|macro_within_level|alpha_z,0.5524848144510626,0.5367417516113113,0.569769019196084,2240,2000,0,2185,2291,2185,2291
subgroup|generation_model|gemini-3.6-flash|convergence|mixtral|prompt_to_output_byte_ratio|macro_within_level|rho,0.49985027911348323,0.4853605978620577,0.5140378151733067,2240,2000,0,2185,2291,2185,2291
subgroup|generation_model|gemini-3.6-flash|convergence|mixtral|prompt_words|macro_within_level|alpha_z,0.2635107100906768,0.24607726131964552,0.28101696968636847,2240,2000,0,2185,2291,2185,2291
subgroup|generation_model|gemini-3.6-flash|convergence|mixtral|prompt_words|macro_within_level|rho,0.29264105038800886,0.27471689319024106,0.3097482670401879,2240,2000,0,2185,2291,2185,2291
subgroup|generation_model|gemini-3.6-flash|convergence|mixtral|rouge_l_recall|macro_within_level|alpha_z,0.7136698166596893,0.7011008529375338,0.7303821356242108,2240,2000,0,2185,2291,2185,2291
subgroup|generation_model|gemini-3.6-flash|convergence|mixtral|rouge_l_recall|macro_within_level|rho,0.6966707310028007,0.684914186840225,0.7076124089491735,2240,2000,0,2185,2291,2185,2291
subgroup|generation_model|gemini-3.6-flash|convergence|mixtral|word_bigram_coverage|macro_within_level|alpha_z,0.5328659234474558,0.4903676069425924,0.5670076759782464,2240,2000,0,2185,2291,2185,2291
subgroup|generation_model|gemini-3.6-flash|convergence|mixtral|word_bigram_coverage|macro_within_level|rho,0.4333307994049824,0.41723684982037895,0.449143105331766,2240,2000,0,2185,2291,2185,2291
subgroup|generation_model|gemini-3.6-flash|convergence|mixtral|word_token_coverage|macro_within_level|alpha_z,0.6599097576837775,0.6461763710691858,0.6745495088853433,2240,2000,0,2185,2291,2185,2291
subgroup|generation_model|gemini-3.6-flash|convergence|mixtral|word_token_coverage|macro_within_level|rho,0.6344246009550842,0.6215709447028214,0.6466726800595628,2240,2000,0,2185,2291,2185,2291
subgroup|generation_model|gemini-3.6-flash|convergence|mixtral|word_type_coverage|macro_within_level|alpha_z,0.677394145834148,0.6626460291194206,0.6921685137080812,2240,2000,0,2185,2291,2185,2291
subgroup|generation_model|gemini-3.6-flash|convergence|mixtral|word_type_coverage|macro_within_level|rho,0.6526794387635131,0.6401331297798224,0.6647413216196066,2240,2000,0,2185,2291,2185,2291
subgroup|generation_model|gemini-3.6-flash|direct|char3_coverage|macro_within_level|alpha_z,0.8655232015136167,0.8582351495807466,0.8730196144961853,2240,2000,0,2185,2291,2185,2291
subgroup|generation_model|gemini-3.6-flash|direct|char3_coverage|macro_within_level|rho,0.8437600108424063,0.8357592078797839,0.851213173356814,2240,2000,0,2185,2291,2185,2291
subgroup|generation_model|gemini-3.6-flash|direct|char5_coverage|macro_within_level|alpha_z,0.8911195334809943,0.873906644996596,0.9038001547588662,2240,2000,0,2185,2291,2185,2291
subgroup|generation_model|gemini-3.6-flash|direct|char5_coverage|macro_within_level|rho,0.8508399181825629,0.8433865694051109,0.857831725659025,2240,2000,0,2185,2291,2185,2291
subgroup|generation_model|gemini-3.6-flash|direct|char8_coverage|macro_within_level|alpha_z,0.8220636512124202,0.7888636472058619,0.8450938675552603,2240,2000,0,2185,2291,2185,2291
subgroup|generation_model|gemini-3.6-flash|direct|char8_coverage|macro_within_level|rho,0.7452908224907766,0.7350166538657478,0.7546170963727011,2240,2000,0,2185,2291,2185,2291
subgroup|generation_model|gemini-3.6-flash|direct|output_bigram_repeat_fraction|macro_within_level|alpha_z,-0.3059647974479377,-0.3268949720489059,-0.2874153205977241,2240,2000,0,2185,2291,2185,2291
subgroup|generation_model|gemini-3.6-flash|direct|output_bigram_repeat_fraction|macro_within_level|rho,-0.30863635272229556,-0.32770405410115344,-0.28834875436912627,2240,2000,0,2185,2291,2185,2291
subgroup|generation_model|gemini-3.6-flash|direct|output_bytes|macro_within_level|alpha_z,-0.3137607297554137,-0.33145800554896393,-0.2976237557264204,2240,2000,0,2185,2291,2185,2291
subgroup|generation_model|gemini-3.6-flash|direct|output_bytes|macro_within_level|rho,-0.40688462400961833,-0.41999514341592326,-0.39265499876103566,2240,2000,0,2185,2291,2185,2291
subgroup|generation_model|gemini-3.6-flash|direct|output_self_bits_per_byte|macro_within_level|alpha_z,0.4709250070150481,0.45308732725620643,0.4889897275324393,2240,2000,0,2185,2291,2185,2291
subgroup|generation_model|gemini-3.6-flash|direct|output_self_bits_per_byte|macro_within_level|rho,0.4212972684058496,0.4038690394835545,0.4379772784874121,2240,2000,0,2185,2291,2185,2291
subgroup|generation_model|gemini-3.6-flash|direct|output_type_token_ratio|macro_within_level|alpha_z,0.40126974487849987,0.38278540134959155,0.4201095219950482,2240,2000,0,2185,2291,2185,2291
subgroup|generation_model|gemini-3.6-flash|direct|output_type_token_ratio|macro_within_level|rho,0.3986320886738606,0.381112481090896,0.41503058433761303,2240,2000,0,2185,2291,2185,2291
subgroup|generation_model|gemini-3.6-flash|direct|output_words|macro_within_level|alpha_z,-0.3390056201464599,-0.35713367135434015,-0.3226466109653452,2240,2000,0,2185,2291,2185,2291
subgroup|generation_model|gemini-3.6-flash|direct|output_words|macro_within_level|rho,-0.4387032156456721,-0.4516109521803848,-0.4252995618396285,2240,2000,0,2185,2291,2185,2291
subgroup|generation_model|gemini-3.6-flash|direct|prompt_bytes|macro_within_level|alpha_z,0.3275934638704143,0.31066404362825234,0.34590281792690014,2240,2000,0,2185,2291,2185,2291
subgroup|generation_model|gemini-3.6-flash|direct|prompt_bytes|macro_within_level|rho,0.2957767621468303,0.2770725844017702,0.314678325843546,2240,2000,0,2185,2291,2185,2291
subgroup|generation_model|gemini-3.6-flash|direct|prompt_to_output_byte_ratio|macro_within_level|alpha_z,0.7656314353710126,0.7560271097932368,0.7776116942943426,2240,2000,0,2185,2291,2185,2291
subgroup|generation_model|gemini-3.6-flash|direct|prompt_to_output_byte_ratio|macro_within_level|rho,0.7385928010055635,0.728086431787759,0.7486750045301349,2240,2000,0,2185,2291,2185,2291
subgroup|generation_model|gemini-3.6-flash|direct|prompt_words|macro_within_level|alpha_z,0.34439693241468594,0.32539446396443134,0.3642802313712636,2240,2000,0,2185,2291,2185,2291
subgroup|generation_model|gemini-3.6-flash|direct|prompt_words|macro_within_level|rho,0.3138600112314309,0.29500279126545503,0.33394119938828937,2240,2000,0,2185,2291,2185,2291
subgroup|generation_model|gemini-3.6-flash|direct|rouge_l_recall|macro_within_level|alpha_z,0.8789123509265393,0.8734662952728135,0.8875223686157637,2240,2000,0,2185,2291,2185,2291
subgroup|generation_model|gemini-3.6-flash|direct|rouge_l_recall|macro_within_level|rho,0.8669777905008423,0.8603871010638019,0.8725448378740603,2240,2000,0,2185,2291,2185,2291
subgroup|generation_model|gemini-3.6-flash|direct|word_bigram_coverage|macro_within_level|alpha_z,0.772359656056906,0.7090264062242757,0.8113771873418336,2240,2000,0,2185,2291,2185,2291
subgroup|generation_model|gemini-3.6-flash|direct|word_bigram_coverage|macro_within_level|rho,0.6523747541375009,0.6410913259065832,0.6633103451709755,2240,2000,0,2185,2291,2185,2291
subgroup|generation_model|gemini-3.6-flash|direct|word_token_coverage|macro_within_level|alpha_z,0.8976631464956739,0.8924513581758556,0.9032860416945542,2240,2000,0,2185,2291,2185,2291
subgroup|generation_model|gemini-3.6-flash|direct|word_token_coverage|macro_within_level|rho,0.873864949310996,0.8669929953958181,0.8802932569235712,2240,2000,0,2185,2291,2185,2291
subgroup|generation_model|gemini-3.6-flash|direct|word_type_coverage|macro_within_level|alpha_z,0.9208641885572778,0.9143120079726968,0.9267500318185817,2240,2000,0,2185,2291,2185,2291
subgroup|generation_model|gemini-3.6-flash|direct|word_type_coverage|macro_within_level|rho,0.8989385888118793,0.8938156869656744,0.9034029132035534,2240,2000,0,2185,2291,2185,2291
subgroup|generation_model|gpt-5.5|convergence|llama|blackbox_actual_ratio|macro_within_level|alpha_z,0.673318255258069,0.6602630226937634,0.6856271604529505,2446,2000,0,2406,2477,2406,2477
subgroup|generation_model|gpt-5.5|convergence|llama|blackbox_actual_ratio|macro_within_level|rho,0.6502487130522197,0.6385134949486686,0.6614121840766348,2446,2000,0,2406,2477,2406,2477
subgroup|generation_model|gpt-5.5|convergence|llama|char3_coverage|macro_within_level|alpha_z,0.6483681145709738,0.6364893014325682,0.6618476572716143,2446,2000,0,2406,2477,2406,2477
subgroup|generation_model|gpt-5.5|convergence|llama|char3_coverage|macro_within_level|rho,0.622765174878747,0.6106310597657723,0.6342998958197265,2446,2000,0,2406,2477,2406,2477
subgroup|generation_model|gpt-5.5|convergence|llama|char5_coverage|macro_within_level|alpha_z,0.6536205744063752,0.6427630368630617,0.6660897118574085,2446,2000,0,2406,2477,2406,2477
subgroup|generation_model|gpt-5.5|convergence|llama|char5_coverage|macro_within_level|rho,0.6285253875483081,0.6166571582976363,0.6396567018749302,2446,2000,0,2406,2477,2406,2477
subgroup|generation_model|gpt-5.5|convergence|llama|char8_coverage|macro_within_level|alpha_z,0.6124510828921184,0.5989873662078556,0.6260878705656325,2446,2000,0,2406,2477,2406,2477
subgroup|generation_model|gpt-5.5|convergence|llama|char8_coverage|macro_within_level|rho,0.5795703050655439,0.5663988322810188,0.5921075508280466,2446,2000,0,2406,2477,2406,2477
subgroup|generation_model|gpt-5.5|convergence|llama|output_bigram_repeat_fraction|macro_within_level|alpha_z,-0.07975109102650953,-0.09780330259344197,-0.061801238648561505,2446,2000,0,2406,2477,2406,2477
subgroup|generation_model|gpt-5.5|convergence|llama|output_bigram_repeat_fraction|macro_within_level|rho,-0.09980345477192462,-0.11843245658972212,-0.08118616596606949,2446,2000,0,2406,2477,2406,2477
subgroup|generation_model|gpt-5.5|convergence|llama|output_bytes|macro_within_level|alpha_z,-0.2962263637649839,-0.30950743297113104,-0.2823095020537784,2446,2000,0,2406,2477,2406,2477
subgroup|generation_model|gpt-5.5|convergence|llama|output_bytes|macro_within_level|rho,-0.2980403216970632,-0.3124764195584691,-0.28303838061667824,2446,2000,0,2406,2477,2406,2477
subgroup|generation_model|gpt-5.5|convergence|llama|output_self_bits_per_byte|macro_within_level|alpha_z,0.17322249452359367,0.15435977928293174,0.19308229203859523,2446,2000,0,2406,2477,2406,2477
subgroup|generation_model|gpt-5.5|convergence|llama|output_self_bits_per_byte|macro_within_level|rho,0.15644878547200922,0.13826075201281068,0.17461832584299364,2446,2000,0,2406,2477,2406,2477
subgroup|generation_model|gpt-5.5|convergence|llama|output_type_token_ratio|macro_within_level|alpha_z,0.1796599078658925,0.1612800733704147,0.19756399895107413,2446,2000,0,2406,2477,2406,2477
subgroup|generation_model|gpt-5.5|convergence|llama|output_type_token_ratio|macro_within_level|rho,0.1740208737110235,0.15666019120538108,0.19171945515621452,2446,2000,0,2406,2477,2406,2477
subgroup|generation_model|gpt-5.5|convergence|llama|output_words|macro_within_level|alpha_z,-0.30925922262682526,-0.32257324662748343,-0.295506508999471,2446,2000,0,2406,2477,2406,2477
subgroup|generation_model|gpt-5.5|convergence|llama|output_words|macro_within_level|rho,-0.3098114881142273,-0.3239586810650638,-0.29480906206317753,2446,2000,0,2406,2477,2406,2477
subgroup|generation_model|gpt-5.5|convergence|llama|prompt_bytes|macro_within_level|alpha_z,0.23190680954121962,0.2138526087695263,0.2507025450997927,2446,2000,0,2406,2477,2406,2477
subgroup|generation_model|gpt-5.5|convergence|llama|prompt_bytes|macro_within_level|rho,0.22336782256727528,0.20481340537588688,0.24292112004834843,2446,2000,0,2406,2477,2406,2477
subgroup|generation_model|gpt-5.5|convergence|llama|prompt_to_output_byte_ratio|macro_within_level|alpha_z,0.4042489503916643,0.3829972156561646,0.42594013175497425,2446,2000,0,2406,2477,2406,2477
subgroup|generation_model|gpt-5.5|convergence|llama|prompt_to_output_byte_ratio|macro_within_level|rho,0.40935323177697186,0.39519798724919075,0.4223068297471477,2446,2000,0,2406,2477,2406,2477
subgroup|generation_model|gpt-5.5|convergence|llama|prompt_words|macro_within_level|alpha_z,0.2684248558526075,0.2502683956119348,0.2866945923313729,2446,2000,0,2406,2477,2406,2477
subgroup|generation_model|gpt-5.5|convergence|llama|prompt_words|macro_within_level|rho,0.2758748846550398,0.2579974914587895,0.2946464058465541,2446,2000,0,2406,2477,2406,2477
subgroup|generation_model|gpt-5.5|convergence|llama|rouge_l_recall|macro_within_level|alpha_z,0.6953825652182785,0.6819036779871831,0.7078185066412006,2446,2000,0,2406,2477,2406,2477
subgroup|generation_model|gpt-5.5|convergence|llama|rouge_l_recall|macro_within_level|rho,0.6824419129618684,0.671033900567954,0.6933278233697104,2446,2000,0,2406,2477,2406,2477
subgroup|generation_model|gpt-5.5|convergence|llama|word_bigram_coverage|macro_within_level|alpha_z,0.5723800560276167,0.5574877640801976,0.5875720871417851,2446,2000,0,2406,2477,2406,2477
subgroup|generation_model|gpt-5.5|convergence|llama|word_bigram_coverage|macro_within_level|rho,0.5448001002377568,0.5312147687746562,0.5585433545140347,2446,2000,0,2406,2477,2406,2477
subgroup|generation_model|gpt-5.5|convergence|llama|word_token_coverage|macro_within_level|alpha_z,0.6639307516548131,0.6495541151097304,0.6777386387388502,2446,2000,0,2406,2477,2406,2477
subgroup|generation_model|gpt-5.5|convergence|llama|word_token_coverage|macro_within_level|rho,0.6595161359271057,0.6475948863893755,0.6704961316036989,2446,2000,0,2406,2477,2406,2477
subgroup|generation_model|gpt-5.5|convergence|llama|word_type_coverage|macro_within_level|alpha_z,0.6896135066867314,0.6759732199687207,0.7031153172928185,2446,2000,0,2406,2477,2406,2477
subgroup|generation_model|gpt-5.5|convergence|llama|word_type_coverage|macro_within_level|rho,0.6766109967550701,0.6646110289903638,0.6874182022690438,2446,2000,0,2406,2477,2406,2477
subgroup|generation_model|gpt-5.5|convergence|mixtral|blackbox_actual_ratio|macro_within_level|alpha_z,0.601945737459502,0.5865818216077792,0.6170313368339135,2446,2000,0,2406,2477,2406,2477
subgroup|generation_model|gpt-5.5|convergence|mixtral|blackbox_actual_ratio|macro_within_level|rho,0.5871788432574443,0.5743271531411356,0.5998073830566363,2446,2000,0,2406,2477,2406,2477
subgroup|generation_model|gpt-5.5|convergence|mixtral|char3_coverage|macro_within_level|alpha_z,0.578723494043788,0.5618166293231867,0.5972376745723836,2446,2000,0,2406,2477,2406,2477
subgroup|generation_model|gpt-5.5|convergence|mixtral|char3_coverage|macro_within_level|rho,0.5678186325480061,0.5545727253867156,0.5805882401984194,2446,2000,0,2406,2477,2406,2477
subgroup|generation_model|gpt-5.5|convergence|mixtral|char5_coverage|macro_within_level|alpha_z,0.5895725968128778,0.5731976279567645,0.6085422404183053,2446,2000,0,2406,2477,2406,2477
subgroup|generation_model|gpt-5.5|convergence|mixtral|char5_coverage|macro_within_level|rho,0.5842195406954006,0.5710415389482755,0.5969187788440002,2446,2000,0,2406,2477,2406,2477
subgroup|generation_model|gpt-5.5|convergence|mixtral|char8_coverage|macro_within_level|alpha_z,0.5573927779836005,0.5392186797605005,0.5768236757023936,2446,2000,0,2406,2477,2406,2477
subgroup|generation_model|gpt-5.5|convergence|mixtral|char8_coverage|macro_within_level|rho,0.5427728196453325,0.5286928287527914,0.5566649410545835,2446,2000,0,2406,2477,2406,2477
subgroup|generation_model|gpt-5.5|convergence|mixtral|output_bigram_repeat_fraction|macro_within_level|alpha_z,-0.06879696819730455,-0.08765497406001196,-0.050726153018126295,2446,2000,0,2406,2477,2406,2477
subgroup|generation_model|gpt-5.5|convergence|mixtral|output_bigram_repeat_fraction|macro_within_level|rho,-0.10239180202422349,-0.12208295914837371,-0.08296074776951552,2446,2000,0,2406,2477,2406,2477
subgroup|generation_model|gpt-5.5|convergence|mixtral|output_bytes|macro_within_level|alpha_z,-0.2723271496026417,-0.28676949537689267,-0.2577110974911036,2446,2000,0,2406,2477,2406,2477
subgroup|generation_model|gpt-5.5|convergence|mixtral|output_bytes|macro_within_level|rho,-0.2539870099842263,-0.2689851643251787,-0.2387168490156329,2446,2000,0,2406,2477,2406,2477
subgroup|generation_model|gpt-5.5|convergence|mixtral|output_self_bits_per_byte|macro_within_level|alpha_z,0.1439281729436634,0.12430837217279518,0.1630679922266354,2446,2000,0,2406,2477,2406,2477
subgroup|generation_model|gpt-5.5|convergence|mixtral|output_self_bits_per_byte|macro_within_level|rho,0.13981860536527982,0.12095688351881498,0.1590501837152614,2446,2000,0,2406,2477,2406,2477
subgroup|generation_model|gpt-5.5|convergence|mixtral|output_type_token_ratio|macro_within_level|alpha_z,0.1522531096932524,0.13312798270936835,0.17119245349315526,2446,2000,0,2406,2477,2406,2477
subgroup|generation_model|gpt-5.5|convergence|mixtral|output_type_token_ratio|macro_within_level|rho,0.15303722458340402,0.13432564439974173,0.17217153062225904,2446,2000,0,2406,2477,2406,2477
subgroup|generation_model|gpt-5.5|convergence|mixtral|output_words|macro_within_level|alpha_z,-0.27970071221244713,-0.294454461057626,-0.26530787426801045,2446,2000,0,2406,2477,2406,2477
subgroup|generation_model|gpt-5.5|convergence|mixtral|output_words|macro_within_level|rho,-0.2558347412478861,-0.2710870101051033,-0.24036424275445822,2446,2000,0,2406,2477,2406,2477
subgroup|generation_model|gpt-5.5|convergence|mixtral|prompt_bytes|macro_within_level|alpha_z,0.21969680270156317,0.2015199022774528,0.23820591599457425,2446,2000,0,2406,2477,2406,2477
subgroup|generation_model|gpt-5.5|convergence|mixtral|prompt_bytes|macro_within_level|rho,0.21652362149263343,0.1977655471374756,0.23660852295640292,2446,2000,0,2406,2477,2406,2477
subgroup|generation_model|gpt-5.5|convergence|mixtral|prompt_to_output_byte_ratio|macro_within_level|alpha_z,0.3490308507017018,0.3307970089143979,0.36821027954503033,2446,2000,0,2406,2477,2406,2477
subgroup|generation_model|gpt-5.5|convergence|mixtral|prompt_to_output_byte_ratio|macro_within_level|rho,0.34131473057969236,0.32627738222019687,0.3559112128150291,2446,2000,0,2406,2477,2406,2477
subgroup|generation_model|gpt-5.5|convergence|mixtral|prompt_words|macro_within_level|alpha_z,0.2531948952004669,0.23518326459191252,0.27187747250294514,2446,2000,0,2406,2477,2406,2477
subgroup|generation_model|gpt-5.5|convergence|mixtral|prompt_words|macro_within_level|rho,0.27001065869486535,0.2511644102661805,0.28888431111436963,2446,2000,0,2406,2477,2406,2477
subgroup|generation_model|gpt-5.5|convergence|mixtral|rouge_l_recall|macro_within_level|alpha_z,0.6141208511047007,0.5968897178876367,0.632687170118321,2446,2000,0,2406,2477,2406,2477
subgroup|generation_model|gpt-5.5|convergence|mixtral|rouge_l_recall|macro_within_level|rho,0.6133386023674822,0.6004404279298142,0.6265222969474372,2446,2000,0,2406,2477,2406,2477
subgroup|generation_model|gpt-5.5|convergence|mixtral|word_bigram_coverage|macro_within_level|alpha_z,0.5364660733457403,0.5167195582546975,0.5560791055499639,2446,2000,0,2406,2477,2406,2477
subgroup|generation_model|gpt-5.5|convergence|mixtral|word_bigram_coverage|macro_within_level|rho,0.5219190945445782,0.5077888962318209,0.5366064779995804,2446,2000,0,2406,2477,2406,2477
subgroup|generation_model|gpt-5.5|convergence|mixtral|word_token_coverage|macro_within_level|alpha_z,0.5852122552659417,0.5674493103475348,0.6040242445334452,2446,2000,0,2406,2477,2406,2477
subgroup|generation_model|gpt-5.5|convergence|mixtral|word_token_coverage|macro_within_level|rho,0.5905164164248498,0.5767386535376018,0.6045336015373489,2446,2000,0,2406,2477,2406,2477
subgroup|generation_model|gpt-5.5|convergence|mixtral|word_type_coverage|macro_within_level|alpha_z,0.6116026201354076,0.5937038662599726,0.6303960112356143,2446,2000,0,2406,2477,2406,2477
subgroup|generation_model|gpt-5.5|convergence|mixtral|word_type_coverage|macro_within_level|rho,0.606147125560734,0.5926919222032417,0.6195219325869815,2446,2000,0,2406,2477,2406,2477
subgroup|generation_model|gpt-5.5|direct|char3_coverage|macro_within_level|alpha_z,0.8869230204021464,0.8775253785216132,0.8959323038381024,2446,2000,0,2406,2477,2406,2477
subgroup|generation_model|gpt-5.5|direct|char3_coverage|macro_within_level|rho,0.8757816545368998,0.8690552431966168,0.8818409616694804,2446,2000,0,2406,2477,2406,2477
subgroup|generation_model|gpt-5.5|direct|char5_coverage|macro_within_level|alpha_z,0.8862377631066922,0.872300586155108,0.8977777730622333,2446,2000,0,2406,2477,2406,2477
subgroup|generation_model|gpt-5.5|direct|char5_coverage|macro_within_level|rho,0.8603030559165937,0.852715055111485,0.8667066717345219,2446,2000,0,2406,2477,2406,2477
subgroup|generation_model|gpt-5.5|direct|char8_coverage|macro_within_level|alpha_z,0.812877381692744,0.7944666701381702,0.8296062447540936,2446,2000,0,2406,2477,2406,2477
subgroup|generation_model|gpt-5.5|direct|char8_coverage|macro_within_level|rho,0.7768348850079928,0.7676379956706487,0.7854225596154569,2446,2000,0,2406,2477,2406,2477
subgroup|generation_model|gpt-5.5|direct|output_bigram_repeat_fraction|macro_within_level|alpha_z,-0.008716895037474947,-0.028196023913999904,0.009626575156519832,2446,2000,0,2406,2477,2406,2477
subgroup|generation_model|gpt-5.5|direct|output_bigram_repeat_fraction|macro_within_level|rho,-0.033085283602894706,-0.051895587218766095,-0.013290142780248199,2446,2000,0,2406,2477,2406,2477
subgroup|generation_model|gpt-5.5|direct|output_bytes|macro_within_level|alpha_z,-0.45554006044925455,-0.46866369903255634,-0.4424020627602597,2446,2000,0,2406,2477,2406,2477
subgroup|generation_model|gpt-5.5|direct|output_bytes|macro_within_level|rho,-0.5352916924440305,-0.5470802202437418,-0.5219287103120557,2446,2000,0,2406,2477,2406,2477
subgroup|generation_model|gpt-5.5|direct|output_self_bits_per_byte|macro_within_level|alpha_z,0.263073255131553,0.2417994143494179,0.282768153476461,2446,2000,0,2406,2477,2406,2477
subgroup|generation_model|gpt-5.5|direct|output_self_bits_per_byte|macro_within_level|rho,0.20556657686018517,0.1873599705566424,0.22319381198889335,2446,2000,0,2406,2477,2406,2477
subgroup|generation_model|gpt-5.5|direct|output_type_token_ratio|macro_within_level|alpha_z,0.1984932508260679,0.1793338996064698,0.21764051049300268,2446,2000,0,2406,2477,2406,2477
subgroup|generation_model|gpt-5.5|direct|output_type_token_ratio|macro_within_level|rho,0.17486469372368146,0.15635949496798077,0.19231679246273134,2446,2000,0,2406,2477,2406,2477
subgroup|generation_model|gpt-5.5|direct|output_words|macro_within_level|alpha_z,-0.4761828441952666,-0.48925208153834276,-0.46339308683555125,2446,2000,0,2406,2477,2406,2477
subgroup|generation_model|gpt-5.5|direct|output_words|macro_within_level|rho,-0.5643172987423559,-0.5755016606324072,-0.5520489666740653,2446,2000,0,2406,2477,2406,2477
subgroup|generation_model|gpt-5.5|direct|prompt_bytes|macro_within_level|alpha_z,0.14134346474413773,0.1240580726474401,0.15968388421562138,2446,2000,0,2406,2477,2406,2477
subgroup|generation_model|gpt-5.5|direct|prompt_bytes|macro_within_level|rho,0.13011016122799673,0.11177956244292726,0.14884213337381072,2446,2000,0,2406,2477,2406,2477
subgroup|generation_model|gpt-5.5|direct|prompt_to_output_byte_ratio|macro_within_level|alpha_z,0.69789673693932,0.6813240036293606,0.7145358270569534,2446,2000,0,2406,2477,2406,2477
subgroup|generation_model|gpt-5.5|direct|prompt_to_output_byte_ratio|macro_within_level|rho,0.7289425515056908,0.717801234436446,0.7388117604260702,2446,2000,0,2406,2477,2406,2477
subgroup|generation_model|gpt-5.5|direct|prompt_words|macro_within_level|alpha_z,0.1621539437827571,0.1442790740192266,0.18098706793647115,2446,2000,0,2406,2477,2406,2477
subgroup|generation_model|gpt-5.5|direct|prompt_words|macro_within_level|rho,0.1468617243915718,0.129837519500584,0.16550755763216274,2446,2000,0,2406,2477,2406,2477
subgroup|generation_model|gpt-5.5|direct|rouge_l_recall|macro_within_level|alpha_z,0.8516345934745967,0.8396753672743894,0.862280237422234,2446,2000,0,2406,2477,2406,2477
subgroup|generation_model|gpt-5.5|direct|rouge_l_recall|macro_within_level|rho,0.8396086608166117,0.8319796028279078,0.8471251436447735,2446,2000,0,2406,2477,2406,2477
subgroup|generation_model|gpt-5.5|direct|word_bigram_coverage|macro_within_level|alpha_z,0.7135918691302603,0.6983458292116365,0.7298438426972523,2446,2000,0,2406,2477,2406,2477
subgroup|generation_model|gpt-5.5|direct|word_bigram_coverage|macro_within_level|rho,0.6838544424719577,0.6735705118290382,0.694825524172548,2446,2000,0,2406,2477,2406,2477
subgroup|generation_model|gpt-5.5|direct|word_token_coverage|macro_within_level|alpha_z,0.8665998389624573,0.8554460638040878,0.8763000052624342,2446,2000,0,2406,2477,2406,2477
subgroup|generation_model|gpt-5.5|direct|word_token_coverage|macro_within_level|rho,0.8479415155138275,0.8403950306594405,0.8549194837861955,2446,2000,0,2406,2477,2406,2477
subgroup|generation_model|gpt-5.5|direct|word_type_coverage|macro_within_level|alpha_z,0.8455891524147818,0.8341687312412166,0.8559749499496689,2446,2000,0,2406,2477,2406,2477
subgroup|generation_model|gpt-5.5|direct|word_type_coverage|macro_within_level|rho,0.8186073770987472,0.8105499673186423,0.8262630972886533,2446,2000,0,2406,2477,2406,2477
subgroup|generation_model|gpt-5.6-sol|convergence|llama|blackbox_actual_ratio|macro_within_level|alpha_z,0.7022213695476346,0.6889749877311118,0.7144627531739696,2324,2000,0,2272,2368,2272,2368
subgroup|generation_model|gpt-5.6-sol|convergence|llama|blackbox_actual_ratio|macro_within_level|rho,0.7108368210502027,0.7008746310025603,0.7206406914877077,2324,2000,0,2272,2368,2272,2368
subgroup|generation_model|gpt-5.6-sol|convergence|llama|char3_coverage|macro_within_level|alpha_z,0.6390926776309968,0.6267253840544266,0.6522624124079688,2324,2000,0,2272,2368,2272,2368
subgroup|generation_model|gpt-5.6-sol|convergence|llama|char3_coverage|macro_within_level|rho,0.6600209938561459,0.6496086504928478,0.6705086487536361,2324,2000,0,2272,2368,2272,2368
subgroup|generation_model|gpt-5.6-sol|convergence|llama|char5_coverage|macro_within_level|alpha_z,0.6498137216998477,0.6383169062947283,0.6626722453095206,2324,2000,0,2272,2368,2272,2368
subgroup|generation_model|gpt-5.6-sol|convergence|llama|char5_coverage|macro_within_level|rho,0.6712961078648749,0.6603989597997411,0.6824148425445037,2324,2000,0,2272,2368,2272,2368
subgroup|generation_model|gpt-5.6-sol|convergence|llama|char8_coverage|macro_within_level|alpha_z,0.6212569846598692,0.6092777161417504,0.6336426857841382,2324,2000,0,2272,2368,2272,2368
subgroup|generation_model|gpt-5.6-sol|convergence|llama|char8_coverage|macro_within_level|rho,0.6066731382519596,0.5944381503258509,0.6186829317269478,2324,2000,0,2272,2368,2272,2368
subgroup|generation_model|gpt-5.6-sol|convergence|llama|output_bigram_repeat_fraction|macro_within_level|alpha_z,-0.04726351461101084,-0.06715602507287191,-0.028431692965141513,2324,2000,0,2272,2368,2272,2368
subgroup|generation_model|gpt-5.6-sol|convergence|llama|output_bigram_repeat_fraction|macro_within_level|rho,-0.10188309281892238,-0.12355842695866788,-0.0826303538477554,2324,2000,0,2272,2368,2272,2368
subgroup|generation_model|gpt-5.6-sol|convergence|llama|output_bytes|macro_within_level|alpha_z,-0.40631523134408154,-0.41886710361134866,-0.3947814434369229,2324,2000,0,2272,2368,2272,2368
subgroup|generation_model|gpt-5.6-sol|convergence|llama|output_bytes|macro_within_level|rho,-0.437649094384264,-0.45074082258070747,-0.4241512938739732,2324,2000,0,2272,2368,2272,2368
subgroup|generation_model|gpt-5.6-sol|convergence|llama|output_self_bits_per_byte|macro_within_level|alpha_z,0.25055976826954984,0.22957662617224084,0.27227132907058593,2324,2000,0,2272,2368,2272,2368
subgroup|generation_model|gpt-5.6-sol|convergence|llama|output_self_bits_per_byte|macro_within_level|rho,0.2765957744740337,0.2577317437694711,0.29643619047315667,2324,2000,0,2272,2368,2272,2368
subgroup|generation_model|gpt-5.6-sol|convergence|llama|output_type_token_ratio|macro_within_level|alpha_z,0.19960585787548743,0.1796701500367477,0.2197394969790745,2324,2000,0,2272,2368,2272,2368
subgroup|generation_model|gpt-5.6-sol|convergence|llama|output_type_token_ratio|macro_within_level|rho,0.22272949448860038,0.20422789993349763,0.24251476543841624,2324,2000,0,2272,2368,2272,2368
subgroup|generation_model|gpt-5.6-sol|convergence|llama|output_words|macro_within_level|alpha_z,-0.4027271610338138,-0.41575711386995073,-0.39101188745506404,2324,2000,0,2272,2368,2272,2368
subgroup|generation_model|gpt-5.6-sol|convergence|llama|output_words|macro_within_level|rho,-0.42935330982278297,-0.4422693668390949,-0.4156719701147872,2324,2000,0,2272,2368,2272,2368
subgroup|generation_model|gpt-5.6-sol|convergence|llama|prompt_bytes|macro_within_level|alpha_z,0.06175359145378323,0.04317034560064942,0.08072861218736532,2324,2000,0,2272,2368,2272,2368
subgroup|generation_model|gpt-5.6-sol|convergence|llama|prompt_bytes|macro_within_level|rho,0.05932753965413305,0.03967734400405003,0.07877627515106063,2324,2000,0,2272,2368,2272,2368
subgroup|generation_model|gpt-5.6-sol|convergence|llama|prompt_to_output_byte_ratio|macro_within_level|alpha_z,0.4353708763207488,0.40625710906161033,0.4676322649881124,2324,2000,0,2272,2368,2272,2368
subgroup|generation_model|gpt-5.6-sol|convergence|llama|prompt_to_output_byte_ratio|macro_within_level|rho,0.47155730957301784,0.4603770248416901,0.4825701836531886,2324,2000,0,2272,2368,2272,2368
subgroup|generation_model|gpt-5.6-sol|convergence|llama|prompt_words|macro_within_level|alpha_z,0.11075840399682549,0.09195092701056727,0.12882211714072553,2324,2000,0,2272,2368,2272,2368
subgroup|generation_model|gpt-5.6-sol|convergence|llama|prompt_words|macro_within_level|rho,0.12612123767856395,0.10651287037760739,0.1444000991850137,2324,2000,0,2272,2368,2272,2368
subgroup|generation_model|gpt-5.6-sol|convergence|llama|rouge_l_recall|macro_within_level|alpha_z,0.6914939452483805,0.6780351207681826,0.7052200438482222,2324,2000,0,2272,2368,2272,2368
subgroup|generation_model|gpt-5.6-sol|convergence|llama|rouge_l_recall|macro_within_level|rho,0.7380899103171941,0.728650204877737,0.7473636763423094,2324,2000,0,2272,2368,2272,2368
subgroup|generation_model|gpt-5.6-sol|convergence|llama|word_bigram_coverage|macro_within_level|alpha_z,0.5939643220545041,0.5800482504996954,0.6069515407009552,2324,2000,0,2272,2368,2272,2368
subgroup|generation_model|gpt-5.6-sol|convergence|llama|word_bigram_coverage|macro_within_level|rho,0.5784794940962049,0.5645433553597352,0.5911969497611019,2324,2000,0,2272,2368,2272,2368
subgroup|generation_model|gpt-5.6-sol|convergence|llama|word_token_coverage|macro_within_level|alpha_z,0.6567030047771668,0.6415612420490369,0.6715296829595309,2324,2000,0,2272,2368,2272,2368
subgroup|generation_model|gpt-5.6-sol|convergence|llama|word_token_coverage|macro_within_level|rho,0.6955718189207183,0.6852358981903135,0.7058464157381621,2324,2000,0,2272,2368,2272,2368
subgroup|generation_model|gpt-5.6-sol|convergence|llama|word_type_coverage|macro_within_level|alpha_z,0.68012707806998,0.666192780678939,0.6935622342105773,2324,2000,0,2272,2368,2272,2368
subgroup|generation_model|gpt-5.6-sol|convergence|llama|word_type_coverage|macro_within_level|rho,0.7102852265210742,0.6999293685753356,0.7204402534093222,2324,2000,0,2272,2368,2272,2368
subgroup|generation_model|gpt-5.6-sol|convergence|mixtral|blackbox_actual_ratio|macro_within_level|alpha_z,0.6452838705299229,0.6307798436373766,0.6596313240115431,2324,2000,0,2272,2368,2272,2368
subgroup|generation_model|gpt-5.6-sol|convergence|mixtral|blackbox_actual_ratio|macro_within_level|rho,0.6517728505959101,0.6403155061395898,0.663770607510758,2324,2000,0,2272,2368,2272,2368
subgroup|generation_model|gpt-5.6-sol|convergence|mixtral|char3_coverage|macro_within_level|alpha_z,0.5914474735205489,0.5760947531328339,0.6062917552428272,2324,2000,0,2272,2368,2272,2368
subgroup|generation_model|gpt-5.6-sol|convergence|mixtral|char3_coverage|macro_within_level|rho,0.6020595197205311,0.5896348602038836,0.614554408184193,2324,2000,0,2272,2368,2272,2368
subgroup|generation_model|gpt-5.6-sol|convergence|mixtral|char5_coverage|macro_within_level|alpha_z,0.6050703047247528,0.5886164383865897,0.6207339400363595,2324,2000,0,2272,2368,2272,2368
subgroup|generation_model|gpt-5.6-sol|convergence|mixtral|char5_coverage|macro_within_level|rho,0.6165275681106928,0.6039393118022779,0.6291671536941437,2324,2000,0,2272,2368,2272,2368
subgroup|generation_model|gpt-5.6-sol|convergence|mixtral|char8_coverage|macro_within_level|alpha_z,0.5666921153894708,0.5490789640223115,0.5841261152910238,2324,2000,0,2272,2368,2272,2368
subgroup|generation_model|gpt-5.6-sol|convergence|mixtral|char8_coverage|macro_within_level|rho,0.5599764009779455,0.5458783657084033,0.5740668057233459,2324,2000,0,2272,2368,2272,2368
subgroup|generation_model|gpt-5.6-sol|convergence|mixtral|output_bigram_repeat_fraction|macro_within_level|alpha_z,-0.05469702212643133,-0.0748842114472263,-0.0345403972972933,2324,2000,0,2272,2368,2272,2368
subgroup|generation_model|gpt-5.6-sol|convergence|mixtral|output_bigram_repeat_fraction|macro_within_level|rho,-0.12362055167872368,-0.14397008122339183,-0.10357069852460865,2324,2000,0,2272,2368,2272,2368
subgroup|generation_model|gpt-5.6-sol|convergence|mixtral|output_bytes|macro_within_level|alpha_z,-0.40208993367182994,-0.4145840293488534,-0.39016226056711095,2324,2000,0,2272,2368,2272,2368
subgroup|generation_model|gpt-5.6-sol|convergence|mixtral|output_bytes|macro_within_level|rho,-0.41004810678172837,-0.42376134552424627,-0.3958117986737681,2324,2000,0,2272,2368,2272,2368
subgroup|generation_model|gpt-5.6-sol|convergence|mixtral|output_self_bits_per_byte|macro_within_level|alpha_z,0.2560704279254045,0.23418916485522584,0.27577711949750733,2324,2000,0,2272,2368,2272,2368
subgroup|generation_model|gpt-5.6-sol|convergence|mixtral|output_self_bits_per_byte|macro_within_level|rho,0.27834384609128965,0.25878410833700505,0.29729952099073603,2324,2000,0,2272,2368,2272,2368
subgroup|generation_model|gpt-5.6-sol|convergence|mixtral|output_type_token_ratio|macro_within_level|alpha_z,0.20498585133683472,0.1848715117566706,0.22351882038570856,2324,2000,0,2272,2368,2272,2368
subgroup|generation_model|gpt-5.6-sol|convergence|mixtral|output_type_token_ratio|macro_within_level|rho,0.2301535850686566,0.2103495116184571,0.24881384628689832,2324,2000,0,2272,2368,2272,2368
subgroup|generation_model|gpt-5.6-sol|convergence|mixtral|output_words|macro_within_level|alpha_z,-0.39840249021338947,-0.4112337041806911,-0.38653436265625907,2324,2000,0,2272,2368,2272,2368
subgroup|generation_model|gpt-5.6-sol|convergence|mixtral|output_words|macro_within_level|rho,-0.4004705405395166,-0.41447890009072563,-0.38602108757022285,2324,2000,0,2272,2368,2272,2368
subgroup|generation_model|gpt-5.6-sol|convergence|mixtral|prompt_bytes|macro_within_level|alpha_z,0.03814114852379182,0.019293413991130475,0.05781418322053039,2324,2000,0,2272,2368,2272,2368
subgroup|generation_model|gpt-5.6-sol|convergence|mixtral|prompt_bytes|macro_within_level|rho,0.050262355090818334,0.03074861630315662,0.06987125318983076,2324,2000,0,2272,2368,2272,2368
subgroup|generation_model|gpt-5.6-sol|convergence|mixtral|prompt_to_output_byte_ratio|macro_within_level|alpha_z,0.4181510106272369,0.39509133108716415,0.4430800248221283,2324,2000,0,2272,2368,2272,2368
subgroup|generation_model|gpt-5.6-sol|convergence|mixtral|prompt_to_output_byte_ratio|macro_within_level|rho,0.4235156395841386,0.41129670104746485,0.43569220901569194,2324,2000,0,2272,2368,2272,2368
subgroup|generation_model|gpt-5.6-sol|convergence|mixtral|prompt_words|macro_within_level|alpha_z,0.08512225529942907,0.06550231536668819,0.10505923454981345,2324,2000,0,2272,2368,2272,2368
subgroup|generation_model|gpt-5.6-sol|convergence|mixtral|prompt_words|macro_within_level|rho,0.11719833239230651,0.09711304965238832,0.13665362673242235,2324,2000,0,2272,2368,2272,2368
subgroup|generation_model|gpt-5.6-sol|convergence|mixtral|rouge_l_recall|macro_within_level|alpha_z,0.6405867976205206,0.6242422734798272,0.656380663524928,2324,2000,0,2272,2368,2272,2368
subgroup|generation_model|gpt-5.6-sol|convergence|mixtral|rouge_l_recall|macro_within_level|rho,0.6674499948435699,0.6563845708882314,0.6785350633270804,2324,2000,0,2272,2368,2272,2368
subgroup|generation_model|gpt-5.6-sol|convergence|mixtral|word_bigram_coverage|macro_within_level|alpha_z,0.545918012266186,0.5265028268918425,0.5644790963780733,2324,2000,0,2272,2368,2272,2368
subgroup|generation_model|gpt-5.6-sol|convergence|mixtral|word_bigram_coverage|macro_within_level|rho,0.5267221693778819,0.5116306175492389,0.5414059781211331,2324,2000,0,2272,2368,2272,2368
subgroup|generation_model|gpt-5.6-sol|convergence|mixtral|word_token_coverage|macro_within_level|alpha_z,0.6022900305825011,0.5857892567780222,0.6189816377726602,2324,2000,0,2272,2368,2272,2368
subgroup|generation_model|gpt-5.6-sol|convergence|mixtral|word_token_coverage|macro_within_level|rho,0.6277920943634875,0.6157139189849521,0.6398312380667925,2324,2000,0,2272,2368,2272,2368
subgroup|generation_model|gpt-5.6-sol|convergence|mixtral|word_type_coverage|macro_within_level|alpha_z,0.6243643457125952,0.607919270006353,0.6404118452562569,2324,2000,0,2272,2368,2272,2368
subgroup|generation_model|gpt-5.6-sol|convergence|mixtral|word_type_coverage|macro_within_level|rho,0.6444359828033013,0.6317660978133098,0.6563010843944432,2324,2000,0,2272,2368,2272,2368
subgroup|generation_model|gpt-5.6-sol|direct|char3_coverage|macro_within_level|alpha_z,0.8699893127639223,0.8601812367604527,0.8782509637802772,2324,2000,0,2272,2368,2272,2368
subgroup|generation_model|gpt-5.6-sol|direct|char3_coverage|macro_within_level|rho,0.8676573044297292,0.8597739751832514,0.8744602584244141,2324,2000,0,2272,2368,2272,2368
subgroup|generation_model|gpt-5.6-sol|direct|char5_coverage|macro_within_level|alpha_z,0.8829522742163862,0.8734665704122415,0.890626171827668,2324,2000,0,2272,2368,2272,2368
subgroup|generation_model|gpt-5.6-sol|direct|char5_coverage|macro_within_level|rho,0.8695275699669907,0.8620422747413347,0.8758935288973515,2324,2000,0,2272,2368,2272,2368
subgroup|generation_model|gpt-5.6-sol|direct|char8_coverage|macro_within_level|alpha_z,0.8212614748493909,0.8083052254296469,0.8320331112045185,2324,2000,0,2272,2368,2272,2368
subgroup|generation_model|gpt-5.6-sol|direct|char8_coverage|macro_within_level|rho,0.7825177619823964,0.7735327721028524,0.790789579330076,2324,2000,0,2272,2368,2272,2368
subgroup|generation_model|gpt-5.6-sol|direct|output_bigram_repeat_fraction|macro_within_level|alpha_z,0.0281885240317201,0.0073577828531335805,0.049881881806356616,2324,2000,0,2272,2368,2272,2368
subgroup|generation_model|gpt-5.6-sol|direct|output_bigram_repeat_fraction|macro_within_level|rho,-0.021781490492360788,-0.04352684564576676,0.00027171203638312835,2324,2000,0,2272,2368,2272,2368
subgroup|generation_model|gpt-5.6-sol|direct|output_bytes|macro_within_level|alpha_z,-0.5077231126857464,-0.5199925507061142,-0.496506743669678,2324,2000,0,2272,2368,2272,2368
subgroup|generation_model|gpt-5.6-sol|direct|output_bytes|macro_within_level|rho,-0.6105836231899275,-0.6219924031760394,-0.5981205012255681,2324,2000,0,2272,2368,2272,2368
subgroup|generation_model|gpt-5.6-sol|direct|output_self_bits_per_byte|macro_within_level|alpha_z,0.3264119147122821,0.30241612344777297,0.350120545793907,2324,2000,0,2272,2368,2272,2368
subgroup|generation_model|gpt-5.6-sol|direct|output_self_bits_per_byte|macro_within_level|rho,0.28843011437925326,0.2674356016893738,0.30797309263548545,2324,2000,0,2272,2368,2272,2368
subgroup|generation_model|gpt-5.6-sol|direct|output_type_token_ratio|macro_within_level|alpha_z,0.1935356387801833,0.17019025687444572,0.21501513666288102,2324,2000,0,2272,2368,2272,2368
subgroup|generation_model|gpt-5.6-sol|direct|output_type_token_ratio|macro_within_level|rho,0.19370633515522215,0.17193649832750643,0.21323115829558992,2324,2000,0,2272,2368,2272,2368
subgroup|generation_model|gpt-5.6-sol|direct|output_words|macro_within_level|alpha_z,-0.5173810487872885,-0.5291789414502351,-0.5064790592780053,2324,2000,0,2272,2368,2272,2368
subgroup|generation_model|gpt-5.6-sol|direct|output_words|macro_within_level|rho,-0.6177795821446236,-0.6288676182021667,-0.605920298583902,2324,2000,0,2272,2368,2272,2368
subgroup|generation_model|gpt-5.6-sol|direct|prompt_bytes|macro_within_level|alpha_z,0.016057468502493656,-0.004030566371912169,0.03660499639661681,2324,2000,0,2272,2368,2272,2368
subgroup|generation_model|gpt-5.6-sol|direct|prompt_bytes|macro_within_level|rho,0.005075620583908888,-0.015528408878785765,0.02565589826716525,2324,2000,0,2272,2368,2272,2368
subgroup|generation_model|gpt-5.6-sol|direct|prompt_to_output_byte_ratio|macro_within_level|alpha_z,0.6939465273681031,0.6745357636993887,0.717565358478672,2324,2000,0,2272,2368,2272,2368
subgroup|generation_model|gpt-5.6-sol|direct|prompt_to_output_byte_ratio|macro_within_level|rho,0.7448495492499697,0.7349868271066275,0.754702728978089,2324,2000,0,2272,2368,2272,2368
subgroup|generation_model|gpt-5.6-sol|direct|prompt_words|macro_within_level|alpha_z,0.05237149938704131,0.03236971733517871,0.07270705038415794,2324,2000,0,2272,2368,2272,2368
subgroup|generation_model|gpt-5.6-sol|direct|prompt_words|macro_within_level|rho,0.03766141955041903,0.017980454370298327,0.05738693888691671,2324,2000,0,2272,2368,2272,2368
subgroup|generation_model|gpt-5.6-sol|direct|rouge_l_recall|macro_within_level|alpha_z,0.8471707165557094,0.836480598869884,0.8569161891879578,2324,2000,0,2272,2368,2272,2368
subgroup|generation_model|gpt-5.6-sol|direct|rouge_l_recall|macro_within_level|rho,0.8548216968385935,0.8475097173203635,0.8617569629683338,2324,2000,0,2272,2368,2272,2368
subgroup|generation_model|gpt-5.6-sol|direct|word_bigram_coverage|macro_within_level|alpha_z,0.7573365501728249,0.7421587596761361,0.7709320322426172,2324,2000,0,2272,2368,2272,2368
subgroup|generation_model|gpt-5.6-sol|direct|word_bigram_coverage|macro_within_level|rho,0.6994313946686075,0.6884720458366395,0.7103598712038088,2324,2000,0,2272,2368,2272,2368
subgroup|generation_model|gpt-5.6-sol|direct|word_token_coverage|macro_within_level|alpha_z,0.8523341548415104,0.8416620189996005,0.8620486562874442,2324,2000,0,2272,2368,2272,2368
subgroup|generation_model|gpt-5.6-sol|direct|word_token_coverage|macro_within_level|rho,0.8487963494805152,0.8405121158159489,0.8562855397118802,2324,2000,0,2272,2368,2272,2368
subgroup|generation_model|gpt-5.6-sol|direct|word_type_coverage|macro_within_level|alpha_z,0.8522478746869757,0.8424816452198056,0.8608384718594136,2324,2000,0,2272,2368,2272,2368
subgroup|generation_model|gpt-5.6-sol|direct|word_type_coverage|macro_within_level|rho,0.8411542323437899,0.833578641586216,0.8484240492397312,2324,2000,0,2272,2368,2272,2368
